MirGeneDB ID â–²,MiRBase ID,Family,Seed,5p accession,3p accession,Chromosome,Start,End,Strand,Node of origin (locus),Node of origin (family),3' NTU,UG,UGUG,CNNC,Bl,Br,Ey,Gi,Gl,He,In,Ki,Li,Mu,Ov,Pa,Sk,Sp,Te,Ut
Cmi-Let-7-P1d,None,LET-7,GAGGUAG,None,None,KI636213.1,67723,67789,#ERROR!,Gnathostomata,Bilateria,No,,,1,,,,,,,,,,,,,,,,
Cmi-Let-7-P2a1,None,LET-7,GAGGUAG,None,None,KI635961.1,560380,560450,-,Gnathostomata,Bilateria,Yes,,,1,,,,,,,,,,,,,,,,
Cmi-Let-7-P2a2,None,LET-7,GAGGUAG,None,None,KI635889.1,5353435,5353505,-,Gnathostomata,Bilateria,Yes,1,,,,,,,,,,,,,,,,,,
Cmi-Let-7-P2a4,None,LET-7,GAGGUAG,None,None,KI636238.1,143839,143909,-,Gnathostomata,Bilateria,Yes,,1,,,,,,,,,,,,,,,,,
Cmi-Let-7-P2b2,None,LET-7,GAGGUAG,None,None,KI635889.1,5352440,5352516,-,Gnathostomata,Bilateria,Yes,,,1,,,,,,,,,,,,,,,,
Cmi-Let-7-P2b4,None,LET-7,GAGGUAG,None,None,KI636238.1,142747,142824,-,Gnathostomata,Bilateria,Yes,,,1,,,,,,,,,,,,,,,,
Cmi-Let-7-P2c1,None,LET-7,GAGGUAG,None,None,KI635961.1,559323,559397,-,Gnathostomata,Bilateria,Yes,,,1,,,,,,,,,,,,,,,,
Cmi-Let-7-P2c2,None,LET-7,GAGGUAG,None,None,KI635893.1,401393,401470,#ERROR!,Gnathostomata,Bilateria,Yes,,,1,,,,,,,,,,,,,,,,
Cmi-Let-7-P2c3,None,LET-7,GAGGUAG,None,None,KI635869.1,2687989,2688067,-,Gnathostomata,Bilateria,Yes,,,1,,,,,,,,,,,,,,,,
Cmi-Let-7-P2c4,None,LET-7,GAGGUAG,None,None,KI635924.1,186817,186889,-,Gnathostomata,Bilateria,Yes,,,1,,,,,,,,,,,,,,,,
Cmi-Mir-1-P1,None,MIR-1,GGAAUGU,None,None,KI635943.1,1405336,1405395,-,Gnathostomata,Bilateria,No,,,1,,,,,,,,,,,,,,,,
Cmi-Mir-1-P3,None,MIR-1,GGAAUGU,None,None,KI635860.1,8514612,8514672,#ERROR!,Gnathostomata,Bilateria,No,,,1,,,,,,,,,,,,,,,,
Cmi-Mir-1-P4,None,MIR-1,GGAAUGU,None,None,KI635975.1,547780,547839,#ERROR!,Gnathostomata,Bilateria,No,,,1,,,,,,,,,,,,,,,,
Cmi-Mir-7-P1,None,MIR-7,GGAAGAC,None,None,KI636168.1,306565,306624,#ERROR!,Gnathostomata,Bilateria,No,1,,1,,,,,,,,,,,,,,,,
Cmi-Mir-7-P2,None,MIR-7,GGAAGAC,None,None,KI636027.1,458056,458117,#ERROR!,Gnathostomata,Bilateria,No,,,1,,,,,,,,,,,,,,,,
Cmi-Mir-7-P4,None,MIR-7,GGAAGAC,None,None,KI635939.1,2080169,2080230,#ERROR!,Gnathostomata,Bilateria,No,,,1,,,,,,,,,,,,,,,,
Cmi-Mir-8-P1a,None,MIR-8,AAUACUG,None,None,KI636030.1,466250,466309,-,Vertebrata,Bilateria,No,1,1,1,,,,,,,,,,,,,,,,
Cmi-Mir-8-P2a,None,MIR-8,AACACUG,None,None,KI636030.1,464118,464178,-,Vertebrata,Bilateria,No,1,,,,,,,,,,,,,,,,,,
Cmi-Mir-8-P3a,None,MIR-8,AAUACUG,None,None,KI636030.1,458844,458902,-,Vertebrata,Bilateria,No,,,,,,,,,,,,,,,,,,,
Cmi-Mir-9-P1,None,MIR-9,CUUUGGU,None,None,KI636065.1,729079,729138,-,Gnathostomata,Bilateria,No,,,1,,,,,,,,,,,,,,,,
Cmi-Mir-9-P2,None,MIR-9,CUUUGGU,None,None,KI635881.1,146317,146377,-,Gnathostomata,Bilateria,No,,1,1,,,,,,,,,,,,,,,,
Cmi-Mir-9-P4,None,MIR-9,CUUUGGU,None,None,KI635918.1,2272447,2272507,#ERROR!,Gnathostomata,Bilateria,No,,1,1,,,,,,,,,,,,,,,,
Cmi-Mir-10-P1b-v1,None,MIR-10,ACCCUGU,None,None,KI635868.1,5155562,5155620,#ERROR!,Gnathostomata,Eumetazoa,No,,,1,,,,,,,,,,,,,,,,
Cmi-Mir-10-P1b-v2,None,MIR-10,CCCUGUA,None,None,KI635868.1,5155563,5155619,#ERROR!,Gnathostomata,Eumetazoa,No,,,,,,,,,,,,,,,,,,,
Cmi-Mir-10-P1c-v1,None,MIR-10,ACCCUGU,None,None,KI635976.1,1292315,1292377,#ERROR!,Gnathostomata,Eumetazoa,No,,,1,,,,,,,,,,,,,,,,
Cmi-Mir-10-P1c-v2,None,MIR-10,CCCUGUA,None,None,KI635976.1,1292316,1292376,#ERROR!,Gnathostomata,Eumetazoa,No,1,,,,,,,,,,,,,,,,,,
Cmi-Mir-10-P1d-v1,None,MIR-10,ACCCUGU,None,None,KI636119.1,284355,284416,#ERROR!,Gnathostomata,Eumetazoa,No,,,1,,,,,,,,,,,,,,,,
Cmi-Mir-10-P1d-v2,None,MIR-10,CCCUGUA,None,None,KI636119.1,284356,284415,#ERROR!,Gnathostomata,Eumetazoa,No,,,,,,,,,,,,,,,,,,,
Cmi-Mir-10-P2c,None,MIR-10,ACCCGUA,None,None,AAVX02056156.1,385,443,#ERROR!,Gnathostomata,Eumetazoa,No,,1,,,,,,,,,,,,,,,,,
Cmi-Mir-10-P2d,None,MIR-10,ACCCGUA,None,None,KI636213.1,67012,67069,#ERROR!,Gnathostomata,Eumetazoa,No,,,,,,,,,,,,,,,,,,,
Cmi-Mir-10-P3d,None,MIR-10,CCCUGAG,None,None,KI636213.1,89955,90016,#ERROR!,Gnathostomata,Eumetazoa,No,1,1,1,,,,,,,,,,,,,,,,
Cmi-Mir-15-P1a,None,MIR-15,AGCAGCA,None,None,KI636198.1,77762,77820,-,Gnathostomata,Olfactores,No,,,,,,,,,,,,,,,,,,,
Cmi-Mir-15-P1b,None,MIR-15,AGCAGCA,None,None,KI635855.1,15680972,15681031,#ERROR!,Gnathostomata,Olfactores,No,,,,,,,,,,,,,,,,,,,
Cmi-Mir-15-P1c,None,MIR-15,AGCAGCA,None,None,KI635856.1,9695363,9695423,-,Gnathostomata,Olfactores,No,,,,,,,,,,,,,,,,,,,
Cmi-Mir-15-P2a,None,MIR-15,AGCAGCA,None,None,KI636198.1,77560,77624,-,Gnathostomata,Olfactores,Unknown,1,,1,,,,,,,,,,,,,,,,
Cmi-Mir-15-P2b,None,MIR-15,AGCAGCA,None,None,KI635855.1,15681135,15681203,#ERROR!,Gnathostomata,Olfactores,No,1,,1,,,,,,,,,,,,,,,,
Cmi-Mir-15-P2c,None,MIR-15,AGCAGCA,None,None,KI635856.1,9695185,9695246,-,Gnathostomata,Olfactores,No,1,,1,,,,,,,,,,,,,,,,
Cmi-Mir-17-P1a,None,MIR-17,AAAGUGC,None,None,KI635908.1,306927,306985,#ERROR!,Gnathostomata,Vertebrata,No,,1,,,,,,,,,,,,,,,,,
Cmi-Mir-17-P1b,None,MIR-17,AAAGUGC,None,None,KI635855.1,9354316,9354375,#ERROR!,Gnathostomata,Vertebrata,No,1,,1,,,,,,,,,,,,,,,,
Cmi-Mir-17-P1c,None,MIR-17,AAAGUGC,None,None,KI635856.1,9595929,9595986,-,Gnathostomata,Vertebrata,No,1,,,,,,,,,,,,,,,,,,
Cmi-Mir-17-P1d,None,MIR-17,AAAGUGC,None,None,KI637193.1,3339,3400,-,Gnathostomata,Vertebrata,Unknown,,,1,,,,,,,,,,,,,,,,
Cmi-Mir-17-P2a,None,MIR-17,AAGGUGC,None,None,KI635908.1,307076,307140,#ERROR!,Gnathostomata,Vertebrata,Unknown,,,1,,,,,,,,,,,,,,,,
Cmi-Mir-17-P2c,None,MIR-17,AAGGUGC,None,None,KI635856.1,9595761,9595825,-,Gnathostomata,Vertebrata,Unknown,1,,1,,,,,,,,,,,,,,,,
Cmi-Mir-17-P3b,None,MIR-17,AAAGUGC,None,None,KI635855.1,9356646,9356708,#ERROR!,Gnathostomata,Vertebrata,No,1,,,,,,,,,,,,,,,,,,
Cmi-Mir-17-P4a,None,MIR-17,AAAGUGC,None,None,KI635908.1,307386,307446,#ERROR!,Gnathostomata,Vertebrata,No,,1,1,,,,,,,,,,,,,,,,
Cmi-Mir-17-P4b,None,MIR-17,AAAGUGC,None,None,KI635855.1,9358118,9358178,#ERROR!,Gnathostomata,Vertebrata,No,1,,1,,,,,,,,,,,,,,,,
Cmi-Mir-17-P4c,None,MIR-17,AAAGUGC,None,None,KI635856.1,9595093,9595152,-,Gnathostomata,Vertebrata,Unknown,1,,,,,,,,,,,,,,,,,,
Cmi-Mir-17-P4d,None,MIR-17,AAAGUGC,None,None,KI637193.1,1684,1744,-,Gnathostomata,Vertebrata,No,,1,1,,,,,,,,,,,,,,,,
Cmi-Mir-19-P1a-v1,None,MIR-19,GUGCAAA,None,None,KI635908.1,307245,307302,#ERROR!,Gnathostomata,Vertebrata,No,1,,1,,,,,,,,,,,,,,,,
Cmi-Mir-19-P1a-v2,None,MIR-19,UGUGCAA,None,None,KI635908.1,307245,307302,#ERROR!,Gnathostomata,Vertebrata,No,1,,1,,,,,,,,,,,,,,,,
Cmi-Mir-19-P1c,None,MIR-19,GUGCAAA,None,None,KI635856.1,9595282,9595339,-,Gnathostomata,Vertebrata,No,1,,1,,,,,,,,,,,,,,,,
Cmi-Mir-19-P2a,None,MIR-19,GUGCAAA,None,None,KI635908.1,307499,307558,#ERROR!,Gnathostomata,Vertebrata,No,,1,1,,,,,,,,,,,,,,,,
Cmi-Mir-19-P2b,None,MIR-19,GUGCAAA,None,None,KI635855.1,9358429,9358492,#ERROR!,Gnathostomata,Vertebrata,No,,,1,,,,,,,,,,,,,,,,
Cmi-Mir-19-P2c,None,MIR-19,GUGCAAA,None,None,KI635856.1,9594951,9595013,-,Gnathostomata,Vertebrata,No,,1,,,,,,,,,,,,,,,,,
Cmi-Mir-19-P2d,None,MIR-19,GUGCAAA,None,None,KI637757.1,1827,1885,#ERROR!,Gnathostomata,Vertebrata,No,,,1,,,,,,,,,,,,,,,,
Cmi-Mir-21,None,MIR-21,AGCUUAU,None,None,KI636009.1,435444,435503,-,Vertebrata,Vertebrata,No,,1,,,,,,,,,,,,,,,,,
Cmi-Mir-22-P1a,None,MIR-22,AGCUGCC,None,None,KI636069.1,354886,354945,#ERROR!,Vertebrata,Bilateria,No,1,1,,,,,,,,,,,,,,,,,
Cmi-Mir-22-P1b,None,MIR-22,AGCUGCC,None,None,KI635901.1,4512697,4512759,#ERROR!,Vertebrata,Bilateria,No,,1,1,,,,,,,,,,,,,,,,
Cmi-Mir-23-P2,None,MIR-23,UCACAUU,None,None,KI635929.1,195324,195383,#ERROR!,Gnathostomata,Vertebrata,No,1,1,1,,,,,,,,,,,,,,,,
Cmi-Mir-23-P3a,None,MIR-23,UCACAUU,None,None,KI635928.1,353511,353570,#ERROR!,C. milii,Vertebrata,No,1,,,,,,,,,,,,,,,,,,
Cmi-Mir-23-P3b,None,MIR-23,UCACAUU,None,None,KI635884.1,1081809,1081868,#ERROR!,C. milii,Vertebrata,No,1,,,,,,,,,,,,,,,,,,
Cmi-Mir-23-P4,None,MIR-23,UCACAUU,None,None,KI635918.1,1564922,1564986,#ERROR!,Gnathostomata,Vertebrata,No,1,,1,,,,,,,,,,,,,,,,
Cmi-Mir-24-P2,None,MIR-24,GGCUCAG,None,None,KI635929.1,200598,200657,#ERROR!,Gnathostomata,Vertebrata,Yes,,,,,,,,,,,,,,,,,,,
Cmi-Mir-24-P3,None,MIR-24,GGCUCAG,None,None,KI635928.1,356764,356823,#ERROR!,Gnathostomata,Vertebrata,Yes,,,1,,,,,,,,,,,,,,,,
Cmi-Mir-26-P1,None,MIR-26,UCAAGUA,None,None,KI636306.1,14073,14133,-,Gnathostomata,Vertebrata,No,1,1,,,,,,,,,,,,,,,,,
Cmi-Mir-27-P2,None,MIR-27,UCACAGU,None,None,KI635929.1,195561,195624,#ERROR!,Gnathostomata,Vertebrata,No,,1,,,,,,,,,,,,,,,,,
Cmi-Mir-27-P3,None,MIR-27,UCACAGU,None,None,KI635928.1,354256,354321,#ERROR!,Gnathostomata,Vertebrata,No,,,,,,,,,,,,,,,,,,,
Cmi-Mir-27-P4,None,MIR-27,UCACAGU,None,None,KI635918.1,1565842,1565904,#ERROR!,Gnathostomata,Vertebrata,Yes,,,,,,,,,,,,,,,,,,,
Cmi-Mir-29-P1b,None,MIR-29,AGCACCA,None,None,KI635871.1,459536,459598,-,Gnathostomata,Bilateria,No,,1,1,,,,,,,,,,,,,,,,
Cmi-Mir-29-P1d,None,MIR-29,AGCACCA,None,None,KI635924.1,3566301,3566365,-,Gnathostomata,Bilateria,No,,,1,,,,,,,,,,,,,,,,
Cmi-Mir-29-P2a-v1,None,MIR-29,AGCACCA,None,None,KI635869.1,5937584,5937642,#ERROR!,Gnathostomata,Bilateria,No,,,1,,,,,,,,,,,,,,,,
Cmi-Mir-29-P2a-v2,None,MIR-29,UAGCACC,None,None,KI635869.1,5937584,5937642,#ERROR!,Gnathostomata,Bilateria,No,,,1,,,,,,,,,,,,,,,,
Cmi-Mir-29-P2b,None,MIR-29,AGCACCA,None,None,KI635871.1,457360,457419,-,Gnathostomata,Bilateria,No,,,1,,,,,,,,,,,,,,,,
Cmi-Mir-29-P2d,None,MIR-29,AGCACCA,None,None,KI635924.1,3565880,3565939,-,Gnathostomata,Bilateria,No,,,1,,,,,,,,,,,,,,,,
Cmi-Mir-30-P1a,None,MIR-30,GUAAACA,None,None,KI636098.1,106183,106246,-,Gnathostomata,Vertebrata,No,,,,,,,,,,,,,,,,,,,
Cmi-Mir-30-P1b,None,MIR-30,GUAAACA,None,None,KI635974.1,369842,369903,#ERROR!,Gnathostomata,Vertebrata,No,,1,1,,,,,,,,,,,,,,,,
Cmi-Mir-30-P1d3,None,MIR-30,GUAAACA,None,None,KI635890.1,6103023,6103085,#ERROR!,Chondrichthyes,Vertebrata,No,,,,,,,,,,,,,,,,,,,
Cmi-Mir-30-P1d4,None,MIR-30,GUAAACA,None,None,KI635890.1,6103426,6103488,#ERROR!,Chondrichthyes,Vertebrata,No,,1,1,,,,,,,,,,,,,,,,
Cmi-Mir-30-P2a,None,MIR-30,GUAAACA,None,None,KI636098.1,102708,102768,-,Gnathostomata,Vertebrata,No,,,1,,,,,,,,,,,,,,,,
Cmi-Mir-30-P2b,None,MIR-30,GUAAACA,None,None,KI635974.1,383389,383450,#ERROR!,Gnathostomata,Vertebrata,No,,1,1,,,,,,,,,,,,,,,,
Cmi-Mir-30-P2d,None,MIR-30,GUAAACA,None,None,KI635890.1,6106040,6106099,#ERROR!,Gnathostomata,Vertebrata,No,1,1,1,,,,,,,,,,,,,,,,
Cmi-Mir-31,None,MIR-31,GGCAAGA,None,None,KI635929.1,1945683,1945740,#ERROR!,Bilateria,Bilateria,Yes,,1,1,,,,,,,,,,,,,,,,
Cmi-Mir-32,None,MIR-32,AUUGCAC,None,None,KI635909.1,862617,862678,-,Gnathostomata,Gnathostomata,No,1,1,,,,,,,,,,,,,,,,,
Cmi-Mir-33-P1,None,MIR-33,UGCAUUG,None,None,KI636001.1,873870,873929,-,Gnathostomata,Bilateria,No,,1,1,,,,,,,,,,,,,,,,
Cmi-Mir-33-P3,None,MIR-33,UGCAUUG,None,None,KI636153.1,47935,47993,-,Gnathostomata,Bilateria,No,1,1,,,,,,,,,,,,,,,,,
Cmi-Mir-34-P1,None,MIR-34,GGCAGUG,None,None,KI635947.1,488153,488216,-,Gnathostomata,Bilateria,No,1,1,,,,,,,,,,,,,,,,,
Cmi-Mir-34-P2a,None,MIR-34,GGCAGUG,None,None,KI636438.1,16309,16368,-,Gnathostomata,Bilateria,No,1,,1,,,,,,,,,,,,,,,,
Cmi-Mir-34-P2b,None,MIR-34,GGCAGUG,None,None,KI636438.1,15023,15082,-,Gnathostomata,Bilateria,No,,,,,,,,,,,,,,,,,,,
Cmi-Mir-34-P3a,None,MIR-34,GGCAGUG,None,None,KI635876.1,5893708,5893771,#ERROR!,Gnathostomata,Bilateria,Unknown,,1,,,,,,,,,,,,,,,,,
Cmi-Mir-34-P3b,None,MIR-34,GGCAGUG,None,None,KI635876.1,5894621,5894682,#ERROR!,Gnathostomata,Bilateria,Unknown,1,,,,,,,,,,,,,,,,,,
Cmi-Mir-34-P3c,None,MIR-34,GGCAGUG,None,None,KI635876.1,5894760,5894821,#ERROR!,Gnathostomata,Bilateria,No,1,1,,,,,,,,,,,,,,,,,
Cmi-Mir-34-P3d,None,MIR-34,GGCAGUG,None,None,KI635876.1,5895211,5895269,#ERROR!,Gnathostomata,Bilateria,No,1,,1,,,,,,,,,,,,,,,,
Cmi-Mir-92-P1a,None,MIR-92,AUUGCAC,None,None,KI635908.1,307621,307678,#ERROR!,Gnathostomata,Bilateria,No,,,,,,,,,,,,,,,,,,,
Cmi-Mir-92-P1b,None,MIR-92,AUUGCAC,None,None,KI635855.1,9359483,9359541,#ERROR!,Gnathostomata,Bilateria,No,,,,,,,,,,,,,,,,,,,
Cmi-Mir-92-P1c,None,MIR-92,AUUGCAC,None,None,KI635856.1,9594788,9594849,-,Gnathostomata,Bilateria,No,,,1,,,,,,,,,,,,,,,,
Cmi-Mir-92-P1d,None,MIR-92,AUUGCAC,None,None,KI639246.1,1167,1230,#ERROR!,Gnathostomata,Bilateria,No,1,1,1,,,,,,,,,,,,,,,,
Cmi-Mir-92-P2a,None,MIR-92,AUUGCAC,None,None,KI635904.1,4108747,4108805,-,Gnathostomata,Bilateria,Unknown,,,1,,,,,,,,,,,,,,,,
Cmi-Mir-92-P2b,None,MIR-92,AUUGCAC,None,None,KI635855.1,9359771,9359830,#ERROR!,Gnathostomata,Bilateria,No,,,1,,,,,,,,,,,,,,,,
Cmi-Mir-92-P2c,None,MIR-92,AUUGCAC,None,None,KI635856.1,9594643,9594704,-,Gnathostomata,Bilateria,No,,,,,,,,,,,,,,,,,,,
Cmi-Mir-92-P2d,None,MIR-92,AUUGCAC,None,None,KI637757.1,5709,5768,#ERROR!,Gnathostomata,Bilateria,Yes,,,1,,,,,,,,,,,,,,,,
Cmi-Mir-96-P1,None,MIR-96,UUGGCAC,None,None,KI635871.1,2247622,2247685,#ERROR!,Bilateria,Bilateria,No,,,1,,,,,,,,,,,,,,,,
Cmi-Mir-96-P2,None,MIR-96,UUGGCAA,None,None,KI635871.1,2248923,2248987,#ERROR!,Bilateria,Bilateria,No,,,,,,,,,,,,,,,,,,,
Cmi-Mir-96-P3-v1,None,MIR-96,AUGGCAC,None,None,KI635871.1,2243506,2243567,#ERROR!,Bilateria,Bilateria,No,,1,,,,,,,,,,,,,,,,,
Cmi-Mir-96-P3-v2,None,MIR-96,UGGCACU,None,None,KI635871.1,2243507,2243566,#ERROR!,Bilateria,Bilateria,No,,,,,,,,,,,,,,,,,,,
Cmi-Mir-101-P1-v1,None,MIR-101,ACAGUAC,None,None,KI635887.1,6427947,6428005,#ERROR!,Vertebrata,Vertebrata,No,,1,1,,,,,,,,,,,,,,,,
Cmi-Mir-101-P1-v2,None,MIR-101,UACAGUA,None,None,KI635887.1,6427948,6428004,#ERROR!,Vertebrata,Vertebrata,No,1,,,,,,,,,,,,,,,,,,
Cmi-Mir-101-P2-v1,None,MIR-101,ACAGUAC,None,None,KI635975.1,375730,375787,-,Vertebrata,Vertebrata,No,1,,,,,,,,,,,,,,,,,,
Cmi-Mir-101-P2-v2,None,MIR-101,UACAGUA,None,None,KI635975.1,375731,375786,-,Vertebrata,Vertebrata,No,,,,,,,,,,,,,,,,,,,
Cmi-Mir-103-P1,None,MIR-103,GCAGCAU,None,None,KI635857.1,4271538,4271597,#ERROR!,Gnathostomata,Deuterostomia,No,,,1,,,,,,,,,,,,,,,,
Cmi-Mir-103-P2,None,MIR-103,GCAGCAU,None,None,KI635913.1,2726514,2726573,#ERROR!,Gnathostomata,Deuterostomia,No,1,,1,,,,,,,,,,,,,,,,
Cmi-Mir-103-P4,None,MIR-103,GCAGCAU,None,None,KI635998.1,913584,913643,-,Gnathostomata,Deuterostomia,No,,,1,,,,,,,,,,,,,,,,
Cmi-Mir-122,None,MIR-122,GGAGUGU,None,None,KI635957.1,1427599,1427657,#ERROR!,Vertebrata,Vertebrata,No,,,1,,,,,,,,,,,,,,,,
Cmi-Mir-124-P1-v1,None,MIR-124,AAGGCAC,None,None,KI635902.1,2043233,2043291,#ERROR!,Gnathostomata,Bilateria,No,1,,1,,,,,,,,,,,,,,,,
Cmi-Mir-124-P1-v2,None,MIR-124,UAAGGCA,None,None,KI635902.1,2043233,2043291,#ERROR!,Gnathostomata,Bilateria,No,1,,1,,,,,,,,,,,,,,,,
Cmi-Mir-124-P2-v1,None,MIR-124,AAGGCAC,None,None,KI635978.1,1048188,1048246,#ERROR!,Gnathostomata,Bilateria,No,,,1,,,,,,,,,,,,,,,,
Cmi-Mir-124-P2-v2,None,MIR-124,UAAGGCA,None,None,KI635978.1,1048188,1048246,#ERROR!,Gnathostomata,Bilateria,No,,,1,,,,,,,,,,,,,,,,
Cmi-Mir-124-P3-v1,None,MIR-124,AAGGCAC,None,None,KI635860.1,243937,243996,-,Gnathostomata,Bilateria,No,1,,1,,,,,,,,,,,,,,,,
Cmi-Mir-124-P3-v2,None,MIR-124,UAAGGCA,None,None,KI635860.1,243937,243996,-,Gnathostomata,Bilateria,No,1,,1,,,,,,,,,,,,,,,,
Cmi-Mir-124-P4,None,MIR-124,AAGGCAC,None,None,KI635890.1,3136753,3136811,#ERROR!,Gnathostomata,Bilateria,No,,,1,,,,,,,,,,,,,,,,
Cmi-Mir-126-P2-v1,None,MIR-126,CGUACCG,None,None,KI635931.1,3049871,3049929,#ERROR!,Vertebrata,Olfactores,No,,1,1,,,,,,,,,,,,,,,,
Cmi-Mir-126-P2-v2,None,MIR-126,AUUAUUA,None,None,KI635931.1,3049871,3049929,#ERROR!,Vertebrata,Olfactores,No,,,1,,,,,,,,,,,,,,,,
Cmi-Mir-126-P2-v3,None,MIR-126,UCGUACC,None,None,KI635931.1,3049871,3049929,#ERROR!,Vertebrata,Olfactores,No,,1,1,,,,,,,,,,,,,,,,
Cmi-Mir-126-P4,None,MIR-126,CGUACCG,None,None,KI636256.1,75201,75259,-,Vertebrata,Olfactores,No,1,1,1,,,,,,,,,,,,,,,,
Cmi-Mir-128-P1,None,MIR-128,CACAGUG,None,None,KI635914.1,296067,296124,-,Gnathostomata,Vertebrata,No,,1,1,,,,,,,,,,,,,,,,
Cmi-Mir-128-P2,None,MIR-128,CACAGUG,None,None,KI635899.1,2155576,2155631,#ERROR!,Gnathostomata,Vertebrata,No,1,,1,,,,,,,,,,,,,,,,
Cmi-Mir-128-P3,None,MIR-128,CACAGUG,None,None,AAVX02045283.1,2674,2732,#ERROR!,Gnathostomata,Vertebrata,No,1,,1,,,,,,,,,,,,,,,,
Cmi-Mir-129-P2,None,MIR-129,UUUUUGC,None,None,KI636866.1,1643,1708,#ERROR!,Gnathostomata,Chordata,No,,1,1,,,,,,,,,,,,,,,,
Cmi-Mir-129-P4,None,MIR-129,UUUUUGC,None,None,KI637116.1,4119,4183,#ERROR!,Gnathostomata,Chordata,No,,1,1,,,,,,,,,,,,,,,,
Cmi-Mir-130-P1a,None,MIR-130,AGUGCAA,None,None,AAVX02053842.1,1561,1620,-,Gnathostomata,Vertebrata,No,,,1,,,,,,,,,,,,,,,,
Cmi-Mir-130-P1b,None,MIR-130,AGUGCAA,None,None,KI636009.1,735551,735612,#ERROR!,Gnathostomata,Vertebrata,No,,,,,,,,,,,,,,,,,,,
Cmi-Mir-130-P2a,None,MIR-130,CUGACGA,None,None,AAVX02053842.1,894,951,-,Gnathostomata,Vertebrata,No,,,1,,,,,,,,,,,,,,,,
Cmi-Mir-130-P2b,None,MIR-130,AGUGCAA,None,None,KI636009.1,739328,739389,#ERROR!,Gnathostomata,Vertebrata,No,,1,1,,,,,,,,,,,,,,,,
Cmi-Mir-130-P3a,None,MIR-130,AGUGCAA,None,None,KI636069.1,51521,51586,-,Gnathostomata,Vertebrata,No,,,1,,,,,,,,,,,,,,,,
Cmi-Mir-130-P3b,None,MIR-130,AGUGCAA,None,None,KI636009.1,742939,743003,#ERROR!,Gnathostomata,Vertebrata,No,,,1,,,,,,,,,,,,,,,,
Cmi-Mir-130-P4a,None,MIR-130,AGUGCAA,None,None,KI636069.1,50385,50445,-,Gnathostomata,Vertebrata,No,,1,1,,,,,,,,,,,,,,,,
Cmi-Mir-132-P1,None,MIR-132,AACAGUC,None,None,KI635901.1,1951348,1951406,-,Vertebrata,Vertebrata,No,,,1,,,,,,,,,,,,,,,,
Cmi-Mir-132-P2,None,MIR-132,AACAGUC,None,None,KI635901.1,1954345,1954406,-,Vertebrata,Vertebrata,No,,1,,,,,,,,,,,,,,,,,
Cmi-Mir-133-P1-v1,None,MIR-133,UUGGUCC,None,None,KI635943.1,1400856,1400915,-,Gnathostomata,Bilateria,No,,,1,,,,,,,,,,,,,,,,
Cmi-Mir-133-P1-v2,None,MIR-133,UGGUCCC,None,None,KI635943.1,1400856,1400915,-,Gnathostomata,Bilateria,No,,,1,,,,,,,,,,,,,,,,
Cmi-Mir-133-P3-v1,None,MIR-133,UUGGUCC,None,None,KI635860.1,8525773,8525832,#ERROR!,Gnathostomata,Bilateria,No,,,1,,,,,,,,,,,,,,,,
Cmi-Mir-133-P3-v2,None,MIR-133,UGGUCCC,None,None,KI635860.1,8525773,8525832,#ERROR!,Gnathostomata,Bilateria,No,,,1,,,,,,,,,,,,,,,,
Cmi-Mir-133-P4-v1,None,MIR-133,UUGGUCC,None,None,KI635975.1,553219,553278,#ERROR!,Gnathostomata,Bilateria,No,,,1,,,,,,,,,,,,,,,,
Cmi-Mir-133-P4-v2,None,MIR-133,UGGUCCC,None,None,KI635975.1,553219,553278,#ERROR!,Gnathostomata,Bilateria,No,,,1,,,,,,,,,,,,,,,,
Cmi-Mir-135-P1,None,MIR-135,AUGGCUU,None,None,KI635869.1,7284973,7285032,-,Gnathostomata,Chordata,No,,,1,,,,,,,,,,,,,,,,
Cmi-Mir-135-P2,None,MIR-135,AUGGCUU,None,None,KI636091.1,65455,65514,-,Gnathostomata,Chordata,No,,,1,,,,,,,,,,,,,,,,
Cmi-Mir-135-P4,None,MIR-135,AUGGCUU,None,None,KI635924.1,1082501,1082562,#ERROR!,Gnathostomata,Chordata,No,,,,,,,,,,,,,,,,,,,
Cmi-Mir-137-P1,None,MIR-137,UAUUGCU,None,None,KI635861.1,6204530,6204588,#ERROR!,Gnathostomata,Bilateria,No,,,1,,,,,,,,,,,,,,,,
Cmi-Mir-138-P1,None,MIR-138,GCUGGUG,None,None,KI635937.1,73856,73915,#ERROR!,Vertebrata,Vertebrata,Unknown,1,,1,,,,,,,,,,,,,,,,
Cmi-Mir-138-P2,None,MIR-138,GCUGGUG,None,None,KI636043.1,666124,666190,-,Vertebrata,Vertebrata,No,,,1,,,,,,,,,,,,,,,,
Cmi-Mir-139,None,MIR-139,CUACAGU,None,None,KI637794.1,117,174,-,Gnathostomata,Gnathostomata,No,1,,,,,,,,,,,,,,,,,,
Cmi-Mir-140-P1-v1,None,MIR-140,CCACAGG,None,None,KI635866.1,3585272,3585333,-,Gnathostomata,Vertebrata,No,,,1,,,,,,,,,,,,,,,,
Cmi-Mir-140-P1-v2,None,MIR-140,ACCACAG,None,None,KI635866.1,3585272,3585333,-,Gnathostomata,Vertebrata,No,,,1,,,,,,,,,,,,,,,,
Cmi-Mir-142-P1-v1,None,MIR-142,AUAAAGU,None,None,KI635901.1,108538,108595,-,Gnathostomata,Vertebrata,No,,,1,,,,,,,,,,,,,,,,
Cmi-Mir-142-P1-v2,None,MIR-142,UAGUGUU,None,None,KI635901.1,108538,108595,-,Gnathostomata,Vertebrata,No,,,1,,,,,,,,,,,,,,,,
Cmi-Mir-142-P1-v3,None,MIR-142,GUAGUGU,None,None,KI635901.1,108538,108595,-,Gnathostomata,Vertebrata,No,,,1,,,,,,,,,,,,,,,,
Cmi-Mir-142-P1-v4,None,MIR-142,CCAUAAA,None,None,KI635901.1,108536,108597,-,Gnathostomata,Vertebrata,No,,,,,,,,,,,,,,,,,,,
Cmi-Mir-143,None,MIR-143,GAGAUGA,None,None,KI636010.1,209440,209494,-,Vertebrata,Vertebrata,Yes,,,1,,,,,,,,,,,,,,,,
Cmi-Mir-144,None,MIR-144,GAUAUCA,None,None,KI635901.1,2886912,2886970,-,Vertebrata,Vertebrata,No,,,1,,,,,,,,,,,,,,,,
Cmi-Mir-145,None,MIR-145,UCCAGUU,None,None,KI636010.1,208213,208272,-,Vertebrata,Vertebrata,No,,,1,,,,,,,,,,,,,,,,
Cmi-Mir-146-P1,None,MIR-146,GAGAACU,None,None,KI636206.1,199369,199432,-,Gnathostomata,Vertebrata,Unknown,,,1,,,,,,,,,,,,,,,,
Cmi-Mir-146-P2,None,MIR-146,GAGAACU,None,None,KI635913.1,2268945,2269010,#ERROR!,Gnathostomata,Vertebrata,Yes,,,1,,,,,,,,,,,,,,,,
Cmi-Mir-146-P4,None,MIR-146,GAGAACU,None,None,KI635873.1,1678390,1678453,-,Gnathostomata,Vertebrata,No,,,1,,,,,,,,,,,,,,,,
Cmi-Mir-147,None,MIR-147,UGUGCGG,None,None,KI635859.1,1213249,1213306,-,Vertebrata,Vertebrata,Yes,,,,,,,,,,,,,,,,,,,
Cmi-Mir-148-P1,None,MIR-148,CAGUGCA,None,None,KI635933.1,1745993,1746051,#ERROR!,Gnathostomata,Vertebrata,No,,,,,,,,,,,,,,,,,,,
Cmi-Mir-148-P2,None,MIR-148,CAGUGCA,None,None,KI635868.1,5439530,5439588,#ERROR!,Gnathostomata,Vertebrata,No,,,,,,,,,,,,,,,,,,,
Cmi-Mir-148-P3,None,MIR-148,CAGUGCA,None,None,KI635976.1,1771379,1771440,#ERROR!,Gnathostomata,Vertebrata,No,1,,,,,,,,,,,,,,,,,,
Cmi-Mir-148-P4,None,MIR-148,CAGUGCA,None,None,KI638125.1,5404,5461,-,Gnathostomata,Vertebrata,No,1,,1,,,,,,,,,,,,,,,,
Cmi-Mir-150,None,MIR-150,CUCCCAA,None,None,KI636127.1,429017,429076,-,Gnathostomata,Gnathostomata,No,,,,,,,,,,,,,,,,,,,
Cmi-Mir-153-P1,None,MIR-153,UGCAUAG,None,None,KI636064.1,217179,217238,#ERROR!,Gnathostomata,Bilateria,No,,,1,,,,,,,,,,,,,,,,
Cmi-Mir-153-P2,None,MIR-153,UGCAUAG,None,None,KI636142.1,175318,175376,-,Gnathostomata,Bilateria,No,,,1,,,,,,,,,,,,,,,,
Cmi-Mir-153-P4,None,MIR-153,UGCAUAG,None,None,KI636116.1,298946,299005,-,Gnathostomata,Bilateria,No,,1,,,,,,,,,,,,,,,,,
Cmi-Mir-155,None,MIR-155,UAAUGCU,None,None,KI636076.1,284932,284992,-,Vertebrata,Vertebrata,No,,1,,,,,,,,,,,,,,,,,
Cmi-Mir-181-P1a,None,MIR-181,ACAUUCA,None,None,KI635861.1,13132643,13132704,#ERROR!,Gnathostomata,Vertebrata,No,1,,1,,,,,,,,,,,,,,,,
Cmi-Mir-181-P1b,None,MIR-181,ACAUUCA,None,None,KI636038.1,924893,924955,-,Gnathostomata,Vertebrata,No,1,1,,,,,,,,,,,,,,,,,
Cmi-Mir-181-P1c,None,MIR-181,ACAUUCA,None,None,KI636034.1,193153,193212,#ERROR!,Gnathostomata,Vertebrata,No,1,,,,,,,,,,,,,,,,,,
Cmi-Mir-181-P2a,None,MIR-181,ACAUUCA,None,None,KI635861.1,13132847,13132907,#ERROR!,Gnathostomata,Vertebrata,No,,,,,,,,,,,,,,,,,,,
Cmi-Mir-181-P2b,None,MIR-181,ACAUUCA,None,None,KI636038.1,923264,923325,-,Gnathostomata,Vertebrata,Unknown,,,1,,,,,,,,,,,,,,,,
Cmi-Mir-181-P2c,None,MIR-181,ACAUUCA,None,None,KI636034.1,193682,193742,#ERROR!,Gnathostomata,Vertebrata,No,1,1,1,,,,,,,,,,,,,,,,
Cmi-Mir-184,None,MIR-184,GGACGGA,None,None,KI635859.1,480425,480484,#ERROR!,Bilateria,Bilateria,No,,,1,,,,,,,,,,,,,,,,
Cmi-Mir-190-P1,None,MIR-190,GAUAUGU,None,None,KI635859.1,7993179,7993236,#ERROR!,Gnathostomata,Bilateria,No,1,,1,,,,,,,,,,,,,,,,
Cmi-Mir-190-P3,None,MIR-190,GAUAUGU,None,None,AAVX02052302.1,1772,1832,-,Gnathostomata,Bilateria,No,1,,1,,,,,,,,,,,,,,,,
Cmi-Mir-191,None,MIR-191,AACGGAA,None,None,KI635869.1,3899821,3899883,-,Gnathostomata,Gnathostomata,No,1,,1,,,,,,,,,,,,,,,,
Cmi-Mir-192-P1,None,MIR-192,UGACCUA,None,None,KI635979.1,1871038,1871097,-,Vertebrata,Vertebrata,No,,,,,,,,,,,,,,,,,,,
Cmi-Mir-193-P1a,None,MIR-193,ACUGGCC,None,None,KI636017.1,1225,1286,#ERROR!,Vertebrata,Bilateria,No,,,,,,,,,,,,,,,,,,,
Cmi-Mir-193-P1b,None,MIR-193,ACUGGCC,None,None,KI635919.1,3043759,3043816,#ERROR!,Vertebrata,Bilateria,No,,,,,,,,,,,,,,,,,,,
Cmi-Mir-193-P2a,None,MIR-193,AAUGCCC,None,None,KI636017.1,2193,2253,#ERROR!,Vertebrata,Bilateria,No,,,1,,,,,,,,,,,,,,,,
Cmi-Mir-193-P2b,None,MIR-193,AAUGCCC,None,None,KI635919.1,3046310,3046371,#ERROR!,Vertebrata,Bilateria,No,,,1,,,,,,,,,,,,,,,,
Cmi-Mir-194-P1,None,MIR-194,GUAACAG,None,None,KI635979.1,1871220,1871275,-,Vertebrata,Vertebrata,No,,,,,,,,,,,,,,,,,,,
Cmi-Mir-196-P1,None,MIR-196,AGGUAGU,None,None,KI635933.1,1104598,1104655,#ERROR!,Gnathostomata,Olfactores,No,,,1,,,,,,,,,,,,,,,,
Cmi-Mir-196-P3,None,MIR-196,AGGUAGU,None,None,KI635976.1,1249990,1250047,#ERROR!,Gnathostomata,Olfactores,No,,,1,,,,,,,,,,,,,,,,
Cmi-Mir-196-P4,None,MIR-196,AGGUAGU,None,None,KI636119.1,230953,231010,#ERROR!,Gnathostomata,Olfactores,No,,,1,,,,,,,,,,,,,,,,
Cmi-Mir-199-P1-v1,None,MIR-199,CAGUAGU,None,None,KI635895.1,3660506,3660566,#ERROR!,Gnathostomata,Vertebrata,No,,,1,,,,,,,,,,,,,,,,
Cmi-Mir-199-P1-v2,None,MIR-199,ACAGUAG,None,None,KI635895.1,3660506,3660566,#ERROR!,Gnathostomata,Vertebrata,No,,,1,,,,,,,,,,,,,,,,
Cmi-Mir-199-P1-v3,None,MIR-199,AGUAGUC,None,None,KI635895.1,3660506,3660566,#ERROR!,Gnathostomata,Vertebrata,No,,,1,,,,,,,,,,,,,,,,
Cmi-Mir-199-P2-v1,None,MIR-199,CAGUAGU,None,None,KI635931.1,2775494,2775554,#ERROR!,Gnathostomata,Vertebrata,No,,,1,,,,,,,,,,,,,,,,
Cmi-Mir-199-P2-v2,None,MIR-199,ACAGUAG,None,None,KI635931.1,2775494,2775554,#ERROR!,Gnathostomata,Vertebrata,No,,,1,,,,,,,,,,,,,,,,
Cmi-Mir-199-P2-v3,None,MIR-199,AGUAGUC,None,None,KI635931.1,2775494,2775554,#ERROR!,Gnathostomata,Vertebrata,No,,,1,,,,,,,,,,,,,,,,
Cmi-Mir-202,None,MIR-202,UCCUAUG,None,None,KI635857.1,2828376,2828433,-,Vertebrata,Vertebrata,No,,,1,,,,,,,,,,,,,,,,
Cmi-Mir-203-P5-v1,None,MIR-203,UGAAAUG,None,None,KI635863.1,10847409,10847468,-,C. milii,Vertebrata,No,,,,,,,,,,,,,,,,,,,
Cmi-Mir-203-P5-v2,None,MIR-203,GAAAUGU,None,None,KI635863.1,10847409,10847468,-,C. milii,Vertebrata,Yes,,,,,,,,,,,,,,,,,,,
Cmi-Mir-203-P6-v1,None,MIR-203,UGAAAUG,None,None,KI635863.1,10840677,10840736,-,C. milii,Vertebrata,No,,,1,,,,,,,,,,,,,,,,
Cmi-Mir-203-P6-v2,None,MIR-203,GAAAUGU,None,None,KI635863.1,10840677,10840736,-,C. milii,Vertebrata,Yes,,,1,,,,,,,,,,,,,,,,
Cmi-Mir-204-P1,None,MIR-204,UCCCUUU,None,None,KI635859.1,11321625,11321682,#ERROR!,Gnathostomata,Vertebrata,Unknown,1,,1,,,,,,,,,,,,,,,,
Cmi-Mir-204-P2,None,MIR-204,UCCCUUU,None,None,KI636021.1,267272,267331,-,Gnathostomata,Vertebrata,Unknown,,,1,,,,,,,,,,,,,,,,
Cmi-Mir-204-P4,None,MIR-204,UCCCUUU,None,None,KI636146.1,13447,13505,-,Gnathostomata,Vertebrata,No,1,,1,,,,,,,,,,,,,,,,
Cmi-Mir-205-P1,None,MIR-205,CCUUCAU,None,None,KI635869.1,4038642,4038703,#ERROR!,Gnathostomata,Vertebrata,No,,1,1,,,,,,,,,,,,,,,,
Cmi-Mir-205-P2,None,MIR-205,CCUUCAU,None,None,KI635871.1,1799406,1799465,#ERROR!,Gnathostomata,Vertebrata,No,,,,,,,,,,,,,,,,,,,
Cmi-Mir-205-P4,None,MIR-205,CCUUCAU,None,None,KI635887.1,6369998,6370057,-,Gnathostomata,Vertebrata,No,,,,,,,,,,,,,,,,,,,
Cmi-Mir-210,None,MIR-210,UGUGCGU,None,None,AAVX02065423.1,713,774,-,Bilateria,Bilateria,No,,,1,,,,,,,,,,,,,,,,
Cmi-Mir-214-v1,None,MIR-214,CAGCAGG,None,None,KI635895.1,3665469,3665531,#ERROR!,Gnathostomata,Gnathostomata,No,,,,,,,,,,,,,,,,,,,
Cmi-Mir-214-v2,None,MIR-214,ACAGCAG,None,None,KI635895.1,3665469,3665531,#ERROR!,Gnathostomata,Gnathostomata,No,,,,,,,,,,,,,,,,,,,
Cmi-Mir-216-P2a,None,MIR-216,AAUCUCU,None,None,KI635877.1,5032184,5032244,#ERROR!,Vertebrata,Bilateria,No,,,,,,,,,,,,,,,,,,,
Cmi-Mir-216-P2b,None,MIR-216,AAUCUCA,None,None,KI635877.1,5034374,5034435,#ERROR!,Vertebrata,Bilateria,No,,,,,,,,,,,,,,,,,,,
Cmi-Mir-217,None,MIR-217,ACUGCAU,None,None,KI635877.1,5034863,5034921,#ERROR!,Chordata,Chordata,Unknown,,,1,,,,,,,,,,,,,,,,
Cmi-Mir-218-P2,None,MIR-218,UGUGCUU,None,None,KI635865.1,4423431,4423494,#ERROR!,Gnathostomata,Vertebrata,Unknown,,,1,,,,,,,,,,,,,,,,
Cmi-Mir-218-P4,None,MIR-218,UGUGCUU,None,None,KI635873.1,1470701,1470764,#ERROR!,Gnathostomata,Vertebrata,No,,,1,,,,,,,,,,,,,,,,
Cmi-Mir-219-P2,None,MIR-219,GAUUGUC,None,None,KI635931.1,2921759,2921825,-,Gnathostomata,Bilateria,No,,,1,,,,,,,,,,,,,,,,
Cmi-Mir-219-P3,None,MIR-219,GAUUGUC,None,None,AAVX02055268.1,1010,1073,#ERROR!,Gnathostomata,Bilateria,Unknown,,,1,,,,,,,,,,,,,,,,
Cmi-Mir-221-P1a,None,MIR-221,GCUCAGU,None,None,KI635858.1,3691581,3691641,-,Gnathostomata,Vertebrata,No,1,1,1,,,,,,,,,,,,,,,,
Cmi-Mir-221-P1b,None,MIR-221,GCUACAU,None,None,KI635856.1,1950754,1950817,#ERROR!,Gnathostomata,Vertebrata,No,,,1,,,,,,,,,,,,,,,,
Cmi-Mir-221-P2a,None,MIR-221,CCUGGCA,None,None,KI635858.1,3689867,3689927,-,Gnathostomata,Vertebrata,No,,,,,,,,,,,,,,,,,,,
Cmi-Mir-223,None,MIR-223,GUCAGUU,None,None,KI635856.1,13553999,13554064,-,Vertebrata,Vertebrata,No,,,1,,,,,,,,,,,,,,,,
Cmi-Mir-281-v1,None,MIR-281,GUCAUGG,None,None,KI635926.1,3116003,3116062,#ERROR!,Bilateria,Bilateria,No,1,,1,,,,,,,,,,,,,,,,
Cmi-Mir-281-v2,None,MIR-281,UGUCAUG,None,None,KI635926.1,3116003,3116062,#ERROR!,Bilateria,Bilateria,No,1,,1,,,,,,,,,,,,,,,,
Cmi-Mir-338-P1,None,MIR-338,CCAGCAU,None,None,KI635884.1,1248653,1248712,-,Vertebrata,Vertebrata,No,1,,1,,,,,,,,,,,,,,,,
Cmi-Mir-338-P2,None,MIR-338,CCAGCAU,None,None,KI635864.1,8237603,8237662,-,Vertebrata,Vertebrata,No,1,,1,,,,,,,,,,,,,,,,
Cmi-Mir-425,None,MIR-425,AUGACAC,None,None,KI635869.1,3897454,3897514,-,Gnathostomata,Gnathostomata,No,,,1,,,,,,,,,,,,,,,,
Cmi-Mir-430-o36,None,MIR-430,AAGUGCU,None,None,AAVX02048183.1,1645,1704,-,C. milii,Vertebrata,Unknown,,,1,,,,,,,,,,,,,,,,
Cmi-Mir-430-P1,None,MIR-430,AAGUGCU,None,None,KI635904.1,4109282,4109340,-,Gnathostomata,Vertebrata,Unknown,,1,1,,,,,,,,,,,,,,,,
Cmi-Mir-430-P2,None,MIR-430,AAGUGCU,None,None,KI635904.1,4107710,4107769,-,Gnathostomata,Vertebrata,Unknown,,,,,,,,,,,,,,,,,,,
Cmi-Mir-430-P3,None,MIR-430,AAGUGCU,None,None,KI635904.1,4107569,4107628,-,Gnathostomata,Vertebrata,No,,1,,,,,,,,,,,,,,,,,
Cmi-Mir-430-P4,None,MIR-430,AAGUGCU,None,None,KI635904.1,4107448,4107504,-,Gnathostomata,Vertebrata,Unknown,,,,,,,,,,,,,,,,,,,
Cmi-Mir-451,None,MIR-451,AACCGUU,None,,KI635901.1,2885545,2885587,-,Vertebrata,Vertebrata,NA,,,1,,,,,,,,,,,,,,,,
Cmi-Mir-455,None,MIR-455,AUGUGCC,None,None,KI635931.1,2028087,2028144,-,Vertebrata,Vertebrata,No,,,,,,,,,,,,,,,,,,,
Cmi-Mir-456,None,MIR-456,AGGCUGG,None,None,KI635916.1,3552896,3552956,-,Vertebrata,Vertebrata,Yes,,,,,,,,,,,,,,,,,,,
Cmi-Mir-551-P1,None,MIR-551,CGACCCA,None,None,KI635947.1,1457682,1457741,-,Vertebrata,Vertebrata,Yes,,1,1,,,,,,,,,,,,,,,,
Cmi-Mir-551-P2,None,MIR-551,CGACCCA,None,None,KI635855.1,6684631,6684690,-,Vertebrata,Vertebrata,No,,,,,,,,,,,,,,,,,,,
Cmi-Mir-725,None,MIR-725,UCAGUCA,None,None,KI636870.1,14835,14892,-,Gnathostomata,Gnathostomata,No,1,,1,,,,,,,,,,,,,,,,
Cmi-Mir-1306,None,MIR-1306,CACCUCC,None,None,KI635945.1,1148976,1149036,-,Gnathostomata,Gnathostomata,Yes,,1,1,,,,,,,,,,,,,,,,
Cmi-Mir-1329,None,MIR-1329,ACAGUGA,None,None,KI635905.1,4552076,4552135,-,Vertebrata,Vertebrata,Yes,,,1,,,,,,,,,,,,,,,,
Cmi-Mir-1388,None,MIR-1388,GGACUGU,None,None,KI635860.1,571722,571781,-,Gnathostomata,Gnathostomata,No,1,,,,,,,,,,,,,,,,,,
Cmi-Mir-1788,None,MIR-1788,GCUUGUU,None,None,KI636070.1,19404,19464,#ERROR!,Vertebrata,Vertebrata,Unknown,,,1,,,,,,,,,,,,,,,,
Cmi-Mir-2184-v1,None,MIR-2184,ACAGUAA,None,None,KI635901.1,1948840,1948897,#ERROR!,Gnathostomata,Gnathostomata,No,,,1,,,,,,,,,,,,,,,,
Cmi-Mir-2184-v2,None,MIR-2184,AACAGUA,None,None,KI635901.1,1948839,1948898,#ERROR!,Gnathostomata,Gnathostomata,No,,1,1,,,,,,,,,,,,,,,,
Cmi-Mir-2188,None,MIR-2188,AGGUCCA,None,None,KI636151.1,89377,89436,-,Gnathostomata,Gnathostomata,No,,,,,,,,,,,,,,,,,,,
Cmi-Mir-4541,None,MIR-4541,AUAUUUA,None,None,KI635876.1,5850052,5850115,#ERROR!,Vertebrata,Vertebrata,No,,1,1,,,,,,,,,,,,,,,,
Cmi-Novel-1,None,CHO-NOVEL-1,UUCUAAU,None,None,KI636068.1,74318,74371,-,Chondrichthyes,Chondrichthyes,Yes,,,,,,,,,,,,,,,,,,,
Cmi-Novel-2,None,CHO-NOVEL-2,UUUUUGC,None,None,KI635864.1,11626459,11626518,-,Chondrichthyes,Chondrichthyes,No,,,,,,,,,,,,,,,,,,,
Cmi-Novel-3,None,CMI-NOVEL-3,UUACAAA,None,None,KI635869.1,2046124,2046184,-,C. milii,C. milii,No,,1,,,,,,,,,,,,,,,,,
Cmi-Novel-4,None,CMI-NOVEL-4,AAUGCAA,None,None,KI635871.1,2171974,2172034,#ERROR!,C. milii,C. milii,No,,,1,,,,,,,,,,,,,,,,
Cmi-Novel-5,None,CMI-NOVEL-5,UGGCAAA,None,None,KI635871.1,9629821,9629878,#ERROR!,C. milii,C. milii,No,,,,,,,,,,,,,,,,,,,
Cmi-Novel-6,None,CMI-NOVEL-6,CGUGUGA,None,None,KI635876.1,2920013,2920071,-,C. milii,C. milii,No,,,1,,,,,,,,,,,,,,,,
Cmi-Novel-7,None,CMI-NOVEL-7,CGAGUGA,None,None,KI636171.1,285897,285955,#ERROR!,C. milii,C. milii,No,,,1,,,,,,,,,,,,,,,,
Cmi-Novel-8,None,CMI-NOVEL-8,CUCCUGA,None,None,KI636165.1,223041,223098,-,C. milii,C. milii,Yes,1,,1,,,,,,,,,,,,,,,,
Cmi-Novel-9,None,CMI-NOVEL-9,AGAUCUC,None,None,KI636038.1,651481,651540,-,C. milii,C. milii,No,,,,,,,,,,,,,,,,,,,
Cmi-Novel-10,None,CMI-NOVEL-10,UGACAGU,None,None,KI636030.1,741728,741783,#ERROR!,C. milii,C. milii,No,1,,1,,,,,,,,,,,,,,,,
Cmi-Novel-11,None,CMI-NOVEL-11,AUUCAAG,None,None,KI636030.1,458684,458743,-,C. milii,C. milii,No,,1,,,,,,,,,,,,,,,,,
Cmi-Novel-12,None,CMI-NOVEL-12,GAGACUG,None,None,KI635946.1,1286073,1286128,#ERROR!,C. milii,C. milii,No,,,1,,,,,,,,,,,,,,,,
Cmi-Novel-13,None,CMI-NOVEL-13,GGAUCCU,None,None,KI635924.1,2352433,2352494,#ERROR!,C. milii,C. milii,No,,,,,,,,,,,,,,,,,,,
Cmi-Novel-14,None,CMI-NOVEL-14,AGCGACU,None,None,KI635923.1,1695490,1695547,#ERROR!,C. milii,C. milii,No,,1,,,,,,,,,,,,,,,,,
Cmi-Novel-15,None,CMI-NOVEL-15,AGAUCAA,None,None,KI635905.1,1861024,1861081,#ERROR!,C. milii,C. milii,No,,1,,,,,,,,,,,,,,,,,
Cmi-Novel-16,None,CMI-NOVEL-16,GUGGUGA,None,None,KI635888.1,942885,942944,-,C. milii,C. milii,Yes,,,,,,,,,,,,,,,,,,,
Cmi-Novel-17,None,CMI-NOVEL-17,AAGCCUU,None,None,KI635888.1,1191017,1191077,-,C. milii,C. milii,No,1,,1,,,,,,,,,,,,,,,,
Cmi-Novel-18,None,CMI-NOVEL-18,CGGAGAG,None,None,KI635881.1,6475443,6475505,-,C. milii,C. milii,No,,,1,,,,,,,,,,,,,,,,
Cmi-Novel-19,None,CMI-NOVEL-19,GAGUGAC,None,None,KI635875.1,3171072,3171130,#ERROR!,C. milii,C. milii,Yes,,,,,,,,,,,,,,,,,,,
Cmi-Novel-20,None,CMI-NOVEL-20,UUUUGAA,None,None,KI635866.1,9765066,9765124,#ERROR!,C. milii,C. milii,No,,,1,,,,,,,,,,,,,,,,
Cmi-Novel-21,None,CMI-NOVEL-21,ACGAAUA,None,None,KI635859.1,3728070,3728129,#ERROR!,C. milii,C. milii,No,,,1,,,,,,,,,,,,,,,,
Cmi-Novel-22,None,CMI-NOVEL-22,UGUGGUG,None,None,KI635858.1,12019529,12019591,-,C. milii,C. milii,No,,,,,,,,,,,,,,,,,,,
Cmi-Novel-23,None,CMI-NOVEL-23,GUUGUCU,None,None,KI635855.1,3905447,3905504,-,C. milii,C. milii,No,,,,,,,,,,,,,,,,,,,
Cmi-Novel-24,None,CMI-NOVEL-24,CGCGUUG,None,None,KI635904.1,1635347,1635405,#ERROR!,C. milii,C. milii,No,1,,1,,,,,,,,,,,,,,,,
Cmi-Novel-25,None,CMI-NOVEL-25,AGCAACU,None,None,KI635923.1,1695488,1695545,-,C. milii,C. milii,No,,,,,,,,,,,,,,,,,,,