MirGeneDB ID â–²,MiRBase ID,Family,Seed,5p accession,3p accession,Chromosome,Start,End,Strand,Node of origin (locus),Node of origin (family),3' NTU,UG,UGUG,CNNC,Ad,Ad,Ad,Br,Br,Ce,Ce,Ce,Ce,Ch,He,He,Hy,Hy,Ki,Ki,Li,Li,Lu,Lu,Ov,Pr,Pr,Sc,Sc,Sp,Sp,Te
Gga-Let-7-P1c,gga-let-7c,LET-7,GAGGUAG,MIMAT0001104,MIMAT0026492,1,100395770,100395836,#ERROR!,Gnathostomata,Bilateria,No,,,1,,,,,,,,,,,,,,,,,,,,,,,,,,,,
Gga-Let-7-P1d,gga-let-7a-2,LET-7,GAGGUAG,MIMAT0001101,MIMAT0031037,24,3372662,3372728,#ERROR!,Gnathostomata,Bilateria,No,,,1,,,,,,,,,,,,,,,,,,,,,,,,,,,,
Gga-Let-7-P2a1,gga-let-7a-1,LET-7,GAGGUAG,MIMAT0001101,None,12,6490211,6490282,-,Gnathostomata,Bilateria,Yes,,,1,,,,,,,,,,,,,,,,,,,,,,,,,,,,
Gga-Let-7-P2a2,gga-let-7a-3,LET-7,GAGGUAG,MIMAT0001101,MIMAT0026491,1,71198830,71198900,#ERROR!,Gnathostomata,Bilateria,Yes,,,,,,,,,,,,,,,,,,,,,,,,,,,,,,,
Gga-Let-7-P2a4,gga-let-7k,LET-7,GAGGUAG,MIMAT0001182,MIMAT0026543,26,1650925,1650995,-,Gnathostomata,Bilateria,Yes,,1,,,,,,,,,,,,,,,,,,,,,,,,,,,,,
Gga-Let-7-P2b1,gga-let-7f,LET-7,GAGGUAG,MIMAT0001162,MIMAT0026528,12,6489795,6489871,-,Gnathostomata,Bilateria,Yes,,,1,,,,,,,,,,,,,,,,,,,,,,,,,,,,
Gga-Let-7-P2b2,gga-let-7b,LET-7,GAGGUAG,MIMAT0001102,None,1,71199661,71199737,#ERROR!,Gnathostomata,Bilateria,Yes,,,1,,,,,,,,,,,,,,,,,,,,,,,,,,,,
Gga-Let-7-P2b4,gga-let-7j,LET-7,GAGGUAG,MIMAT0001181,MIMAT0026542,26,1650720,1650797,-,Gnathostomata,Bilateria,Yes,,,1,,,,,,,,,,,,,,,,,,,,,,,,,,,,
Gga-Let-7-P2c1,gga-let-7d,LET-7,GAGGUAG,MIMAT0001161,None,12,6488759,6488833,-,Gnathostomata,Bilateria,Yes,,,1,,,,,,,,,,,,,,,,,,,,,,,,,,,,
Gga-Let-7-P2c2,gga-let-7i,LET-7,GAGGUAG,MIMAT0001098,None,1,33181717,33181793,#ERROR!,Gnathostomata,Bilateria,Yes,,,1,,,,,,,,,,,,,,,,,,,,,,,,,,,,
Gga-Let-7-P2c3,gga-let-7g,LET-7,GAGGUAG,MIMAT0001160,MIMAT0026527,12,3389994,3390071,-,Gnathostomata,Bilateria,Yes,,,1,,,,,,,,,,,,,,,,,,,,,,,,,,,,
Gga-Mir-1-P1,gga-mir-1a-2,MIR-1,GGAAUGU,MIMAT0026510,MIMAT0001127,2,102518401,102518461,-,Gnathostomata,Bilateria,No,,,1,,,,,,,,,,,,,,,,,,,,,,,,,,,,
Gga-Mir-1-P2,gga-mir-206,MIR-1,GGAAUGU,None,MIMAT0001139,3,107587608,107587667,-,Gnathostomata,Bilateria,No,,,,,,,,,,,,,,,,,,,,,,,,,,,,,,,
Gga-Mir-1-P3,gga-mir-1a-1,MIR-1,GGAAUGU,MIMAT0031071,MIMAT0001127,20,8124314,8124374,#ERROR!,Gnathostomata,Bilateria,No,,,,,,,,,,,,,,,,,,,,,,,,,,,,,,,
Gga-Mir-1-P4,gga-mir-1b,MIR-1,GGAAUGU,MIMAT0026536,MIMAT0001175,23,4489739,4489801,#ERROR!,Gnathostomata,Bilateria,No,,,1,,,,,,,,,,,,,,,,,,,,,,,,,,,,
Gga-Mir-7-P1,gga-mir-7-2,MIR-7,GGAAGAC,MIMAT0001157,None,10,13575956,13576019,-,Gnathostomata,Bilateria,No,,,1,,,,,,,,,,,,,,,,,,,,,,,,,,,,
Gga-Mir-7-P2c,gga-mir-7-1,MIR-7,GGAAGAC,MIMAT0001157,None,Z,40089600,40089663,-,G. gallus,Bilateria,No,,,1,,,,,,,,,,,,,,,,,,,,,,,,,,,,
Gga-Mir-7-P2d,gga-mir-7b,MIR-7,GGAAGAC,MIMAT0001192,None,W,4705187,4705251,-,G. gallus,Bilateria,No,,,1,,,,,,,,,,,,,,,,,,,,,,,,,,,,
Gga-Mir-7-P4,gga-mir-7-3,MIR-7,GGAAGAC,MIMAT0001157,None,28,4978748,4978810,-,Gnathostomata,Bilateria,No,,,,,,,,,,,,,,,,,,,,,,,,,,,,,,,
Gga-Mir-8-P1a,gga-mir-200b,MIR-8,AAUACUG,MIMAT0026534,MIMAT0001172,21,2603411,2603470,-,Vertebrata,Bilateria,No,1,1,1,,,,,,,,,,,,,,,,,,,,,,,,,,,,
Gga-Mir-8-P2a,gga-mir-200a,MIR-8,AACACUG,MIMAT0026533,MIMAT0001171,21,2601082,2601142,-,Vertebrata,Bilateria,No,1,,1,,,,,,,,,,,,,,,,,,,,,,,,,,,,
Gga-Mir-8-P3a,gga-mir-429,MIR-8,AAUACUG,MIMAT0026635,MIMAT0003371,21,2598575,2598633,-,Vertebrata,Bilateria,No,,,,,,,,,,,,,,,,,,,,,,,,,,,,,,,
Gga-Mir-9-P1,gga-mir-9-3,MIR-9,CUUUGGU,MIMAT0001195,None,10,13375349,13375410,-,Gnathostomata,Bilateria,No,,1,1,,,,,,,,,,,,,,,,,,,,,,,,,,,,
Gga-Mir-9-P2,gga-mir-9-2,MIR-9,CUUUGGU,MIMAT0001195,None,Z,60673644,60673703,#ERROR!,Gnathostomata,Bilateria,No,,1,1,,,,,,,,,,,,,,,,,,,,,,,,,,,,
Gga-Mir-9-P3,gga-mir-9-4,MIR-9,CUUUGGU,MIMAT0001195,MIMAT0048671,25,2723420,2723481,-,Gnathostomata,Bilateria,No,,1,1,,,,,,,,,,,,,,,,,,,,,,,,,,,,
Gga-Mir-9-P4,gga-mir-9-1,MIR-9,CUUUGGU,MIMAT0001195,MIMAT0003350,28,3708403,3708462,#ERROR!,Gnathostomata,Bilateria,No,1,1,1,,,,,,,,,,,,,,,,,,,,,,,,,,,,
Gga-Mir-10-P1b-v1,gga-mir-10b,MIR-10,ACCCUGU,MIMAT0001148,MIMAT0026521,7,16278929,16278990,-,Gnathostomata,Eumetazoa,No,,1,1,,,,,,,,,,,,,,,,,,,,,,,,,,,,
Gga-Mir-10-P1b-v2,gga-mir-10b,MIR-10,CCCUGUA,MIMAT0001148,MIMAT0026521,7,16278930,16278989,-,Gnathostomata,Eumetazoa,No,,,,,,,,,,,,,,,,,,,,,,,,,,,,,,,
Gga-Mir-10-P1c-v1,gga-mir-10a,MIR-10,ACCCUGU,MIMAT0007731,MIMAT0007732,27,6242496,6242557,#ERROR!,Gnathostomata,Eumetazoa,No,,,1,,,,,,,,,,,,,,,,,,,,,,,,,,,,
Gga-Mir-10-P1c-v2,gga-mir-10a,MIR-10,CCCUGUA,MIMAT0007731,MIMAT0007732,27,6242497,6242556,#ERROR!,Gnathostomata,Eumetazoa,No,1,,,,,,,,,,,,,,,,,,,,,,,,,,,,,,
Gga-Mir-10-P1d-v1,None,MIR-10,ACCCUGU,None,None,None,None,None,None,Gnathostomata,Eumetazoa,No,,,,,,,,,,,,,,,,,,,,,,,,,,,,,,,
Gga-Mir-10-P1d-v2,None,MIR-10,CCCUGUA,None,None,None,None,None,None,Gnathostomata,Eumetazoa,No,,,,,,,,,,,,,,,,,,,,,,,,,,,,,,,
Gga-Mir-10-P2c,gga-mir-99a,MIR-10,ACCCGUA,MIMAT0001103,MIMAT0006781,1,100395020,100395078,#ERROR!,Gnathostomata,Eumetazoa,Yes,1,,,,,,,,,,,,,,,,,,,,,,,,,,,,,,
Gga-Mir-10-P2d,gga-mir-100,MIR-10,ACCCGUA,MIMAT0001178,MIMAT0026539,24,3364571,3364627,#ERROR!,Gnathostomata,Eumetazoa,No,1,,,,,,,,,,,,,,,,,,,,,,,,,,,,,,
Gga-Mir-10-P3c,gga-mir-125b-2,MIR-10,CCCUGAG,MIMAT0001105,MIMAT0026493,1,100428113,100428174,#ERROR!,Gnathostomata,Eumetazoa,No,,,1,,,,,,,,,,,,,,,,,,,,,,,,,,,,
Gga-Mir-10-P3d,gga-mir-125b-1,MIR-10,CCCUGAG,MIMAT0001105,None,24,3390291,3390352,#ERROR!,Gnathostomata,Eumetazoa,No,1,1,1,,,,,,,,,,,,,,,,,,,,,,,,,,,,
Gga-Mir-15-P1a,gga-mir-15a,MIR-15,AGCAGCA,MIMAT0001117,None,1,170717767,170717825,-,Gnathostomata,Olfactores,No,,,1,,,,,,,,,,,,,,,,,,,,,,,,,,,,
Gga-Mir-15-P1b,gga-mir-15b,MIR-15,AGCAGCA,MIMAT0001154,MIMAT0026524,9,22340900,22340959,-,Gnathostomata,Olfactores,No,,,,,,,,,,,,,,,,,,,,,,,,,,,,,,,
Gga-Mir-15-P1c,gga-mir-15c,MIR-15,AGCAGCA,MIMAT0007737,MIMAT0007738,4,4044608,4044665,-,Gnathostomata,Olfactores,No,,,,,,,,,,,,,,,,,,,,,,,,,,,,,,,
Gga-Mir-15-P2a,gga-mir-16-1,MIR-15,AGCAGCA,MIMAT0001116,MIMAT0026500,1,170717622,170717684,-,Gnathostomata,Olfactores,No,1,,1,,,,,,,,,,,,,,,,,,,,,,,,,,,,
Gga-Mir-15-P2b,gga-mir-16-2,MIR-15,AGCAGCA,MIMAT0001116,MIMAT0031058,9,22340725,22340789,-,Gnathostomata,Olfactores,No,,,1,,,,,,,,,,,,,,,,,,,,,,,,,,,,
Gga-Mir-15-P2c,gga-mir-16c,MIR-15,AGCAGCA,MIMAT0007739,MIMAT0026786,4,4044236,4044300,-,Gnathostomata,Olfactores,No,1,,,,,,,,,,,,,,,,,,,,,,,,,,,,,,
Gga-Mir-17-P1a,gga-mir-17,MIR-17,AAAGUGC,MIMAT0001114,MIMAT0001115,1,149440570,149440630,-,Gnathostomata,Vertebrata,No,,,1,,,,,,,,,,,,,,,,,,,,,,,,,,,,
Gga-Mir-17-P1c,gga-mir-106,MIR-17,AAAGUGC,MIMAT0001142,MIMAT0026517,4,3967949,3968006,-,Gnathostomata,Vertebrata,No,,,1,,,,,,,,,,,,,,,,,,,,,,,,,,,,
Gga-Mir-17-P2a,gga-mir-18a,MIR-17,AAGGUGC,MIMAT0001113,MIMAT0026499,1,149440419,149440483,-,Gnathostomata,Vertebrata,No,,,1,,,,,,,,,,,,,,,,,,,,,,,,,,,,
Gga-Mir-17-P2c,gga-mir-18b,MIR-17,AAGGUGC,MIMAT0001141,MIMAT0026516,4,3967813,3967877,-,Gnathostomata,Vertebrata,No,,,1,,,,,,,,,,,,,,,,,,,,,,,,,,,,
Gga-Mir-17-P4a,gga-mir-20a,MIR-17,AAAGUGC,MIMAT0001111,MIMAT0026497,1,149440105,149440163,-,Gnathostomata,Vertebrata,No,,1,1,,,,,,,,,,,,,,,,,,,,,,,,,,,,
Gga-Mir-17-P4c,gga-mir-20b,MIR-17,AAAGUGC,MIMAT0001411,MIMAT0026551,4,3967641,3967701,-,Gnathostomata,Vertebrata,No,1,,1,,,,,,,,,,,,,,,,,,,,,,,,,,,,
Gga-Mir-19-P1a,gga-mir-19a,MIR-19,GUGCAAA,MIMAT0026498,MIMAT0001112,1,149440280,149440337,-,Gnathostomata,Vertebrata,No,1,,1,,,,,,,,,,,,,,,,,,,,,,,,,,,,
Gga-Mir-19-P2a,gga-mir-19b,MIR-19,GUGCAAA,MIMAT0026496,MIMAT0001110,1,149439972,149440032,-,Gnathostomata,Vertebrata,No,,1,,,,,,,,,,,,,,,,,,,,,,,,,,,,,
Gga-Mir-19-P2c,gga-mir-19b-2,MIR-19,GUGCAAA,None,MIMAT0001110,4,3967505,3967564,-,Gnathostomata,Vertebrata,No,1,,,,,,,,,,,,,,,,,,,,,,,,,,,,,,
Gga-Mir-21,gga-mir-21,MIR-21,AGCUUAU,MIMAT0003774,MIMAT0026643,19,7513428,7513487,#ERROR!,Vertebrata,Vertebrata,No,,,,,,,,,,,,,,,,,,,,,,,,,,,,,,,
Gga-Mir-22-P1b,gga-mir-22,MIR-22,AGCUGCC,MIMAT0007287,MIMAT0007288,19,5528034,5528096,-,Vertebrata,Bilateria,No,,1,1,,,,,,,,,,,,,,,,,,,,,,,,,,,,
Gga-Mir-23-P2,gga-mir-23b,MIR-23,UCACAUU,MIMAT0026546,MIMAT0001186,Z,41660640,41660699,#ERROR!,Gnathostomata,Vertebrata,Yes,1,1,1,,,,,,,,,,,,,,,,,,,,,,,,,,,,
Gga-Mir-24-P2,gga-mir-24,MIR-24,GGCUCAG,MIMAT0026548,MIMAT0001188,Z,41661400,41661459,#ERROR!,Gnathostomata,Vertebrata,Yes,,,,,,,,,,,,,,,,,,,,,,,,,,,,,,,
Gga-Mir-24-P3,None,MIR-24,GGCUCAG,None,None,30,1398627,1398686,#ERROR!,Gnathostomata,Vertebrata,Yes,,,1,,,,,,,,,,,,,,,,,,,,,,,,,,,,
Gga-Mir-26-P1,gga-mir-26a,MIR-26,UCAAGUA,MIMAT0001118,MIMAT0026501,2,4629104,4629164,#ERROR!,Gnathostomata,Vertebrata,No,,,1,,,,,,,,,,,,,,,,,,,,,,,,,,,,
Gga-Mir-26-P2,gga-mir-26a-2,MIR-26,UCAAGUA,MIMAT0037538,None,7,22543971,22544030,-,Gnathostomata,Vertebrata,No,,1,1,,,,,,,,,,,,,,,,,,,,,,,,,,,,
Gga-Mir-26-P4,None,MIR-26,UCAAGUA,None,None,33,4891210,4891266,-,Gnathostomata,Vertebrata,No,,1,,,,,,,,,,,,,,,,,,,,,,,,,,,,,
Gga-Mir-27-P2,gga-mir-27b,MIR-27,UCACAGU,MIMAT0026547,MIMAT0001187,Z,41660880,41660942,#ERROR!,Gnathostomata,Vertebrata,No,,1,,,,,,,,,,,,,,,,,,,,,,,,,,,,,
Gga-Mir-27-P3,None,MIR-27,UCACAGU,None,None,30,1398469,1398524,#ERROR!,Gnathostomata,Vertebrata,Yes,,,,,,,,,,,,,,,,,,,,,,,,,,,,,,,
Gga-Mir-29-P1b-v1,gga-mir-29b-1,MIR-29,AGCACCA,MIMAT0026488,MIMAT0001097,1,4029395,4029458,#ERROR!,Gnathostomata,Bilateria,No,,,1,,,,,,,,,,,,,,,,,,,,,,,,,,,,
Gga-Mir-29-P1b-v2,gga-mir-29b-1,MIR-29,UAGCACC,MIMAT0026488,MIMAT0001097,1,4029396,4029457,#ERROR!,Gnathostomata,Bilateria,No,,,1,,,,,,,,,,,,,,,,,,,,,,,,,,,,
Gga-Mir-29-P1d-v1,gga-mir-29b-2,MIR-29,AGCACCA,MIMAT0031072,MIMAT0001097,26,2700163,2700226,-,Gnathostomata,Bilateria,No,,,1,,,,,,,,,,,,,,,,,,,,,,,,,,,,
Gga-Mir-29-P1d-v2,gga-mir-29b-2,MIR-29,UAGCACC,MIMAT0031072,MIMAT0001097,26,2700164,2700225,-,Gnathostomata,Bilateria,No,,,1,,,,,,,,,,,,,,,,,,,,,,,,,,,,
Gga-Mir-29-P2b,gga-mir-29a,MIR-29,AGCACCA,MIMAT0026487,MIMAT0001096,1,4030419,4030478,#ERROR!,Gnathostomata,Bilateria,No,,,1,,,,,,,,,,,,,,,,,,,,,,,,,,,,
Gga-Mir-29-P2d,gga-mir-29c,MIR-29,AGCACCA,MIMAT0026544,MIMAT0001183,26,2699258,2699317,-,Gnathostomata,Bilateria,No,,,1,,,,,,,,,,,,,,,,,,,,,,,,,,,,
Gga-Mir-30-P1a,gga-mir-30d,MIR-30,GUAAACA,MIMAT0001129,None,2,142647738,142647796,-,Gnathostomata,Vertebrata,No,,,1,,,,,,,,,,,,,,,,,,,,,,,,,,,,
Gga-Mir-30-P1b,gga-mir-30a,MIR-30,GUAAACA,MIMAT0001135,MIMAT0001136,3,82345435,82345498,#ERROR!,Gnathostomata,Vertebrata,No,1,1,1,,,,,,,,,,,,,,,,,,,,,,,,,,,,
Gga-Mir-30-P1d,gga-mir-30e,MIR-30,GUAAACA,MIMAT0001177,MIMAT0026538,23,5078861,5078924,#ERROR!,Gnathostomata,Vertebrata,No,,1,1,,,,,,,,,,,,,,,,,,,,,,,,,,,,
Gga-Mir-30-P2a,gga-mir-30b,MIR-30,GUAAACA,MIMAT0001130,MIMAT0026512,2,142644205,142644264,-,Gnathostomata,Vertebrata,No,,,1,,,,,,,,,,,,,,,,,,,,,,,,,,,,
Gga-Mir-30-P2b,gga-mir-30c-2,MIR-30,GUAAACA,MIMAT0001137,MIMAT0026515,3,82370050,82370111,#ERROR!,Gnathostomata,Vertebrata,No,1,1,1,,,,,,,,,,,,,,,,,,,,,,,,,,,,
Gga-Mir-30-P2d,gga-mir-30c-1,MIR-30,GUAAACA,MIMAT0001137,MIMAT0031105,23,5080082,5080142,#ERROR!,Gnathostomata,Vertebrata,No,,1,1,,,,,,,,,,,,,,,,,,,,,,,,,,,,
Gga-Mir-31,gga-mir-31,MIR-31,GGCAAGA,MIMAT0001189,MIMAT0026549,Z,78732018,78732076,-,Bilateria,Bilateria,No,,,1,,,,,,,,,,,,,,,,,,,,,,,,,,,,
Gga-Mir-32,gga-mir-32,MIR-32,AUUGCAC,MIMAT0001125,MIMAT0026508,2,84220827,84220888,-,Gnathostomata,Gnathostomata,No,1,1,,,,,,,,,,,,,,,,,,,,,,,,,,,,,
Gga-Mir-33-P1,gga-mir-33-2,MIR-33,UGCAUUG,MIMAT0037539,None,14,5309753,5309812,-,Gnathostomata,Bilateria,No,,1,1,,,,,,,,,,,,,,,,,,,,,,,,,,,,
Gga-Mir-33-P3,gga-mir-33-1,MIR-33,UGCAUUG,MIMAT0001100,MIMAT0026490,1,49496339,49496399,-,Gnathostomata,Bilateria,Yes,,1,1,,,,,,,,,,,,,,,,,,,,,,,,,,,,
Gga-Mir-34-P1,gga-mir-34a,MIR-34,GGCAGUG,MIMAT0001173,MIMAT0026535,21,3272159,3272224,-,Gnathostomata,Bilateria,No,1,1,,,,,,,,,,,,,,,,,,,,,,,,,,,,,
Gga-Mir-34-P2a,gga-mir-34b,MIR-34,GGCAGUG,MIMAT0001179,MIMAT0026540,24,5568852,5568910,#ERROR!,Gnathostomata,Bilateria,No,,,1,,,,,,,,,,,,,,,,,,,,,,,,,,,,
Gga-Mir-34-P2b,gga-mir-34c,MIR-34,GGCAGUG,MIMAT0001180,MIMAT0026541,24,5569588,5569642,#ERROR!,Gnathostomata,Bilateria,No,,,,,,,,,,,,,,,,,,,,,,,,,,,,,,,
Gga-Mir-34-P3a,gga-mir-449c,MIR-34,GGCAGUG,MIMAT0007602,MIMAT0007603,Z,16704036,16704097,-,Gnathostomata,Bilateria,No,,,,,,,,,,,,,,,,,,,,,,,,,,,,,,,
Gga-Mir-34-P3b,gga-mir-449b,MIR-34,GGCAGUG,MIMAT0007743,MIMAT0007744,Z,16703052,16703110,-,Gnathostomata,Bilateria,Yes,,1,1,,,,,,,,,,,,,,,,,,,,,,,,,,,,
Gga-Mir-34-P3c,gga-mir-449a,MIR-34,GGCAGUG,MIMAT0003372,None,Z,16702892,16702949,-,Gnathostomata,Bilateria,No,1,,,,,,,,,,,,,,,,,,,,,,,,,,,,,,
Gga-Mir-34-P3d,None,MIR-34,GGCAGUG,None,None,Z,16702024,16702082,-,Gnathostomata,Bilateria,No,1,,,,,,,,,,,,,,,,,,,,,,,,,,,,,,
Gga-Mir-92-P1a,gga-mir-92-1,MIR-92,AUUGCAC,MIMAT0026495,MIMAT0001109,1,149439857,149439915,-,Gnathostomata,Bilateria,No,,1,,,,,,,,,,,,,,,,,,,,,,,,,,,,,
Gga-Mir-92-P1c,gga-mir-92-2,MIR-92,AUUGCAC,None,MIMAT0001109,4,3967357,3967418,-,Gnathostomata,Bilateria,No,,1,,,,,,,,,,,,,,,,,,,,,,,,,,,,,
Gga-Mir-92-P2a,gga-mir-367,MIR-92,AUUGCAC,None,MIMAT0003369,4,57085223,57085282,#ERROR!,Gnathostomata,Bilateria,No,,,,,,,,,,,,,,,,,,,,,,,,,,,,,,,
Gga-Mir-92-P2c,gga-mir-363,MIR-92,AUUGCAC,MIMAT0037553,MIMAT0037554,4,3967217,3967281,-,Gnathostomata,Bilateria,No,1,,1,,,,,,,,,,,,,,,,,,,,,,,,,,,,
Gga-Mir-96-P1,gga-mir-96,MIR-96,UUGGCAC,MIMAT0037540,MIMAT0037541,1,1479737,1479800,-,Bilateria,Bilateria,No,,,,,,,,,,,,,,,,,,,,,,,,,,,,,,,
Gga-Mir-96-P2,gga-mir-182,MIR-96,UUGGCAA,MIMAT0037544,MIMAT0037545,1,1478713,1478777,-,Bilateria,Bilateria,No,,,1,,,,,,,,,,,,,,,,,,,,,,,,,,,,
Gga-Mir-96-P3-v1,gga-mir-183,MIR-96,AUGGCAC,MIMAT0001191,None,1,1479855,1479916,-,Bilateria,Bilateria,No,,1,1,,,,,,,,,,,,,,,,,,,,,,,,,,,,
Gga-Mir-96-P3-v2,gga-mir-183,MIR-96,UGGCACU,MIMAT0001191,None,1,1479856,1479915,-,Bilateria,Bilateria,No,,,1,,,,,,,,,,,,,,,,,,,,,,,,,,,,
Gga-Mir-101-P1-v1,gga-mir-101-2,MIR-101,ACAGUAC,MIMAT0031077,MIMAT0001185,8,28612656,28612714,-,Vertebrata,Vertebrata,No,,1,1,,,,,,,,,,,,,,,,,,,,,,,,,,,,
Gga-Mir-101-P1-v2,gga-mir-101-2,MIR-101,UACAGUA,MIMAT0031077,MIMAT0001185,8,28612657,28612713,-,Vertebrata,Vertebrata,No,,,,,,,,,,,,,,,,,,,,,,,,,,,,,,,
Gga-Mir-101-P2-v1,gga-mir-101-1,MIR-101,ACAGUAC,MIMAT0026545,MIMAT0001185,Z,27510598,27510656,#ERROR!,Vertebrata,Vertebrata,No,1,,,,,,,,,,,,,,,,,,,,,,,,,,,,,,
Gga-Mir-101-P2-v2,gga-mir-101-1,MIR-101,UACAGUA,MIMAT0026545,MIMAT0001185,Z,27510599,27510655,#ERROR!,Vertebrata,Vertebrata,No,,,,,,,,,,,,,,,,,,,,,,,,,,,,,,,
Gga-Mir-103-P1,gga-mir-107,MIR-103,GCAGCAU,MIMAT0026520,MIMAT0001147,6,20232380,20232439,-,Gnathostomata,Deuterostomia,No,,,1,,,,,,,,,,,,,,,,,,,,,,,,,,,,
Gga-Mir-103-P2,gga-mir-103-2,MIR-103,GCAGCAU,MIMAT0026519,MIMAT0001145,4,88526022,88526081,-,Gnathostomata,Deuterostomia,No,,,1,,,,,,,,,,,,,,,,,,,,,,,,,,,,
Gga-Mir-103-P4,gga-mir-103-1,MIR-103,GCAGCAU,MIMAT0031070,MIMAT0001145,13,5440016,5440075,#ERROR!,Gnathostomata,Deuterostomia,No,,,1,,,,,,,,,,,,,,,,,,,,,,,,,,,,
Gga-Mir-122-P1,gga-mir-122-1,MIR-122,GGAGUGU,MIMAT0001190,MIMAT0026550,Z,761062,761119,#ERROR!,G. gallus,Vertebrata,No,1,1,1,,,,,,,,,,,,,,,,,,,,,,,,,,,,
Gga-Mir-122-P2,gga-mir-122-2,MIR-122,GGAGUGU,MIMAT0001190,MIMAT0026550,W,2916998,2917055,-,G. gallus,Vertebrata,No,,1,1,,,,,,,,,,,,,,,,,,,,,,,,,,,,
Gga-Mir-124-P1-v1,gga-mir-124a,MIR-124,AAGGCAC,MIMAT0026511,MIMAT0001128,2,114301745,114301803,#ERROR!,Gnathostomata,Bilateria,No,,,1,,,,,,,,,,,,,,,,,,,,,,,,,,,,
Gga-Mir-124-P1-v2,gga-mir-124a,MIR-124,UAAGGCA,MIMAT0026511,MIMAT0001128,2,114301745,114301802,#ERROR!,Gnathostomata,Bilateria,No,,,1,,,,,,,,,,,,,,,,,,,,,,,,,,,,
Gga-Mir-124-P2-v1,None,MIR-124,AAGGCAC,None,None,3,106368949,106369009,-,Gnathostomata,Bilateria,No,,,1,,,,,,,,,,,,,,,,,,,,,,,,,,,,
Gga-Mir-124-P2-v2,None,MIR-124,UAAGGCA,None,None,3,106368950,106369009,-,Gnathostomata,Bilateria,No,,,1,,,,,,,,,,,,,,,,,,,,,,,,,,,,
Gga-Mir-124-P3-v1,gga-mir-124a-2,MIR-124,AAGGCAC,MIMAT0026511,MIMAT0001128,20,8692494,8692553,#ERROR!,Gnathostomata,Bilateria,No,,,1,,,,,,,,,,,,,,,,,,,,,,,,,,,,
Gga-Mir-124-P3-v2,gga-mir-124a-2,MIR-124,UAAGGCA,MIMAT0026511,MIMAT0001128,20,8692494,8692552,#ERROR!,Gnathostomata,Bilateria,No,,,1,,,,,,,,,,,,,,,,,,,,,,,,,,,,
Gga-Mir-124-P4-v1,gga-mir-124b,MIR-124,AAGGCAC,None,MIMAT0001174,23,2379323,2379381,#ERROR!,Gnathostomata,Bilateria,No,,,,,,,,,,,,,,,,,,,,,,,,,,,,,,,
Gga-Mir-124-P4-v2,gga-mir-124b,MIR-124,UAAGGCA,None,MIMAT0001174,23,2379323,2379380,#ERROR!,Gnathostomata,Bilateria,No,,,,,,,,,,,,,,,,,,,,,,,,,,,,,,,
Gga-Mir-126-P2-v1,gga-mir-126,MIR-126,CGUACCG,MIMAT0003723,MIMAT0001169,17,8047172,8047230,-,Vertebrata,Olfactores,No,1,1,1,,,,,,,,,,,,,,,,,,,,,,,,,,,,
Gga-Mir-126-P2-v2,gga-mir-126,MIR-126,AUUAUUA,MIMAT0003723,MIMAT0001169,17,8047172,8047230,-,Vertebrata,Olfactores,No,1,,1,,,,,,,,,,,,,,,,,,,,,,,,,,,,
Gga-Mir-126-P2-v3,gga-mir-126,MIR-126,UCGUACC,MIMAT0003723,MIMAT0001169,17,8047172,8047230,-,Vertebrata,Olfactores,No,1,1,1,,,,,,,,,,,,,,,,,,,,,,,,,,,,
Gga-Mir-128-P1,gga-mir-128-2,MIR-128,CACAGUG,MIMAT0026506,MIMAT0001123,2,45455232,45455289,#ERROR!,Gnathostomata,Vertebrata,No,1,1,1,,,,,,,,,,,,,,,,,,,,,,,,,,,,
Gga-Mir-128-P2,gga-mir-128-1,MIR-128,CACAGUG,MIMAT0031096,MIMAT0001123,7,30614336,30614391,#ERROR!,Gnathostomata,Vertebrata,No,1,,1,,,,,,,,,,,,,,,,,,,,,,,,,,,,
Gga-Mir-129-P1,None,MIR-129,UUUUUGC,None,None,5,21753622,21753686,#ERROR!,Gnathostomata,Chordata,No,1,1,1,,,,,,,,,,,,,,,,,,,,,,,,,,,,
Gga-Mir-130-P1a,gga-mir-130a,MIR-130,AGUGCAA,MIMAT0026532,MIMAT0001167,15,703569,703627,-,Gnathostomata,Vertebrata,No,1,,,,,,,,,,,,,,,,,,,,,,,,,,,,,,
Gga-Mir-130-P1b,gga-mir-130c,MIR-130,AGUGCAA,MIMAT0007733,MIMAT0007734,19,7340157,7340217,-,Gnathostomata,Vertebrata,No,,,1,,,,,,,,,,,,,,,,,,,,,,,,,,,,
Gga-Mir-130-P2a,gga-mir-301a,MIR-130,AGUGCAA,MIMAT0026531,MIMAT0001166,15,702346,702408,-,Gnathostomata,Vertebrata,No,1,,,,,,,,,,,,,,,,,,,,,,,,,,,,,,
Gga-Mir-130-P2b,gga-mir-301b,MIR-130,AGUGCAA,MIMAT0007741,MIMAT0007742,19,7339868,7339929,-,Gnathostomata,Vertebrata,No,1,,1,,,,,,,,,,,,,,,,,,,,,,,,,,,,
Gga-Mir-130-P3a,gga-mir-454,MIR-130,AGUGCAA,MIMAT0007291,MIMAT0007292,15,695881,695944,-,Gnathostomata,Vertebrata,No,,,1,,,,,,,,,,,,,,,,,,,,,,,,,,,,
Gga-Mir-130-P4a,gga-mir-130b,MIR-130,AGUGCAA,MIMAT0026530,MIMAT0001165,15,694747,694807,-,Gnathostomata,Vertebrata,No,,,1,,,,,,,,,,,,,,,,,,,,,,,,,,,,
Gga-Mir-132-P1,gga-mir-132a,MIR-132,CCGUGGC,MIMAT0049950,MIMAT0049951,19,5662867,5662925,-,Vertebrata,Vertebrata,Yes,,1,,,,,,,,,,,,,,,,,,,,,,,,,,,,,
Gga-Mir-132-P2,gga-mir-212,MIR-132,CCUUGGC,MIMAT0049954,MIMAT0049955,19,5663432,5663496,-,Vertebrata,Vertebrata,No,,,1,,,,,,,,,,,,,,,,,,,,,,,,,,,,
Gga-Mir-133-P1-v1,gga-mir-133a-1,MIR-133,UUGGUCC,MIMAT0026509,MIMAT0001126,2,102515277,102515336,-,Gnathostomata,Bilateria,No,,,1,,,,,,,,,,,,,,,,,,,,,,,,,,,,
Gga-Mir-133-P1-v2,gga-mir-133a-1,MIR-133,UGGUCCC,MIMAT0026509,MIMAT0001126,2,102515277,102515336,-,Gnathostomata,Bilateria,No,,,1,,,,,,,,,,,,,,,,,,,,,,,,,,,,
Gga-Mir-133-P2-v1,gga-mir-133b,MIR-133,UUGGUCC,None,MIMAT0001138,3,107582816,107582874,-,Gnathostomata,Bilateria,No,,,1,,,,,,,,,,,,,,,,,,,,,,,,,,,,
Gga-Mir-133-P2-v2,gga-mir-133b,MIR-133,UGGUCCC,None,MIMAT0001138,3,107582816,107582874,-,Gnathostomata,Bilateria,No,,,1,,,,,,,,,,,,,,,,,,,,,,,,,,,,
Gga-Mir-133-P3-v1,gga-mir-133a-2,MIR-133,UUGGUCC,MIMAT0026509,MIMAT0001126,20,8135551,8135610,#ERROR!,Gnathostomata,Bilateria,No,,,,,,,,,,,,,,,,,,,,,,,,,,,,,,,
Gga-Mir-133-P3-v2,gga-mir-133a-2,MIR-133,UGGUCCC,MIMAT0026509,MIMAT0001126,20,8135551,8135610,#ERROR!,Gnathostomata,Bilateria,No,,,,,,,,,,,,,,,,,,,,,,,,,,,,,,,
Gga-Mir-133-P4-v1,gga-mir-133c,MIR-133,UUGGUCC,MIMAT0026537,MIMAT0001176,23,4489890,4489946,#ERROR!,Gnathostomata,Bilateria,No,,,,,,,,,,,,,,,,,,,,,,,,,,,,,,,
Gga-Mir-133-P4-v2,gga-mir-133c,MIR-133,UGGUCCC,MIMAT0026537,MIMAT0001176,23,4489890,4489946,#ERROR!,Gnathostomata,Bilateria,No,,,,,,,,,,,,,,,,,,,,,,,,,,,,,,,
Gga-Mir-135-P1,gga-mir-135a-1,MIR-135,AUGGCUU,MIMAT0001099,MIMAT0031036,12,3411670,3411730,-,Gnathostomata,Chordata,No,,,1,,,,,,,,,,,,,,,,,,,,,,,,,,,,
Gga-Mir-135-P2,gga-mir-135a-2,MIR-135,AUGGCUU,MIMAT0001099,MIMAT0026489,1,46333921,46333980,#ERROR!,Gnathostomata,Chordata,No,,,1,,,,,,,,,,,,,,,,,,,,,,,,,,,,
Gga-Mir-135-P4,gga-mir-135a-3,MIR-135,AUGGCUU,MIMAT0001099,MIMAT0031038,26,2124466,2124526,-,Gnathostomata,Chordata,No,,,1,,,,,,,,,,,,,,,,,,,,,,,,,,,,
Gga-Mir-137-P1-v1,gga-mir-137,MIR-137,UAUUGCU,MIMAT0026523,MIMAT0001153,8,12923076,12923134,#ERROR!,Gnathostomata,Bilateria,No,,,1,,,,,,,,,,,,,,,,,,,,,,,,,,,,
Gga-Mir-137-P1-v2,gga-mir-137,MIR-137,AUUGCUU,MIMAT0026523,MIMAT0001153,8,12923075,12923135,#ERROR!,Gnathostomata,Bilateria,No,1,,1,,,,,,,,,,,,,,,,,,,,,,,,,,,,
Gga-Mir-137-P3-v1,None,MIR-137,UAUUGCU,None,None,18,11367832,11367889,#ERROR!,Gnathostomata,Bilateria,No,,,,,,,,,,,,,,,,,,,,,,,,,,,,,,,
Gga-Mir-137-P3-v2,None,MIR-137,AUUGCUG,None,None,18,11367831,11367890,#ERROR!,Gnathostomata,Bilateria,No,,,,,,,,,,,,,,,,,,,,,,,,,,,,,,,
Gga-Mir-138-P1,gga-mir-138-1,MIR-138,GCUGGUG,MIMAT0001122,MIMAT0026505,2,40676611,40676671,-,Vertebrata,Vertebrata,No,,,1,,,,,,,,,,,,,,,,,,,,,,,,,,,,
Gga-Mir-138-P2,gga-mir-138-2,MIR-138,GCUGGUG,MIMAT0001122,MIMAT0031069,11,2044406,2044473,-,Vertebrata,Vertebrata,No,,,1,,,,,,,,,,,,,,,,,,,,,,,,,,,,
Gga-Mir-140-P1-v1,gga-mir-140,MIR-140,CCACAGG,MIMAT0001159,MIMAT0003722,11,19068678,19068739,#ERROR!,Gnathostomata,Vertebrata,No,,,1,,,,,,,,,,,,,,,,,,,,,,,,,,,,
Gga-Mir-140-P1-v2,gga-mir-140,MIR-140,ACCACAG,MIMAT0001159,MIMAT0003722,11,19068678,19068739,#ERROR!,Gnathostomata,Vertebrata,No,,,1,,,,,,,,,,,,,,,,,,,,,,,,,,,,
Gga-Mir-142-P1-v1,gga-mir-142,MIR-142,AUAAAGU,MIMAT0001193,MIMAT0001194,19,697460,697519,-,Gnathostomata,Vertebrata,No,,,1,,,,,,,,,,,,,,,,,,,,,,,,,,,,
Gga-Mir-142-P1-v2,gga-mir-142,MIR-142,UAGUGUU,MIMAT0001193,MIMAT0001194,19,697460,697519,-,Gnathostomata,Vertebrata,No,,,1,,,,,,,,,,,,,,,,,,,,,,,,,,,,
Gga-Mir-142-P1-v3,gga-mir-142,MIR-142,GUAGUGU,MIMAT0001193,MIMAT0001194,19,697460,697519,-,Gnathostomata,Vertebrata,No,,,1,,,,,,,,,,,,,,,,,,,,,,,,,,,,
Gga-Mir-142-P1-v4,gga-mir-142,MIR-142,CCAUAAA,MIMAT0001193,MIMAT0001194,19,697458,697521,-,Gnathostomata,Vertebrata,No,,,,,,,,,,,,,,,,,,,,,,,,,,,,,,,
Gga-Mir-143,gga-mir-143,MIR-143,GAGAUGA,MIMAT0048645,MIMAT0048646,13,9212740,9212794,-,Vertebrata,Vertebrata,Yes,,,,,,,,,,,,,,,,,,,,,,,,,,,,,,,
Gga-Mir-144,gga-mir-144,MIR-144,GAUAUCA,MIMAT0026644,MIMAT0003776,19,6010840,6010897,-,Vertebrata,Vertebrata,No,,,1,,,,,,,,,,,,,,,,,,,,,,,,,,,,
Gga-Mir-145,gga-mir-145,MIR-145,UCCAGUU,MIMAT0037542,MIMAT0037543,13,9212133,9212192,-,Vertebrata,Vertebrata,No,,,1,,,,,,,,,,,,,,,,,,,,,,,,,,,,
Gga-Mir-146-P1,gga-mir-146b,MIR-146,GAGAACU,MIMAT0003351,MIMAT0003724,6,24096341,24096401,#ERROR!,Gnathostomata,Vertebrata,No,1,,1,,,,,,,,,,,,,,,,,,,,,,,,,,,,
Gga-Mir-146-P2,gga-mir-146c,MIR-146,GAGAACU,None,MIMAT0007736,4,88746723,88746787,-,Gnathostomata,Vertebrata,Yes,,,1,,,,,,,,,,,,,,,,,,,,,,,,,,,,
Gga-Mir-146-P4,gga-mir-146a,MIR-146,GAGAACU,MIMAT0001163,MIMAT0026529,13,8517296,8517359,-,Gnathostomata,Vertebrata,No,1,,1,,,,,,,,,,,,,,,,,,,,,,,,,,,,
Gga-Mir-147,gga-mir-147,MIR-147,UGUGCGG,None,MIMAT0003352,10,11118953,11119012,#ERROR!,Vertebrata,Vertebrata,No,,,1,,,,,,,,,,,,,,,,,,,,,,,,,,,,
Gga-Mir-148-P1,gga-mir-148a,MIR-148,CAGUGCA,MIMAT0026503,MIMAT0001120,2,32120654,32120713,-,Gnathostomata,Vertebrata,No,,,1,,,,,,,,,,,,,,,,,,,,,,,,,,,,
Gga-Mir-148-P4,gga-mir-148b,MIR-148,CAGUGCA,MIMAT0050026,MIMAT0050027,33,7737151,7737210,#ERROR!,Gnathostomata,Vertebrata,No,,1,1,,,,,,,,,,,,,,,,,,,,,,,,,,,,
Gga-Mir-153-P1,gga-mir-153,MIR-153,UGCAUAG,MIMAT0026502,MIMAT0001119,2,8899858,8899918,-,Gnathostomata,Bilateria,No,,,1,,,,,,,,,,,,,,,,,,,,,,,,,,,,
Gga-Mir-153-P2,None,MIR-153,UGCAUAG,None,None,7,22192593,22192651,#ERROR!,Gnathostomata,Bilateria,No,,,1,,,,,,,,,,,,,,,,,,,,,,,,,,,,
Gga-Mir-155,gga-mir-155,MIR-155,UAAUGCU,MIMAT0001106,None,1,103797405,103797465,#ERROR!,Vertebrata,Vertebrata,No,,,1,,,,,,,,,,,,,,,,,,,,,,,,,,,,
Gga-Mir-181-P1a,gga-mir-181a-1,MIR-181,ACAUUCA,MIMAT0001168,MIMAT0001150,8,2387159,2387220,#ERROR!,Gnathostomata,Vertebrata,No,1,,1,,,,,,,,,,,,,,,,,,,,,,,,,,,,
Gga-Mir-181-P1b,gga-mir-181a-2,MIR-181,ACAUUCA,MIMAT0001168,None,17,9796043,9796103,#ERROR!,Gnathostomata,Vertebrata,No,,,,,,,,,,,,,,,,,,,,,,,,,,,,,,,
Gga-Mir-181-P2a,gga-mir-181b-1,MIR-181,ACAUUCA,MIMAT0001151,MIMAT0026522,8,2387343,2387402,#ERROR!,Gnathostomata,Vertebrata,Yes,,,,,,,,,,,,,,,,,,,,,,,,,,,,,,,
Gga-Mir-181-P2b,gga-mir-181b-2,MIR-181,ACAUUCA,MIMAT0001151,MIMAT0031059,17,9797675,9797734,#ERROR!,Gnathostomata,Vertebrata,No,,,,,,,,,,,,,,,,,,,,,,,,,,,,,,,
Gga-Mir-184,gga-mir-184,MIR-184,GGACGGA,MIMAT0026526,MIMAT0001158,10,20409584,20409645,#ERROR!,Bilateria,Bilateria,No,,,1,,,,,,,,,,,,,,,,,,,,,,,,,,,,
Gga-Mir-187,gga-mir-187,MIR-187,CGUGUCU,MIMAT0026507,MIMAT0001124,2,83611957,83612014,#ERROR!,Osteichthyes,Osteichthyes,Yes,,,1,,,,,,,,,,,,,,,,,,,,,,,,,,,,
Gga-Mir-190-P1,gga-mir-190a,MIR-190,GAUAUGU,MIMAT0001155,MIMAT0026525,10,4718420,4718478,-,Gnathostomata,Bilateria,No,1,,1,,,,,,,,,,,,,,,,,,,,,,,,,,,,
Gga-Mir-190-P3,gga-mir-190b,MIR-190,GAUAUGU,MIMAT0037546,MIMAT0037547,25,2882988,2883047,-,Gnathostomata,Bilateria,No,,,1,,,,,,,,,,,,,,,,,,,,,,,,,,,,
Gga-Mir-191-v1,None,MIR-191,AACGGAA,None,None,12,12045267,12045326,#ERROR!,Gnathostomata,Gnathostomata,No,,,1,,,,,,,,,,,,,,,,,,,,,,,,,,,,
Gga-Mir-191-v2,None,MIR-191,ACGGAAU,None,None,12,12045268,12045325,#ERROR!,Gnathostomata,Gnathostomata,No,,,1,,,,,,,,,,,,,,,,,,,,,,,,,,,,
Gga-Mir-192-P1,gga-mir-215,MIR-192,UGACCUA,MIMAT0001134,MIMAT0026514,3,18902920,18902978,#ERROR!,Vertebrata,Vertebrata,No,1,,1,,,,,,,,,,,,,,,,,,,,,,,,,,,,
Gga-Mir-193-P1a,gga-mir-193b,MIR-193,ACUGGCC,MIMAT0026629,MIMAT0003353,14,1167562,1167620,#ERROR!,Vertebrata,Bilateria,No,1,,,,,,,,,,,,,,,,,,,,,,,,,,,,,,
Gga-Mir-193-P1b,gga-mir-193a,MIR-193,ACUGGCC,MIMAT0026787,MIMAT0007740,18,6417119,6417177,#ERROR!,Vertebrata,Bilateria,No,,,1,,,,,,,,,,,,,,,,,,,,,,,,,,,,
Gga-Mir-193-P2a,gga-mir-365-1,MIR-193,AAUGCCC,MIMAT0026630,MIMAT0003361,14,1172380,1172440,#ERROR!,Vertebrata,Bilateria,Yes,,,1,,,,,,,,,,,,,,,,,,,,,,,,,,,,
Gga-Mir-193-P2b,gga-mir-365-2,MIR-193,AAUGCCC,MIMAT0031075,MIMAT0003361,18,6430650,6430711,#ERROR!,Vertebrata,Bilateria,No,,,1,,,,,,,,,,,,,,,,,,,,,,,,,,,,
Gga-Mir-194-P1,gga-mir-194,MIR-194,GUAACAG,MIMAT0001133,None,3,18902602,18902657,#ERROR!,Vertebrata,Vertebrata,No,,,1,,,,,,,,,,,,,,,,,,,,,,,,,,,,
Gga-Mir-196-P1,gga-mir-196-2,MIR-196,AGGUAGU,MIMAT0001121,MIMAT0026504,2,32649895,32649953,-,Gnathostomata,Olfactores,No,,,1,,,,,,,,,,,,,,,,,,,,,,,,,,,,
Gga-Mir-196-P3,gga-mir-196-1,MIR-196,AGGUAGU,MIMAT0001121,MIMAT0031017,27,6183444,6183503,#ERROR!,Gnathostomata,Olfactores,No,,,1,,,,,,,,,,,,,,,,,,,,,,,,,,,,
Gga-Mir-196-P4,gga-mir-196-3,MIR-196,AGGUAGU,MIMAT0001121,None,33,7592237,7592294,#ERROR!,Gnathostomata,Olfactores,No,,,1,,,,,,,,,,,,,,,,,,,,,,,,,,,,
Gga-Mir-199-P1-v1,gga-mir-199-2,MIR-199,CAGUAGU,MIMAT0001152,MIMAT0003721,8,5020651,5020711,#ERROR!,Gnathostomata,Vertebrata,No,,,1,,,,,,,,,,,,,,,,,,,,,,,,,,,,
Gga-Mir-199-P1-v2,gga-mir-199-2,MIR-199,ACAGUAG,MIMAT0001152,MIMAT0003721,8,5020651,5020711,#ERROR!,Gnathostomata,Vertebrata,No,,,1,,,,,,,,,,,,,,,,,,,,,,,,,,,,
Gga-Mir-199-P1-v3,gga-mir-199-2,MIR-199,AGUAGUC,MIMAT0001152,MIMAT0003721,8,5020651,5020711,#ERROR!,Gnathostomata,Vertebrata,No,,,1,,,,,,,,,,,,,,,,,,,,,,,,,,,,
Gga-Mir-199-P2-v1,gga-mir-199-1,MIR-199,CAGUAGU,MIMAT0001152,MIMAT0003721,17,5405926,5405986,#ERROR!,Gnathostomata,Vertebrata,No,,,1,,,,,,,,,,,,,,,,,,,,,,,,,,,,
Gga-Mir-199-P2-v2,gga-mir-199-1,MIR-199,ACAGUAG,MIMAT0001152,MIMAT0003721,17,5405926,5405986,#ERROR!,Gnathostomata,Vertebrata,No,,,1,,,,,,,,,,,,,,,,,,,,,,,,,,,,
Gga-Mir-199-P2-v3,gga-mir-199-1,MIR-199,AGUAGUC,MIMAT0001152,MIMAT0003721,17,5405926,5405986,#ERROR!,Gnathostomata,Vertebrata,No,,,1,,,,,,,,,,,,,,,,,,,,,,,,,,,,
Gga-Mir-202,gga-mir-202,MIR-202,UCCUAUG,MIMAT0003354,MIMAT0003355,6,22456120,22456177,#ERROR!,Vertebrata,Vertebrata,No,,,1,,,,,,,,,,,,,,,,,,,,,,,,,,,,
Gga-Mir-203-v1,gga-mir-203a,MIR-203,UGAAAUG,None,MIMAT0001146,5,50883065,50883124,#ERROR!,Vertebrata,Vertebrata,No,,,1,,,,,,,,,,,,,,,,,,,,,,,,,,,,
Gga-Mir-203-v2,gga-mir-203a,MIR-203,GAAAUGU,None,MIMAT0001146,5,50883065,50883124,#ERROR!,Vertebrata,Vertebrata,Yes,,,1,,,,,,,,,,,,,,,,,,,,,,,,,,,,
Gga-Mir-204-P1,gga-mir-204-2,MIR-204,UCCCUUU,MIMAT0001156,None,10,6140988,6141045,#ERROR!,Gnathostomata,Vertebrata,No,1,,1,,,,,,,,,,,,,,,,,,,,,,,,,,,,
Gga-Mir-204-P2,gga-mir-204-1,MIR-204,UCCCUUU,MIMAT0001156,None,Z,35192633,35192692,-,Gnathostomata,Vertebrata,No,1,,1,,,,,,,,,,,,,,,,,,,,,,,,,,,,
Gga-Mir-204-P4,gga-mir-211,MIR-204,UCCCUUU,MIMAT0003368,None,28,2326325,2326382,#ERROR!,Gnathostomata,Vertebrata,No,,,,,,,,,,,,,,,,,,,,,,,,,,,,,,,
Gga-Mir-205-P2,gga-mir-205b,MIR-205,CCUUCAU,MIMAT0001164,None,1,1908508,1908566,-,Gnathostomata,Vertebrata,No,,,1,,,,,,,,,,,,,,,,,,,,,,,,,,,,
Gga-Mir-205-P4,gga-mir-205a,MIR-205,CCUUCAU,MIMAT0001184,None,26,3076446,3076504,#ERROR!,Gnathostomata,Vertebrata,No,,,,,,,,,,,,,,,,,,,,,,,,,,,,,,,
Gga-Mir-210,gga-mir-210a,MIR-210,UGUGCGU,MIMAT0037549,MIMAT0037550,5,16094308,16094368,#ERROR!,Bilateria,Bilateria,No,,,,,,,,,,,,,,,,,,,,,,,,,,,,,,,
Gga-Mir-214-v1,gga-mir-214,MIR-214,CAGCAGG,None,MIMAT0007751,8,5026506,5026568,#ERROR!,Gnathostomata,Gnathostomata,No,,,,,,,,,,,,,,,,,,,,,,,,,,,,,,,
Gga-Mir-214-v2,gga-mir-214,MIR-214,ACAGCAG,None,MIMAT0007751,8,5026506,5026568,#ERROR!,Gnathostomata,Gnathostomata,No,,,,,,,,,,,,,,,,,,,,,,,,,,,,,,,
Gga-Mir-216-P2a,gga-mir-216b,MIR-216,AAUCUCU,MIMAT0007748,None,3,350639,350700,-,Vertebrata,Bilateria,No,,1,,,,,,,,,,,,,,,,,,,,,,,,,,,,,
Gga-Mir-216-P2b,gga-mir-216a,MIR-216,AAUCUCA,MIMAT0001131,None,3,345249,345307,-,Vertebrata,Bilateria,No,,,,,,,,,,,,,,,,,,,,,,,,,,,,,,,
Gga-Mir-217-v1,gga-mir-217,MIR-217,ACUGCAU,MIMAT0001132,MIMAT0026513,3,342569,342627,-,Chordata,Chordata,No,,,1,,,,,,,,,,,,,,,,,,,,,,,,,,,,
Gga-Mir-217-v2,gga-mir-217,MIR-217,UACUGCA,MIMAT0001132,MIMAT0026513,3,342568,342628,-,Chordata,Chordata,No,,,1,,,,,,,,,,,,,,,,,,,,,,,,,,,,
Gga-Mir-218-P2,gga-mir-218-1,MIR-218,UGUGCUU,MIMAT0001144,MIMAT0026518,4,75040862,75040925,-,Gnathostomata,Vertebrata,No,,,1,,,,,,,,,,,,,,,,,,,,,,,,,,,,
Gga-Mir-218-P4,gga-mir-218-2,MIR-218,UGUGCUU,MIMAT0001144,MIMAT0026518,13,5314131,5314194,#ERROR!,Gnathostomata,Vertebrata,No,,,1,,,,,,,,,,,,,,,,,,,,,,,,,,,,
Gga-Mir-219-P2,gga-mir-219a,MIR-219,GAUUGUC,MIMAT0001170,None,17,5319595,5319661,#ERROR!,Gnathostomata,Bilateria,No,,,1,,,,,,,,,,,,,,,,,,,,,,,,,,,,
Gga-Mir-221-P1a,gga-mir-222a,MIR-221,GCUACAU,None,None,1,111966551,111966613,#ERROR!,Gnathostomata,Vertebrata,No,,1,1,,,,,,,,,,,,,,,,,,,,,,,,,,,,
Gga-Mir-221-P1b,gga-mir-222b,MIR-221,GCUACAU,MIMAT0025617,MIMAT0025618,4,2169328,2169394,#ERROR!,Gnathostomata,Vertebrata,Yes,,1,,,,,,,,,,,,,,,,,,,,,,,,,,,,,
Gga-Mir-221-P2a,gga-mir-221,MIR-221,GCUACAU,MIMAT0026494,MIMAT0001108,1,111967061,111967123,#ERROR!,Gnathostomata,Vertebrata,No,,,,,,,,,,,,,,,,,,,,,,,,,,,,,,,
Gga-Mir-223,gga-mir-223,MIR-223,GUCAGUU,None,MIMAT0001140,4,264981,265045,#ERROR!,Vertebrata,Vertebrata,No,,,1,,,,,,,,,,,,,,,,,,,,,,,,,,,,
Gga-Mir-338-P2,gga-mir-338,MIR-338,CCAGCAU,MIMAT0037551,MIMAT0037552,18,9290670,9290730,#ERROR!,Vertebrata,Vertebrata,No,1,,1,,,,,,,,,,,,,,,,,,,,,,,,,,,,
Gga-Mir-375,gga-mir-375,MIR-375,UUGUUCG,None,MIMAT0003362,7,22344642,22344699,#ERROR!,Bilateria,Bilateria,No,,,1,,,,,,,,,,,,,,,,,,,,,,,,,,,,
Gga-Mir-383-v1,gga-mir-383,MIR-383,GAUCAGA,MIMAT0003363,MIMAT0026631,4,63986776,63986837,#ERROR!,Tetrapoda,Tetrapoda,No,,,,,,,,,,,,,,,,,,,,,,,,,,,,,,,
Gga-Mir-383-v2,gga-mir-383,MIR-383,AGAUCAG,MIMAT0003363,MIMAT0026631,4,63986775,63986837,#ERROR!,Tetrapoda,Tetrapoda,Yes,,,,,,,,,,,,,,,,,,,,,,,,,,,,,,,
Gga-Mir-425,None,MIR-425,AUGACAC,None,None,12,12045651,12045713,#ERROR!,Gnathostomata,Gnathostomata,No,,,1,,,,,,,,,,,,,,,,,,,,,,,,,,,,
Gga-Mir-430-P1,gga-mir-302b,MIR-430,AAGUGCU,MIMAT0003356,MIMAT0003357,4,57084186,57084246,#ERROR!,Gnathostomata,Vertebrata,No,1,1,,,,,,,,,,,,,,,,,,,,,,,,,,,,,
Gga-Mir-430-P2,gga-mir-302c,MIR-430,AAGUGCU,MIMAT0003358,MIMAT0003359,4,57084446,57084502,#ERROR!,Gnathostomata,Vertebrata,No,,,,,,,,,,,,,,,,,,,,,,,,,,,,,,,
Gga-Mir-430-P3,gga-mir-302a,MIR-430,AAGUGCU,None,MIMAT0001143,4,57084749,57084807,#ERROR!,Gnathostomata,Vertebrata,No,,,1,,,,,,,,,,,,,,,,,,,,,,,,,,,,
Gga-Mir-430-P4,gga-mir-302d,MIR-430,AAGUGCU,None,MIMAT0003360,4,57085084,57085144,#ERROR!,Gnathostomata,Vertebrata,No,,,1,,,,,,,,,,,,,,,,,,,,,,,,,,,,
Gga-Mir-451,gga-mir-451,MIR-451,AACCGUU,MIMAT0003775,,19,6010684,6010725,-,Vertebrata,Vertebrata,NA,,,1,,,,,,,,,,,,,,,,,,,,,,,,,,,,
Gga-Mir-455,gga-mir-455,MIR-455,AUGUGCC,MIMAT0003364,MIMAT0006788,17,5073863,5073920,#ERROR!,Vertebrata,Vertebrata,No,,,,,,,,,,,,,,,,,,,,,,,,,,,,,,,
Gga-Mir-456,gga-mir-456,MIR-456,AGGCUGG,MIMAT0026645,MIMAT0003777,3,31551589,31551649,-,Vertebrata,Vertebrata,Yes,,1,1,,,,,,,,,,,,,,,,,,,,,,,,,,,,
Gga-Mir-458,gga-mir-458a,MIR-458,UAGCUCU,MIMAT0007745,MIMAT0007746,13,8954784,8954841,-,Osteichthyes,Osteichthyes,No,,,1,,,,,,,,,,,,,,,,,,,,,,,,,,,,
Gga-Mir-458-as,gga-mir-458b,MIR-458,UAGCUCU,MIMAT0025830,MIMAT0025831,13,8954786,8954843,#ERROR!,Neognathae,Osteichthyes,No,,,1,,,,,,,,,,,,,,,,,,,,,,,,,,,,
Gga-Mir-460-P1,gga-mir-460a,MIR-460,CUGCAUU,MIMAT0003778,MIMAT0026646,2,3746362,3746420,#ERROR!,Osteichthyes,Osteichthyes,No,,1,1,,,,,,,,,,,,,,,,,,,,,,,,,,,,
Gga-Mir-460-P2,gga-mir-460b,MIR-460,CCUCAUU,MIMAT0007326,MIMAT0007327,4,2699830,2699886,#ERROR!,Osteichthyes,Osteichthyes,No,,,1,,,,,,,,,,,,,,,,,,,,,,,,,,,,
Gga-Mir-489-v1,gga-mir-489,MIR-489,UGACAUC,MIMAT0026632,MIMAT0003365,2,23119351,23119410,-,Osteichthyes,Osteichthyes,No,,,1,,,,,,,,,,,,,,,,,,,,,,,,,,,,
Gga-Mir-489-v2,gga-mir-489,MIR-489,GACAUCA,MIMAT0026632,MIMAT0003365,2,23119350,23119411,-,Osteichthyes,Osteichthyes,No,,,1,,,,,,,,,,,,,,,,,,,,,,,,,,,,
Gga-Mir-490,gga-mir-490,MIR-490,AACCUGG,MIMAT0026633,MIMAT0003366,1,57867710,57867771,-,Amniota,Amniota,No,,,1,,,,,,,,,,,,,,,,,,,,,,,,,,,,
Gga-Mir-499,gga-mir-499,MIR-499,UAAGACU,MIMAT0003367,MIMAT0026634,20,2603260,2603319,-,Vertebrata,Vertebrata,No,1,,,,,,,,,,,,,,,,,,,,,,,,,,,,,,
Gga-Mir-551-P2,gga-mir-551,MIR-551,CGACCCA,MIMAT0007289,MIMAT0007290,9,20573635,20573695,-,Vertebrata,Vertebrata,Yes,,1,1,,,,,,,,,,,,,,,,,,,,,,,,,,,,
Gga-Mir-726,gga-mir-726,MIR-726,UCACCAC,MIMAT0050085,MIMAT0050086,KZ626833.1,219368,219424,#ERROR!,Osteichthyes,Osteichthyes,Yes,,,,,,,,,,,,,,,,,,,,,,,,,,,,,,,
Gga-Mir-1306,gga-mir-1306,MIR-1306,CACCUCC,MIMAT0026763,MIMAT0007329,15,1583112,1583172,#ERROR!,Gnathostomata,Gnathostomata,Yes,,1,1,,,,,,,,,,,,,,,,,,,,,,,,,,,,
Gga-Mir-1329-v1,gga-mir-1329,MIR-1329,ACAGUGA,MIMAT0007281,MIMAT0007282,3,96917372,96917432,#ERROR!,Vertebrata,Vertebrata,No,,,1,,,,,,,,,,,,,,,,,,,,,,,,,,,,
Gga-Mir-1329-v2,gga-mir-1329,MIR-1329,CAGUGAU,MIMAT0007281,MIMAT0007282,3,96917373,96917431,#ERROR!,Vertebrata,Vertebrata,No,,,1,,,,,,,,,,,,,,,,,,,,,,,,,,,,
Gga-Mir-1388,gga-mir-1388a,MIR-1388,GGACUGU,MIMAT0037555,MIMAT0037556,20,9510195,9510255,#ERROR!,Gnathostomata,Gnathostomata,No,,1,,,,,,,,,,,,,,,,,,,,,,,,,,,,,
Gga-Mir-1397,gga-mir-1397,MIR-1397,GCAUUGC,MIMAT0007283,MIMAT0007284,1,128273803,128273860,#ERROR!,Amniota,Amniota,No,1,,,,,,,,,,,,,,,,,,,,,,,,,,,,,,
Gga-Mir-1416,gga-mir-1416,MIR-1416,CCUUAAC,MIMAT0007285,MIMAT0007286,Z,34934107,34934166,#ERROR!,Amniota,Amniota,No,,,1,,,,,,,,,,,,,,,,,,,,,,,,,,,,
Gga-Mir-1451,gga-mir-1451,MIR-1451,CGCACAG,MIMAT0007324,MIMAT0007325,3,75994583,75994641,#ERROR!,Neognathae,Neognathae,No,,,1,,,,,,,,,,,,,,,,,,,,,,,,,,,,
Gga-Mir-1452,gga-mir-1452,MIR-1452,UGAGAUA,MIMAT0007328,None,Z,66646493,66646555,#ERROR!,G. gallus,G. gallus,No,1,,,,,,,,,,,,,,,,,,,,,,,,,,,,,,
Gga-Mir-1467,gga-mir-1467-1,MIR-1467,CACACCA,MIMAT0007345,MIMAT0007346,2,135915053,135915117,-,Neognathae,Neognathae,No,,,1,,,,,,,,,,,,,,,,,,,,,,,,,,,,
Gga-Mir-1550,gga-mir-1550,MIR-1550,GAUGGGG,MIMAT0007403,MIMAT0007404,12,13251466,13251522,#ERROR!,G. gallus,G. gallus,No,,,,,,,,,,,,,,,,,,,,,,,,,,,,,,,
Gga-Mir-1551,gga-mir-1551,MIR-1551,UAGCAGC,MIMAT0007405,MIMAT0007406,14,5612819,5612882,#ERROR!,G. gallus,G. gallus,No,,1,1,,,,,,,,,,,,,,,,,,,,,,,,,,,,
Gga-Mir-1552,gga-mir-1552,MIR-1552,UAGUGCG,MIMAT0007407,MIMAT0007408,1,134912431,134912488,#ERROR!,Neognathae,Neognathae,No,,,,,,,,,,,,,,,,,,,,,,,,,,,,,,,
Gga-Mir-1553,gga-mir-1553,MIR-1553,GUGGUGG,MIMAT0007409,MIMAT0007410,7,23744593,23744649,#ERROR!,G. gallus,G. gallus,No,,,1,,,,,,,,,,,,,,,,,,,,,,,,,,,,
Gga-Mir-1555,gga-mir-1555,MIR-1555,AGGGUUA,MIMAT0026774,MIMAT0007412,1,146371379,146371439,-,G. gallus,G. gallus,No,,1,,,,,,,,,,,,,,,,,,,,,,,,,,,,,
Gga-Mir-1559,gga-mir-1559,MIR-1559,UCGAUGC,MIMAT0007416,MIMAT0026775,7,1375491,1375550,-,Neognathae,Neognathae,No,,,1,,,,,,,,,,,,,,,,,,,,,,,,,,,,
Gga-Mir-1560,gga-mir-1560,MIR-1560,GCAUCUC,MIMAT0007417,MIMAT0007418,11,18630380,18630438,-,G. gallus,G. gallus,No,,,,,,,,,,,,,,,,,,,,,,,,,,,,,,,
Gga-Mir-1591,gga-mir-1591,MIR-1591,GAUUCAU,MIMAT0007453,MIMAT0007454,7,19311636,19311696,-,G. gallus,G. gallus,No,,,1,,,,,,,,,,,,,,,,,,,,,,,,,,,,
Gga-Mir-1596,gga-mir-1596,MIR-1596,UUCUCCU,MIMAT0007460,MIMAT0007461,1,6347558,6347621,#ERROR!,G. gallus,G. gallus,No,,,,,,,,,,,,,,,,,,,,,,,,,,,,,,,
Gga-Mir-1601,gga-mir-1601,MIR-1601,GCUCUGC,None,MIMAT0007467,24,2042406,2042470,#ERROR!,G. gallus,G. gallus,No,,,1,,,,,,,,,,,,,,,,,,,,,,,,,,,,
Gga-Mir-1618,gga-mir-1618,MIR-1618,GAGCCCG,MIMAT0026776,MIMAT0007485,8,7822239,7822298,#ERROR!,G. gallus,G. gallus,No,,,,,,,,,,,,,,,,,,,,,,,,,,,,,,,
Gga-Mir-1641,gga-mir-1641,MIR-1641,GAGGAUU,MIMAT0007516,None,3,13376040,13376098,-,Archosauria,Archosauria,No,1,,,,,,,,,,,,,,,,,,,,,,,,,,,,,,
Gga-Mir-1651,gga-mir-1651,MIR-1651,UGCUUUU,MIMAT0007529,MIMAT0007530,1,1178478,1178535,#ERROR!,G. gallus,G. gallus,No,,,,,,,,,,,,,,,,,,,,,,,,,,,,,,,
Gga-Mir-1662,gga-mir-1662,MIR-1662,UGACAUC,MIMAT0007543,None,2,1911596,1911653,#ERROR!,Tetrapoda,Tetrapoda,No,1,,,,,,,,,,,,,,,,,,,,,,,,,,,,,,
Gga-Mir-1663,gga-mir-1663,MIR-1663,ACCGCUG,MIMAT0007544,MIMAT0007545,5,16028827,16028883,#ERROR!,G. gallus,G. gallus,No,,,1,,,,,,,,,,,,,,,,,,,,,,,,,,,,
Gga-Mir-1668,gga-mir-1668,MIR-1668,GCUGUGU,MIMAT0007551,MIMAT0007552,33,5702513,5702569,-,G. gallus,G. gallus,No,,1,,,,,,,,,,,,,,,,,,,,,,,,,,,,,
Gga-Mir-1669,gga-mir-1669,MIR-1669,UGGGCUC,None,MIMAT0007553,26,3626810,3626871,#ERROR!,G. gallus,G. gallus,No,,,,,,,,,,,,,,,,,,,,,,,,,,,,,,,
Gga-Mir-1677-P1,gga-mir-1677,MIR-1677,UGACUUC,MIMAT0007562,MIMAT0007563,3,73971343,73971399,#ERROR!,Archelosauria,Diapsida,No,1,,,,,,,,,,,,,,,,,,,,,,,,,,,,,,
Gga-Mir-1677-P2,gga-mir-1620,MIR-1677,CUUUAAU,None,MIMAT0007487,8,18847863,18847924,#ERROR!,Archelosauria,Diapsida,No,1,1,,,,,,,,,,,,,,,,,,,,,,,,,,,,,
Gga-Mir-1677-P3,gga-mir-1744,MIR-1677,CUUCAAC,MIMAT0007648,MIMAT0007649,10,10362855,10362917,#ERROR!,G. gallus,Diapsida,No,,,,,,,,,,,,,,,,,,,,,,,,,,,,,,,
Gga-Mir-1677-P4,gga-mir-1784,MIR-1677,UGACUUA,MIMAT0007696,None,3,35727117,35727174,#ERROR!,Archelosauria,Diapsida,No,,,,,,,,,,,,,,,,,,,,,,,,,,,,,,,
Gga-Mir-1677-P5,gga-mir-1803,MIR-1677,UUGACUU,None,MIMAT0007720,2,92556457,92556510,#ERROR!,Neognathae,Diapsida,No,,,,,,,,,,,,,,,,,,,,,,,,,,,,,,,
Gga-Mir-1677-P6,None,MIR-1677,UGACUUA,None,None,2,83618413,83618470,#ERROR!,Neognathae,Diapsida,No,,,,,,,,,,,,,,,,,,,,,,,,,,,,,,,
Gga-Mir-1685,gga-mir-1685,MIR-1685,CAGUAAU,MIMAT0007573,MIMAT0007574,2,24783243,24783306,#ERROR!,G. gallus,G. gallus,No,,,,,,,,,,,,,,,,,,,,,,,,,,,,,,,
Gga-Mir-1689,gga-mir-1689,MIR-1689,CGGUGAC,MIMAT0007579,MIMAT0007580,19,9540181,9540243,-,G. gallus,G. gallus,No,,,1,,,,,,,,,,,,,,,,,,,,,,,,,,,,
Gga-Mir-1720,gga-mir-1720,MIR-1720,AAGCAAC,MIMAT0007617,MIMAT0007618,10,13575806,13575866,-,Diapsida,Diapsida,No,,,1,,,,,,,,,,,,,,,,,,,,,,,,,,,,
Gga-Mir-1728,gga-mir-1728,MIR-1728,GGCUUCU,MIMAT0007627,MIMAT0007628,4,10929477,10929544,-,G. gallus,G. gallus,No,1,,,,,,,,,,,,,,,,,,,,,,,,,,,,,,
Gga-Mir-1729,gga-mir-1729,MIR-1729,UCCCUUA,MIMAT0007629,MIMAT0007630,15,1058322,1058384,#ERROR!,Neognathae,Neognathae,No,,,,,,,,,,,,,,,,,,,,,,,,,,,,,,,
Gga-Mir-1731,gga-mir-1731,MIR-1731,CUUGACU,MIMAT0007633,MIMAT0026780,12,11048722,11048777,-,G. gallus,G. gallus,No,,,,,,,,,,,,,,,,,,,,,,,,,,,,,,,
Gga-Mir-1736,gga-mir-1736,MIR-1736,GCACCUU,MIMAT0007638,MIMAT0007639,1,140535089,140535155,-,G. gallus,G. gallus,No,,,,,,,,,,,,,,,,,,,,,,,,,,,,,,,
Gga-Mir-1751,gga-mir-1751,MIR-1751,UGAAGGA,MIMAT0007658,None,4,50089462,50089525,#ERROR!,G. gallus,G. gallus,No,,,1,,,,,,,,,,,,,,,,,,,,,,,,,,,,
Gga-Mir-1774,gga-mir-1774,MIR-1774,CCCUGCU,None,MIMAT0007685,28,1464741,1464800,#ERROR!,G. gallus,G. gallus,No,,,1,,,,,,,,,,,,,,,,,,,,,,,,,,,,
Gga-Mir-1781,gga-mir-1781,MIR-1781,UUAAAUC,MIMAT0007692,MIMAT0007693,14,3720530,3720588,-,Neognathae,Neognathae,No,,,,,,,,,,,,,,,,,,,,,,,,,,,,,,,
Gga-Mir-1788,gga-mir-1788,MIR-1788,GCUUGUU,MIMAT0007700,MIMAT0007701,7,22354033,22354091,#ERROR!,Vertebrata,Vertebrata,Yes,,1,1,,,,,,,,,,,,,,,,,,,,,,,,,,,,
Gga-Mir-1805,gga-mir-1805,MIR-1805,GUAUUGG,MIMAT0007722,MIMAT0007723,1,132328865,132328925,-,Tetrapoda,Tetrapoda,No,1,,,,,,,,,,,,,,,,,,,,,,,,,,,,,,
Gga-Mir-1806,gga-mir-1806,MIR-1806,GGCAGGA,None,MIMAT0007724,1,95234304,95234363,-,G. gallus,G. gallus,No,,,1,,,,,,,,,,,,,,,,,,,,,,,,,,,,
Gga-Mir-2131,gga-mir-2131,MIR-2131,UGCAGAA,MIMAT0011207,MIMAT0026920,Z,70948215,70948279,-,Neognathae,Neognathae,No,,,,,,,,,,,,,,,,,,,,,,,,,,,,,,,
Gga-Mir-2184,None,MIR-2184,ACAGUAA,None,None,19,5662689,5662744,#ERROR!,Gnathostomata,Gnathostomata,No,,,,,,,,,,,,,,,,,,,,,,,,,,,,,,,
Gga-Mir-2188,gga-mir-2188,MIR-2188,AGGUCCA,MIMAT0016372,MIMAT0027028,22,2948515,2948574,-,Gnathostomata,Gnathostomata,No,,,,,,,,,,,,,,,,,,,,,,,,,,,,,,,
Gga-Mir-2954,gga-mir-2954,MIR-2954,AUCCCCA,None,MIMAT0014448,Z,70937428,70937488,#ERROR!,Neognathae,Neognathae,Yes,1,,1,,,,,,,,,,,,,,,,,,,,,,,,,,,,
Gga-Mir-2970,None,MIR-2970,ACAGUCA,None,None,12,12045916,12045973,#ERROR!,Sarcopterygii,Sarcopterygii,No,,,1,,,,,,,,,,,,,,,,,,,,,,,,,,,,
Gga-Mir-2984,gga-mir-2984,MIR-2984,GCCUGCU,MIMAT0049894,MIMAT0049895,1,145954986,145955052,-,Neognathae,Neognathae,Yes,,,1,,,,,,,,,,,,,,,,,,,,,,,,,,,,
Gga-Mir-7441,gga-mir-7441,MIR-7441,UGAGGAG,MIMAT0029036,MIMAT0029037,17,2437879,2437941,#ERROR!,G. gallus,G. gallus,No,,,,,,,,,,,,,,,,,,,,,,,,,,,,,,,
Gga-Mir-7462,gga-mir-7462,MIR-7462,AACCUCA,MIMAT0029078,MIMAT0029079,3,54227861,54227921,#ERROR!,G. gallus,G. gallus,No,,,,,,,,,,,,,,,,,,,,,,,,,,,,,,,
Gga-Mir-7463,gga-mir-7463,MIR-7463,UUACUUU,MIMAT0029080,MIMAT0029081,3,1064693,1064754,#ERROR!,Diapsida,Diapsida,No,1,,,,,,,,,,,,,,,,,,,,,,,,,,,,,,
Gga-Mir-10585,gga-mir-10585,MIR-10585,GAUGAAA,MIMAT0049964,MIMAT0049965,2,473003,473062,#ERROR!,G. gallus,G. gallus,No,1,,1,,,,,,,,,,,,,,,,,,,,,,,,,,,,
Gga-Mir-12223,gga-mir-12223,MIR-12223,AGUUCAG,MIMAT0049923,MIMAT0049924,13,17776577,17776631,-,G. gallus,G. gallus,No,,,,,,,,,,,,,,,,,,,,,,,,,,,,,,,
Gga-Mir-12246,gga-mir-12246,MIR-12246,UGGGUGG,MIMAT0049981,MIMAT0049982,21,5009985,5010042,-,G. gallus,G. gallus,No,1,,,,,,,,,,,,,,,,,,,,,,,,,,,,,,
Gga-Mir-12265,gga-mir-12265,MIR-12265,UGGCUGU,MIMAT0050020,MIMAT0050021,3,96496738,96496796,-,G. gallus,G. gallus,No,,1,,,,,,,,,,,,,,,,,,,,,,,,,,,,,
Gga-Mir-12277,gga-mir-12277,MIR-12277,UUGGGUG,MIMAT0050048,MIMAT0050049,5,348189,348254,#ERROR!,G. gallus,G. gallus,No,1,,,,,,,,,,,,,,,,,,,,,,,,,,,,,,