MirGeneDB ID â–²,MiRBase ID,Family,Seed,5p accession,3p accession,Chromosome,Start,End,Strand,Node of origin (locus),Node of origin (family),3' NTU,UG,UGUG,CNNC,Br,Gi,He,In,Li,Sk,Sp,Wh
Gmo-Let-7-P1b1,gmo-let-7d-2,LET-7,GAGGUAG,MIMAT0044195,None,GeneScaffold_2454,128932,129001,-,Clupeocephala,Bilateria,No,1,,1,,,,,,,,
Gmo-Let-7-P1b2,gmo-let-7d-1,LET-7,GAGGUAG,MIMAT0044195,MIMAT0044315,GeneScaffold_802,171195,171264,-,Clupeocephala,Bilateria,No,,,1,,,,,,,,
Gmo-Let-7-P1c2,gmo-let-7c,LET-7,GAGGUAG,MIMAT0044271,MIMAT0044272,GeneScaffold_4232,160003,160069,#ERROR!,Clupeocephala,Bilateria,No,,,1,,,,,,,,
Gmo-Let-7-P1d1,gmo-let-7a-2,LET-7,GAGGUAG,MIMAT0044081,None,GeneScaffold_1068,125983,126049,#ERROR!,Clupeocephala,Bilateria,No,,,1,,,,,,,,
Gmo-Let-7-P1d2,gmo-let-7a-1,LET-7,GAGGUAG,MIMAT0044081,MIMAT0044274,GeneScaffold_4254,260452,260518,-,Clupeocephala,Bilateria,No,,,,,,,,,,,
Gmo-Let-7-P2a1a,None,LET-7,GAGGUAG,None,None,GeneScaffold_1801,26965,27035,-,Clupeocephala,Bilateria,Yes,,,1,,,,,,,,
Gmo-Let-7-P2a2a,gmo-let-7a-3,LET-7,GAGGUAG,MIMAT0044081,MIMAT0044082,contig883631,2613,2684,-,Clupeocephala,Bilateria,Yes,,,1,,,,,,,,
Gmo-Let-7-P2a3a,gmo-let-7g-2,LET-7,GAGGUAG,MIMAT0044167,MIMAT0044168,GeneScaffold_2603,770245,770315,#ERROR!,Clupeocephala,Bilateria,Yes,,,1,,,,,,,,
Gmo-Let-7-P2a3b,gmo-let-7g-1,LET-7,GAGGUAG,MIMAT0044167,MIMAT0044168,GeneScaffold_2027,23474,23544,-,Clupeocephala,Bilateria,Yes,1,,1,,,,,,,,
Gmo-Let-7-P2a4a,gmo-let-7e-1,LET-7,GAGGUAG,MIMAT0044179,MIMAT0044180,GeneScaffold_2185,88019,88090,#ERROR!,Clupeocephala,Bilateria,Yes,,1,,,,,,,,,
Gmo-Let-7-P2a4b,gmo-let-7e-2,LET-7,GAGGUAG,MIMAT0044179,MIMAT0044180,contig98176,705,775,-,Clupeocephala,Bilateria,Yes,,1,,,,,,,,,
Gmo-Let-7-P2b1a,gmo-let-7f,LET-7,GAGGUAG,MIMAT0044154,MIMAT0044155,GeneScaffold_1801,26456,26532,-,Clupeocephala,Bilateria,Yes,,,1,,,,,,,,
Gmo-Let-7-P2b2a,None,LET-7,GAGGUAG,None,None,contig883631,1618,1695,-,Clupeocephala,Bilateria,Yes,,,1,,,,,,,,
Gmo-Let-7-P2b3a,gmo-let-7h-1,LET-7,GAGGUAG,MIMAT0044165,MIMAT0044202,GeneScaffold_2603,770560,770640,#ERROR!,Clupeocephala,Bilateria,Yes,1,,1,,,,,,,,
Gmo-Let-7-P2b3b,gmo-let-7h-2,LET-7,GAGGUAG,MIMAT0044165,MIMAT0044166,GeneScaffold_2027,22988,23070,-,Clupeocephala,Bilateria,Yes,,1,1,,,,,,,,
Gmo-Let-7-P2b4a,gmo-let-7a-5,LET-7,GAGGUAG,MIMAT0044081,MIMAT0044181,GeneScaffold_2185,88263,88338,#ERROR!,Clupeocephala,Bilateria,Yes,,,,,,,,,,,
Gmo-Let-7-P2b4b,gmo-let-7a-4,LET-7,GAGGUAG,MIMAT0044081,MIMAT0044084,contig98176,498,574,-,Clupeocephala,Bilateria,Yes,,1,,,,,,,,,
Gmo-Let-7-P2c2a,gmo-let-7i-2,LET-7,GAGGUAG,MIMAT0044293,MIMAT0044294,GeneScaffold_4544,46797,46874,-,Clupeocephala,Bilateria,Yes,,,1,,,,,,,,
Gmo-Let-7-P2c2b,gmo-let-7i-1,LET-7,GAGGUAG,MIMAT0044293,MIMAT0044317,GeneScaffold_856,210219,210295,-,Clupeocephala,Bilateria,Yes,,,1,,,,,,,,
Gmo-Let-7-P2c3,gmo-let-7j,LET-7,GAGGUAG,MIMAT0044137,MIMAT0044138,GeneScaffold_169,9149,9226,#ERROR!,Gnathostomata,Bilateria,Yes,1,,1,,,,,,,,
Gmo-Mir-1-P1,gmo-mir-1-2,MIR-1,GGAAUGU,MIMAT0044247,MIMAT0044042,GeneScaffold_377,378532,378593,#ERROR!,Gnathostomata,Bilateria,No,1,,,,,,,,,,
Gmo-Mir-1-P2a,gmo-mir-206,MIR-1,GGAAUGU,MIMAT0044198,MIMAT0044199,GeneScaffold_2491,51191,51250,#ERROR!,Clupeocephala,Bilateria,No,1,,1,,,,,,,,
Gmo-Mir-1-P3,gmo-mir-1-1,MIR-1,GGAAUGU,MIMAT0044041,MIMAT0044042,contig374994,157,217,-,Gnathostomata,Bilateria,No,,,,,,,,,,,
Gmo-Mir-7-P1a,gmo-mir-7a-3,MIR-7,GGAAGAC,MIMAT0044123,None,GeneScaffold_4119,232118,232184,-,Clupeocephala,Bilateria,No,,1,1,,,,,,,,
Gmo-Mir-7-P1b,gmo-mir-7b,MIR-7,GGAAGAC,MIMAT0044219,None,GeneScaffold_3319,52966,53029,-,Clupeocephala,Bilateria,No,,1,1,,,,,,,,
Gmo-Mir-7-P2a,gmo-mir-7a-1,MIR-7,GGAAGAC,MIMAT0044123,None,GeneScaffold_1541,118740,118803,-,Clupeocephala,Bilateria,No,1,,1,,,,,,,,
Gmo-Mir-7-P3,gmo-mir-7a-2,MIR-7,GGAAGAC,MIMAT0044123,None,GeneScaffold_2525,808355,808415,#ERROR!,Gnathostomata,Bilateria,No,,,1,,,,,,,,
Gmo-Mir-7-P4a,gmo-mir-7c,MIR-7,GGAAGAC,MIMAT0044236,None,GeneScaffold_3660,851093,851153,-,Clupeocephala,Bilateria,No,,,1,,,,,,,,
Gmo-Mir-8-P1a,gmo-mir-200b,MIR-8,AAUACUG,MIMAT0044103,MIMAT0044104,GeneScaffold_1125,76773,76832,#ERROR!,Vertebrata,Bilateria,No,1,1,1,,,,,,,,
Gmo-Mir-8-P2a,gmo-mir-200a,MIR-8,AACACUG,MIMAT0044105,MIMAT0044106,GeneScaffold_1125,76985,77046,#ERROR!,Vertebrata,Bilateria,No,,,1,,,,,,,,
Gmo-Mir-8-P3a,gmo-mir-429,MIR-8,AAUACUG,MIMAT0044107,MIMAT0044108,GeneScaffold_1125,78518,78576,#ERROR!,Vertebrata,Bilateria,No,,,1,,,,,,,,
Gmo-Mir-9-P1a,gmo-mir-9-7,MIR-9,CUUUGGU,MIMAT0044076,MIMAT0044077,GeneScaffold_2213,52396,52457,-,Clupeocephala,Bilateria,No,,,,,,,,,,,
Gmo-Mir-9-P1b,gmo-mir-9-3,MIR-9,CUUUGGU,MIMAT0044076,MIMAT0044218,GeneScaffold_3319,19161,19222,-,Clupeocephala,Bilateria,No,,1,1,,,,,,,,
Gmo-Mir-9-P2b,gmo-mir-9-4,MIR-9,CUUUGGU,MIMAT0044076,None,GeneScaffold_1980,219082,219141,-,Clupeocephala,Bilateria,No,,1,1,,,,,,,,
Gmo-Mir-9-P3a,gmo-mir-9-2,MIR-9,CUUUGGU,MIMAT0044076,MIMAT0044077,GeneScaffold_416,111103,111164,-,Clupeocephala,Bilateria,No,,1,1,,,,,,,,
Gmo-Mir-9-P3b,gmo-mir-9-1,MIR-9,CUUUGGU,MIMAT0044076,MIMAT0044077,contig74416,161,222,#ERROR!,Clupeocephala,Bilateria,No,,1,,,,,,,,,
Gmo-Mir-9-P4a,gmo-mir-9-5,MIR-9,CUUUGGU,MIMAT0044076,MIMAT0044161,GeneScaffold_1983,244691,244750,-,Clupeocephala,Bilateria,No,1,,1,,,,,,,,
Gmo-Mir-9-P4b,gmo-mir-9-6,MIR-9,CUUUGGU,MIMAT0044076,MIMAT0044235,GeneScaffold_3660,680877,680933,#ERROR!,Clupeocephala,Bilateria,No,,,1,,,,,,,,
Gmo-Mir-10-P1b1-v1,gmo-mir-10a-1,MIR-10,ACCCUGU,MIMAT0044088,MIMAT0044089,GeneScaffold_1009,374095,374157,-,Clupeocephala,Eumetazoa,No,,1,1,,,,,,,,
Gmo-Mir-10-P1b1-v2,gmo-mir-10a-1,MIR-10,CCCUGUA,MIMAT0044088,MIMAT0044089,GeneScaffold_1009,374096,374156,-,Clupeocephala,Eumetazoa,No,,,1,,,,,,,,
Gmo-Mir-10-P1b2-v1,gmo-mir-10b,MIR-10,ACCCUGU,MIMAT0044188,None,GeneScaffold_2339,30812,30870,#ERROR!,Clupeocephala,Eumetazoa,Unknown,,,1,,,,,,,,
Gmo-Mir-10-P1b2-v2,gmo-mir-10b,MIR-10,CCCUGUA,MIMAT0044188,None,GeneScaffold_2339,30813,30869,#ERROR!,Clupeocephala,Eumetazoa,Unknown,,,1,,,,,,,,
Gmo-Mir-10-P1c1-v1,gmo-mir-10c,MIR-10,ACCCUGU,MIMAT0044225,MIMAT0044226,GeneScaffold_3558,107634,107699,#ERROR!,Clupeocephala,Eumetazoa,No,,1,1,,,,,,,,
Gmo-Mir-10-P1c1-v2,gmo-mir-10c,MIR-10,CCCUGUA,MIMAT0044225,MIMAT0044226,GeneScaffold_3558,107635,107698,#ERROR!,Clupeocephala,Eumetazoa,No,1,,,,,,,,,,
Gmo-Mir-10-P1c2-v1,gmo-mir-10d,MIR-10,ACCCUGU,MIMAT0044307,MIMAT0044308,GeneScaffold_565,163215,163274,-,Clupeocephala,Eumetazoa,Unknown,,,1,,,,,,,,
Gmo-Mir-10-P1c2-v2,gmo-mir-10d,MIR-10,CCCUGUA,MIMAT0044307,MIMAT0044308,GeneScaffold_565,163216,163273,-,Clupeocephala,Eumetazoa,No,1,,1,,,,,,,,
Gmo-Mir-10-P1d1-v1,gmo-mir-10a-2,MIR-10,ACCCUGU,MIMAT0044088,None,GeneScaffold_1797,154030,154091,#ERROR!,Clupeocephala,Eumetazoa,No,,,1,,,,,,,,
Gmo-Mir-10-P1d1-v2,gmo-mir-10a-2,MIR-10,CCCUGUA,MIMAT0044088,None,GeneScaffold_1797,154031,154090,#ERROR!,Clupeocephala,Eumetazoa,No,,,,,,,,,,,
Gmo-Mir-10-P2c2,gmo-mir-99,MIR-10,ACCCGUA,MIMAT0044269,MIMAT0044270,GeneScaffold_4232,158911,158969,#ERROR!,Clupeocephala,Eumetazoa,Yes,,,1,,,,,,,,
Gmo-Mir-10-P2d1,gmo-mir-100b,MIR-10,ACCCGUA,MIMAT0044275,None,contig363446,120,177,-,Clupeocephala,Eumetazoa,No,1,,1,,,,,,,,
Gmo-Mir-10-P2d2,gmo-mir-100a,MIR-10,ACCCGUA,MIMAT0044035,MIMAT0044036,GeneScaffold_4254,260835,260891,-,Clupeocephala,Eumetazoa,No,,1,1,,,,,,,,
Gmo-Mir-10-P3b1,gmo-mir-125a-2,MIR-10,CCCUGAG,MIMAT0044194,None,GeneScaffold_2454,123228,123283,-,Clupeocephala,Eumetazoa,No,,,1,,,,,,,,
Gmo-Mir-10-P3b2,gmo-mir-125a-1,MIR-10,CCCUGAG,MIMAT0044194,MIMAT0044314,GeneScaffold_802,167620,167677,-,Clupeocephala,Eumetazoa,No,,,1,,,,,,,,
Gmo-Mir-10-P3c2,gmo-mir-125b-2,MIR-10,CCCUGAG,MIMAT0044093,MIMAT0044273,GeneScaffold_4232,169613,169675,#ERROR!,Clupeocephala,Eumetazoa,No,,,1,,,,,,,,
Gmo-Mir-10-P3d1,gmo-mir-125b-1,MIR-10,CCCUGAG,MIMAT0044093,None,GeneScaffold_1068,137441,137502,#ERROR!,Clupeocephala,Eumetazoa,No,1,,1,,,,,,,,
Gmo-Mir-10-P3d2,None,MIR-10,CCCUGAG,None,None,GeneScaffold_4254,252790,252851,-,Clupeocephala,Eumetazoa,No,1,,1,,,,,,,,
Gmo-Mir-15-P1a2,gmo-mir-15a,MIR-15,AGCAGCA,MIMAT0044267,None,GeneScaffold_413,520593,520650,#ERROR!,Clupeocephala,Olfactores,No,,,,,,,,,,,
Gmo-Mir-15-P1b,gmo-mir-15b,MIR-15,AGCAGCG,MIMAT0044158,None,GeneScaffold_1904,97574,97634,-,Gnathostomata,Olfactores,No,,,,,,,,,,,
Gmo-Mir-15-P2a2,gmo-mir-16b,MIR-15,AGCAGCA,MIMAT0044268,None,GeneScaffold_413,520865,520930,#ERROR!,Clupeocephala,Olfactores,No,1,,,,,,,,,,
Gmo-Mir-15-P2b,gmo-mir-16a,MIR-15,AGCAGCA,MIMAT0044156,MIMAT0044157,GeneScaffold_1904,97391,97455,-,Gnathostomata,Olfactores,No,,1,,,,,,,,,
Gmo-Mir-17-P1a1,gmo-mir-17-1,MIR-17,AAAGUGC,MIMAT0044301,None,GeneScaffold_520,24224,24283,#ERROR!,Clupeocephala,Vertebrata,No,1,,1,,,,,,,,
Gmo-Mir-17-P1a2,gmo-mir-17-2,MIR-17,AAAGUGC,MIMAT0044301,None,GeneScaffold_918,372883,372941,#ERROR!,Clupeocephala,Vertebrata,No,,,,,,,,,,,
Gmo-Mir-17-P1d,gmo-mir-20a-3,MIR-17,AAAGUGC,MIMAT0044245,MIMAT0044246,GeneScaffold_3767,173694,173755,-,Gnathostomata,Vertebrata,No,,,,,,,,,,,
Gmo-Mir-17-P2a1,gmo-mir-18a-2,MIR-17,AAGGUGC,MIMAT0046031,MIMAT0046032,GeneScaffold_520,24343,24407,#ERROR!,Clupeocephala,Vertebrata,Unknown,1,,,,,,,,,,
Gmo-Mir-17-P2a2,gmo-mir-18a-1,MIR-17,AAGGUGC,MIMAT0044321,None,GeneScaffold_918,373010,373074,#ERROR!,Clupeocephala,Vertebrata,No,,,,,,,,,,,
Gmo-Mir-17-P2c,gmo-mir-18b,MIR-17,AAGGUGC,MIMAT0044342,None,scaffold08698,72457,72520,-,Gnathostomata,Vertebrata,Unknown,,1,1,,,,,,,,
Gmo-Mir-17-P4a1,gmo-mir-20a-1,MIR-17,AAAGUGC,MIMAT0044245,MIMAT0044304,GeneScaffold_520,24648,24707,#ERROR!,Clupeocephala,Vertebrata,No,,1,1,,,,,,,,
Gmo-Mir-17-P4a2,gmo-mir-20a-2,MIR-17,AAAGUGC,MIMAT0044245,MIMAT0044323,GeneScaffold_918,373326,373385,#ERROR!,Clupeocephala,Vertebrata,No,,,1,,,,,,,,
Gmo-Mir-17-P4c,gmo-mir-20b,MIR-17,AAAGUGC,MIMAT0044341,None,scaffold08698,72088,72146,-,Gnathostomata,Vertebrata,Unknown,,,,,,,,,,,
Gmo-Mir-17-P4d,gmo-mir-93,MIR-17,AAAGUGC,MIMAT0044243,MIMAT0044244,GeneScaffold_3767,173469,173529,-,Gnathostomata,Vertebrata,No,,,,,,,,,,,
Gmo-Mir-19-P1a1,gmo-mir-19a-1,MIR-19,GUGCAAA,MIMAT0044302,MIMAT0044303,GeneScaffold_520,24486,24543,#ERROR!,Clupeocephala,Vertebrata,No,,,,,,,,,,,
Gmo-Mir-19-P1a2,gmo-mir-19a-2,MIR-19,GUGCAAA,MIMAT0044322,MIMAT0044303,GeneScaffold_918,373145,373201,#ERROR!,Clupeocephala,Vertebrata,No,,,1,,,,,,,,
Gmo-Mir-19-P2a1,gmo-mir-19b-2,MIR-19,GUGCAAA,MIMAT0044305,MIMAT0044306,GeneScaffold_520,24765,24825,#ERROR!,Clupeocephala,Vertebrata,No,,,1,,,,,,,,
Gmo-Mir-19-P2a2,gmo-mir-19b-1,MIR-19,GUGCAAA,MIMAT0044324,MIMAT0044306,GeneScaffold_918,373455,373516,#ERROR!,Clupeocephala,Vertebrata,No,,,,,,,,,,,
Gmo-Mir-19-P2c,None,MIR-19,GUGCAAA,None,None,scaffold08698,71942,72003,-,Gnathostomata,Vertebrata,No,,1,1,,,,,,,,
Gmo-Mir-19-P2d,gmo-mir-19d,MIR-19,GUGCAAA,MIMAT0044241,MIMAT0044242,GeneScaffold_3767,173195,173260,-,Gnathostomata,Vertebrata,No,1,,,,,,,,,,
Gmo-Mir-21-P1,gmo-mir-21-2,MIR-21,AGCUUAU,MIMAT0044033,MIMAT0044034,contig348441,888,947,-,Clupeocephala,Vertebrata,No,,1,,,,,,,,,
Gmo-Mir-21-P2,gmo-mir-21-1,MIR-21,AGCUUAU,MIMAT0044033,None,GeneScaffold_4430,429767,429827,#ERROR!,Clupeocephala,Vertebrata,No,,,1,,,,,,,,
Gmo-Mir-22-P1a,gmo-mir-22b,MIR-22,AGCUGCC,MIMAT0044037,MIMAT0044038,contig364380,190,249,#ERROR!,Vertebrata,Bilateria,No,,,1,,,,,,,,
Gmo-Mir-22-P1b1,gmo-mir-22a-1,MIR-22,AGCUGCC,MIMAT0044131,MIMAT0044132,GeneScaffold_1627,222059,222120,-,Clupeocephala,Bilateria,No,,1,1,,,,,,,,
Gmo-Mir-22-P1b2,gmo-mir-22a-2,MIR-22,AGCUGCC,MIMAT0044276,MIMAT0044132,GeneScaffold_4258,86653,86715,-,Clupeocephala,Bilateria,No,,,1,,,,,,,,
Gmo-Mir-23-P1,gmo-mir-23a-2,MIR-23,UCACAUU,MIMAT0044004,MIMAT0044005,contig135158,805,865,-,Gnathostomata,Vertebrata,No,1,1,1,,,,,,,,
Gmo-Mir-23-P2b,gmo-mir-23b,MIR-23,UCACAUU,None,MIMAT0044020,contig256800,176,233,-,Clupeocephala,Vertebrata,No,1,1,1,,,,,,,,
Gmo-Mir-23-P3,gmo-mir-23a-1,MIR-23,UCACAUU,None,MIMAT0044005,contig99852,2401,2463,#ERROR!,Gnathostomata,Vertebrata,No,,,1,,,,,,,,
Gmo-Mir-23-P4a,gmo-mir-23a-3,MIR-23,UCACAUU,None,MIMAT0044005,GeneScaffold_1112,351353,351416,-,Clupeocephala,Vertebrata,No,1,,,,,,,,,,
Gmo-Mir-24-P1,gmo-mir-24a-4,MIR-24,GGCUCAG,MIMAT0044047,MIMAT0044048,contig393630,353,416,#ERROR!,Gnathostomata,Vertebrata,No,,,,,,,,,,,
Gmo-Mir-24-P2b,gmo-mir-24a-3,MIR-24,GGCUCAG,MIMAT0044116,MIMAT0044048,GeneScaffold_1288,2079157,2079215,-,Clupeocephala,Vertebrata,Yes,,,1,,,,,,,,
Gmo-Mir-24-P3,gmo-mir-24a-2,MIR-24,GGCUCAG,MIMAT0044292,MIMAT0044048,GeneScaffold_4493,201873,201931,-,Gnathostomata,Vertebrata,Yes,,1,1,,,,,,,,
Gmo-Mir-24-P4a,gmo-mir-24a-1,MIR-24,GGCUCAG,None,MIMAT0044048,GeneScaffold_1112,349423,349481,-,Clupeocephala,Vertebrata,Yes,,,,,,,,,,,
Gmo-Mir-24-P4b,gmo-mir-24b,MIR-24,UGCCUAC,MIMAT0044174,None,GeneScaffold_2105,1931716,1931773,#ERROR!,Clupeocephala,Vertebrata,Unknown,,1,,,,,,,,,
Gmo-Mir-26-P1a,gmo-mir-26a-1,MIR-26,UCAAGUA,MIMAT0044164,MIMAT0044316,GeneScaffold_827,75167,75227,#ERROR!,Clupeocephala,Vertebrata,No,,,1,,,,,,,,
Gmo-Mir-26-P1b,gmo-mir-26a-2,MIR-26,UCAAGUA,MIMAT0044164,MIMAT0044213,GeneScaffold_3167,58039,58099,-,Clupeocephala,Vertebrata,No,,1,1,,,,,,,,
Gmo-Mir-26-P2a,gmo-mir-26a-4,MIR-26,UCAAGUA,MIMAT0044164,MIMAT0046042,GeneScaffold_1686,271510,271572,-,Clupeocephala,Vertebrata,No,,1,1,,,,,,,,
Gmo-Mir-26-P2b,gmo-mir-26b,MIR-26,UCAAGUA,MIMAT0044207,None,GeneScaffold_2973,151876,151939,#ERROR!,Clupeocephala,Vertebrata,No,1,1,1,,,,,,,,
Gmo-Mir-26-P4,gmo-mir-26a-3,MIR-26,UCAAGUA,MIMAT0044164,None,GeneScaffold_2026,277330,277390,-,Gnathostomata,Vertebrata,No,1,,1,,,,,,,,
Gmo-Mir-27-P1,gmo-mir-27d,MIR-27,UCACAGU,MIMAT0046043,MIMAT0046044,contig135158,456,519,-,Gnathostomata,Vertebrata,No,,,1,,,,,,,,
Gmo-Mir-27-P2b,gmo-mir-27b,MIR-27,UCACAGU,MIMAT0044008,MIMAT0044009,contig145249,115,177,-,Clupeocephala,Vertebrata,No,,1,,,,,,,,,
Gmo-Mir-27-P3,gmo-mir-27c,MIR-27,UCACAGU,MIMAT0044332,MIMAT0044333,scaffold03886,4252,4313,-,Gnathostomata,Vertebrata,No,,1,1,,,,,,,,
Gmo-Mir-27-P4a,gmo-mir-27a-2,MIR-27,UCACAGU,MIMAT0044101,MIMAT0044102,GeneScaffold_1112,350547,350610,-,Clupeocephala,Vertebrata,No,,,,,,,,,,,
Gmo-Mir-27-P4b,gmo-mir-27a-1,MIR-27,UCACAGU,None,MIMAT0044102,GeneScaffold_2105,1930293,1930354,#ERROR!,Clupeocephala,Vertebrata,No,,,,,,,,,,,
Gmo-Mir-29-P1b1,gmo-mir-29b-2,MIR-29,AGCACCA,MIMAT0044071,MIMAT0044000,contig73237,1119,1180,#ERROR!,Clupeocephala,Bilateria,No,,,,,,,,,,,
Gmo-Mir-29-P1b2,gmo-mir-29c,MIR-29,AGCACCA,MIMAT0044257,MIMAT0044258,GeneScaffold_3956,702072,702133,#ERROR!,Clupeocephala,Bilateria,No,,1,,,,,,,,,
Gmo-Mir-29-P1d1,gmo-mir-29d,MIR-29,AGCACCA,MIMAT0044149,MIMAT0044150,GeneScaffold_179,149124,149183,#ERROR!,Clupeocephala,Bilateria,No,,,1,,,,,,,,
Gmo-Mir-29-P1d2,gmo-mir-29b-1,MIR-29,AGCACCA,MIMAT0043999,MIMAT0044000,contig10139,148,208,-,Clupeocephala,Bilateria,No,,1,,,,,,,,,
Gmo-Mir-29-P2b1,gmo-mir-29a-2,MIR-29,AGCACCA,MIMAT0044072,MIMAT0044073,contig73237,1317,1376,#ERROR!,Clupeocephala,Bilateria,No,,,,,,,,,,,
Gmo-Mir-29-P2d1,gmo-mir-29a-3,MIR-29,AGCACCA,MIMAT0044151,MIMAT0044073,GeneScaffold_179,149525,149583,#ERROR!,Clupeocephala,Bilateria,No,,,1,,,,,,,,
Gmo-Mir-29-P2d2,gmo-mir-29a-1,MIR-29,AGCACCA,MIMAT0044129,MIMAT0044073,GeneScaffold_1606,51823,51882,#ERROR!,Clupeocephala,Bilateria,No,,,1,,,,,,,,
Gmo-Mir-30-P1a,gmo-mir-30a,MIR-30,GUAAACA,MIMAT0044144,MIMAT0044145,GeneScaffold_1709,7206,7265,-,Gnathostomata,Vertebrata,No,,,1,,,,,,,,
Gmo-Mir-30-P1b,gmo-mir-30e-2,MIR-30,GUAAACA,MIMAT0044094,MIMAT0044095,GeneScaffold_109,2960,3022,-,Gnathostomata,Vertebrata,No,,,,,,,,,,,
Gmo-Mir-30-P1d,gmo-mir-30e-1,MIR-30,GUAAACA,MIMAT0044094,MIMAT0044095,GeneScaffold_1085,48764,48828,#ERROR!,Gnathostomata,Vertebrata,No,,,1,,,,,,,,
Gmo-Mir-30-P2a,gmo-mir-30c,MIR-30,GUAAACA,MIMAT0044142,MIMAT0044143,GeneScaffold_1709,6950,7013,-,Gnathostomata,Vertebrata,No,,,1,,,,,,,,
Gmo-Mir-30-P2b,gmo-mir-30d,MIR-30,GUAAACA,MIMAT0044098,MIMAT0044099,GeneScaffold_109,1149,1210,-,Gnathostomata,Vertebrata,No,,,,,,,,,,,
Gmo-Mir-30-P2d,gmo-mir-30b,MIR-30,GUAAACA,MIMAT0044096,MIMAT0044097,GeneScaffold_1085,49082,49141,#ERROR!,Gnathostomata,Vertebrata,No,,1,1,,,,,,,,
Gmo-Mir-31,gmo-mir-31,MIR-31,GGCAAGA,MIMAT0044100,None,GeneScaffold_1111,103251,103306,-,Bilateria,Bilateria,No,1,,1,,,,,,,,
Gmo-Mir-33-P1a,gmo-mir-33b-1,MIR-33,UGCAUUG,MIMAT0044147,MIMAT0044148,GeneScaffold_1755,666477,666535,#ERROR!,Clupeocephala,Bilateria,No,,1,1,,,,,,,,
Gmo-Mir-33-P1b,gmo-mir-33b-2,MIR-33,UGCAUUG,MIMAT0044147,MIMAT0046045,GeneScaffold_1754,204967,205025,#ERROR!,Clupeocephala,Bilateria,Yes,,,1,,,,,,,,
Gmo-Mir-34-P1,gmo-mir-34,MIR-34,GGCAGUG,MIMAT0044295,MIMAT0044296,GeneScaffold_4582,174802,174866,-,Gnathostomata,Bilateria,No,1,1,,,,,,,,,
Gmo-Mir-34-P3c,gmo-mir-449b,MIR-34,GGCAGUG,MIMAT0044287,None,GeneScaffold_4451,23964,24018,-,Gnathostomata,Bilateria,No,1,,1,,,,,,,,
Gmo-Mir-34-P3d,gmo-mir-449a,MIR-34,GGCAGUG,MIMAT0044285,MIMAT0044286,GeneScaffold_4451,23653,23711,-,Gnathostomata,Bilateria,No,,,,,,,,,,,
Gmo-Mir-92-P1a1,gmo-mir-92-2,MIR-92,AUUGCAC,MIMAT0044338,MIMAT0044339,scaffold07760,2088,2144,-,Clupeocephala,Bilateria,No,,,,,,,,,,,
Gmo-Mir-92-P1a2,gmo-mir-92-1,MIR-92,AUUGCAC,MIMAT0044325,None,GeneScaffold_918,373563,373620,#ERROR!,Clupeocephala,Bilateria,No,,,,,,,,,,,
Gmo-Mir-92-P2c,gmo-mir-363,MIR-92,AUUGCAC,None,MIMAT0044340,scaffold08698,71694,71762,-,Gnathostomata,Bilateria,No,1,,,,,,,,,,
Gmo-Mir-92-P2d,gmo-mir-25,MIR-92,AUUGCAC,MIMAT0044239,MIMAT0044240,GeneScaffold_3767,173042,173101,-,Gnathostomata,Bilateria,No,,,1,,,,,,,,
Gmo-Mir-96-P1a,gmo-mir-96,MIR-96,UUGGCAC,MIMAT0044263,MIMAT0044264,GeneScaffold_4098,12976,13039,#ERROR!,Clupeocephala,Bilateria,No,,,1,,,,,,,,
Gmo-Mir-96-P2a,gmo-mir-182,MIR-96,UUGGCAA,MIMAT0044265,MIMAT0044266,GeneScaffold_4098,13679,13743,#ERROR!,Clupeocephala,Bilateria,No,,,1,,,,,,,,
Gmo-Mir-96-P3a-v1,gmo-mir-183,MIR-96,AUGGCAC,MIMAT0044261,MIMAT0044262,GeneScaffold_4098,12669,12730,#ERROR!,Clupeocephala,Bilateria,No,,1,1,,,,,,,,
Gmo-Mir-96-P3a-v2,gmo-mir-183,MIR-96,UGGCACU,MIMAT0044261,MIMAT0044262,GeneScaffold_4098,12670,12729,#ERROR!,Clupeocephala,Bilateria,Unknown,,,1,,,,,,,,
Gmo-Mir-101-P1-v1,gmo-mir-101a,MIR-101,ACAGUAC,MIMAT0044119,MIMAT0044120,GeneScaffold_1472,99849,99907,-,Vertebrata,Vertebrata,No,,1,,,,,,,,,
Gmo-Mir-101-P1-v2,gmo-mir-101a,MIR-101,UACAGUA,MIMAT0044119,MIMAT0044120,GeneScaffold_1472,99850,99906,-,Vertebrata,Vertebrata,No,,,,,,,,,,,
Gmo-Mir-101-P2-v1,gmo-mir-101b,MIR-101,ACAGUAC,MIMAT0044231,MIMAT0044232,GeneScaffold_3576,29659,29717,#ERROR!,Vertebrata,Vertebrata,No,1,1,,,,,,,,,
Gmo-Mir-101-P2-v2,gmo-mir-101b,MIR-101,UACAGUA,MIMAT0044231,MIMAT0044232,GeneScaffold_3576,29660,29716,#ERROR!,Vertebrata,Vertebrata,No,,1,,,,,,,,,
Gmo-Mir-103-P2a,gmo-mir-103-1,MIR-103,GCAGCAU,MIMAT0044189,MIMAT0044050,GeneScaffold_2355,136951,137010,#ERROR!,Clupeocephala,Deuterostomia,No,,,,,,,,,,,
Gmo-Mir-103-P2b,gmo-mir-103-2,MIR-103,GCAGCAU,MIMAT0044049,MIMAT0044050,contig394168,1003,1060,#ERROR!,Clupeocephala,Deuterostomia,No,1,,1,,,,,,,,
Gmo-Mir-122,gmo-mir-122,MIR-122,GGAGUGU,MIMAT0044063,MIMAT0044064,contig56666,652,710,#ERROR!,Vertebrata,Vertebrata,No,,,1,,,,,,,,
Gmo-Mir-124-P1a-v1,gmo-mir-124-1,MIR-124,AAGGCAC,None,MIMAT0044016,GeneScaffold_3113,66901,66959,-,Clupeocephala,Bilateria,No,,,1,,,,,,,,
Gmo-Mir-124-P1a-v2,gmo-mir-124-1,MIR-124,UAAGGCA,None,MIMAT0044016,GeneScaffold_3113,66902,66959,-,Clupeocephala,Bilateria,No,,,1,,,,,,,,
Gmo-Mir-124-P1b-v1,gmo-mir-124-2,MIR-124,AAGGCAC,MIMAT0044327,MIMAT0044016,scaffold02832,13843,13901,#ERROR!,Clupeocephala,Bilateria,No,,,1,,,,,,,,
Gmo-Mir-124-P1b-v2,gmo-mir-124-2,MIR-124,UAAGGCA,MIMAT0044327,MIMAT0044016,scaffold02832,13843,13900,#ERROR!,Clupeocephala,Bilateria,No,,,1,,,,,,,,
Gmo-Mir-124-P3a-v1,gmo-mir-124-3,MIR-124,AAGGCAC,MIMAT0044015,MIMAT0044016,contig170278,229,288,#ERROR!,Clupeocephala,Bilateria,No,,,1,,,,,,,,
Gmo-Mir-124-P3a-v2,gmo-mir-124-3,MIR-124,UAAGGCA,MIMAT0044015,MIMAT0044016,contig170278,229,287,#ERROR!,Clupeocephala,Bilateria,No,,,1,,,,,,,,
Gmo-Mir-124-P3b-v1,gmo-mir-124-4,MIR-124,AAGGCAC,None,MIMAT0044016,GeneScaffold_1609,326970,327030,#ERROR!,Clupeocephala,Bilateria,No,,,1,,,,,,,,
Gmo-Mir-124-P3b-v2,gmo-mir-124-4,MIR-124,UAAGGCA,None,MIMAT0044016,GeneScaffold_1609,326970,327029,#ERROR!,Clupeocephala,Bilateria,No,,,1,,,,,,,,
Gmo-Mir-124-P4-v1,gmo-mir-124-5,MIR-124,AAGGCAC,None,MIMAT0044016,GeneScaffold_1848,51872,51931,#ERROR!,Gnathostomata,Bilateria,No,,,1,,,,,,,,
Gmo-Mir-124-P4-v2,gmo-mir-124-5,MIR-124,UAAGGCA,None,MIMAT0044016,GeneScaffold_1848,51872,51930,#ERROR!,Gnathostomata,Bilateria,No,,,1,,,,,,,,
Gmo-Mir-126-P2b-v1,gmo-mir-126,MIR-126,CGUACCG,MIMAT0044216,MIMAT0044217,GeneScaffold_3312,66975,67033,#ERROR!,Clupeocephala,Olfactores,No,,,1,,,,,,,,
Gmo-Mir-126-P2b-v2,gmo-mir-126,MIR-126,AUUAUUA,MIMAT0044216,MIMAT0044217,GeneScaffold_3312,66975,67033,#ERROR!,Clupeocephala,Olfactores,No,,,1,,,,,,,,
Gmo-Mir-126-P2b-v3,gmo-mir-126,MIR-126,UCGUACC,MIMAT0044216,MIMAT0044217,GeneScaffold_3312,66975,67033,#ERROR!,Clupeocephala,Olfactores,No,,,1,,,,,,,,
Gmo-Mir-128-P1,gmo-mir-128-3,MIR-128,CACAGUG,None,MIMAT0044070,scaffold05867,2159,2217,#ERROR!,Gnathostomata,Vertebrata,No,,1,1,,,,,,,,
Gmo-Mir-128-P2a,gmo-mir-128-1,MIR-128,CACAGUG,MIMAT0044069,MIMAT0044070,contig69349,317,375,#ERROR!,Clupeocephala,Vertebrata,No,1,,1,,,,,,,,
Gmo-Mir-128-P2b,gmo-mir-128-2,MIR-128,CACAGUG,MIMAT0044085,MIMAT0044070,contig99586,1799,1855,-,Clupeocephala,Vertebrata,No,1,,1,,,,,,,,
Gmo-Mir-129-P1a,gmo-mir-129-1,MIR-129,AGCCCUU,MIMAT0044203,MIMAT0044075,GeneScaffold_2632,72857,72921,#ERROR!,Clupeocephala,Chordata,No,1,1,1,,,,,,,,
Gmo-Mir-129-P1b,gmo-mir-129-3,MIR-129,AGCCCUU,MIMAT0044074,MIMAT0044075,contig741416,75,133,-,Clupeocephala,Chordata,No,1,1,,,,,,,,,
Gmo-Mir-129-P2a,gmo-mir-129-4,MIR-129,AGCCCUU,MIMAT0044191,MIMAT0044075,GeneScaffold_2432,95798,95859,-,Clupeocephala,Chordata,No,1,1,1,,,,,,,,
Gmo-Mir-129-P2b,gmo-mir-129-2,MIR-129,AGCCCUU,MIMAT0044203,MIMAT0044075,GeneScaffold_4104,11026,11090,#ERROR!,Clupeocephala,Chordata,No,1,1,1,,,,,,,,
Gmo-Mir-130-P1a1,gmo-mir-130a,MIR-130,AGUGCAA,MIMAT0044051,MIMAT0044052,contig400286,466,522,#ERROR!,Clupeocephala,Vertebrata,No,,1,1,,,,,,,,
Gmo-Mir-130-P1a2,gmo-mir-130b,MIR-130,AGUGCAA,MIMAT0044229,MIMAT0044230,GeneScaffold_3571,112285,112343,-,Clupeocephala,Vertebrata,No,1,,,,,,,,,,
Gmo-Mir-130-P2a1,gmo-mir-301c,MIR-130,AGUGCAA,None,MIMAT0044012,contig149088,250,312,-,Clupeocephala,Vertebrata,No,1,,1,,,,,,,,
Gmo-Mir-130-P2a2,gmo-mir-301b,MIR-130,AGUGCAA,None,MIMAT0044078,contig78289,483,545,-,Clupeocephala,Vertebrata,No,1,,,,,,,,,,
Gmo-Mir-130-P2b1,gmo-mir-301a,MIR-130,AGUGCAA,MIMAT0044283,MIMAT0044284,GeneScaffold_4358,10925,10986,-,Clupeocephala,Vertebrata,No,1,,1,,,,,,,,
Gmo-Mir-130-P3b1,gmo-mir-454,MIR-130,AGUGCAA,None,MIMAT0044282,GeneScaffold_4358,10709,10773,-,Clupeocephala,Vertebrata,No,,,,,,,,,,,
Gmo-Mir-132-P1a,gmo-mir-132-1,MIR-132,AACAGUC,MIMAT0044121,MIMAT0044122,GeneScaffold_1511,205965,206027,#ERROR!,Clupeocephala,Vertebrata,No,,,,,,,,,,,
Gmo-Mir-132-P1b,gmo-mir-132-2,MIR-132,CCGUGGC,MIMAT0044281,MIMAT0044122,GeneScaffold_4327,47489,47550,#ERROR!,Clupeocephala,Vertebrata,No,,,,,,,,,,,
Gmo-Mir-132-P2a,gmo-mir-212-2,MIR-132,CCUUGGC,MIMAT0046034,MIMAT0044280,GeneScaffold_1511,205676,205746,#ERROR!,Clupeocephala,Vertebrata,No,,,1,,,,,,,,
Gmo-Mir-132-P2b,gmo-mir-212-2,MIR-132,AACAGUC,MIMAT0046034,MIMAT0044280,GeneScaffold_4327,47133,47199,#ERROR!,Clupeocephala,Vertebrata,No,,,1,,,,,,,,
Gmo-Mir-133-P1-v1,gmo-mir-133a-1,MIR-133,UUGGUCC,MIMAT0046029,MIMAT0046030,GeneScaffold_377,382237,382296,#ERROR!,Gnathostomata,Bilateria,No,,,1,,,,,,,,
Gmo-Mir-133-P1-v2,gmo-mir-133a-1,MIR-133,UGGUCCC,MIMAT0046029,MIMAT0046030,GeneScaffold_377,382237,382296,#ERROR!,Gnathostomata,Bilateria,No,,,1,,,,,,,,
Gmo-Mir-133-P2a-v1,gmo-mir-133b,MIR-133,UUGGUCC,MIMAT0044200,MIMAT0044201,GeneScaffold_2491,53795,53854,#ERROR!,Clupeocephala,Bilateria,No,,,,,,,,,,,
Gmo-Mir-133-P2a-v2,gmo-mir-133b,MIR-133,UGGUCCC,MIMAT0044200,MIMAT0044201,GeneScaffold_2491,53795,53854,#ERROR!,Clupeocephala,Bilateria,No,,,,,,,,,,,
Gmo-Mir-133-P3-v1,gmo-mir-133a-2,MIR-133,UUGGUCC,MIMAT0046029,MIMAT0046030,GeneScaffold_1003,79094,79153,-,Gnathostomata,Bilateria,No,,,1,,,,,,,,
Gmo-Mir-133-P3-v2,gmo-mir-133a-2,MIR-133,UGGUCCC,MIMAT0046029,MIMAT0046030,GeneScaffold_1003,79094,79153,-,Gnathostomata,Bilateria,No,,,1,,,,,,,,
Gmo-Mir-135-P1,gmo-mir-135b,MIR-135,AUGGCUU,MIMAT0044053,MIMAT0044054,contig475703,148,205,#ERROR!,Gnathostomata,Chordata,No,1,,,,,,,,,,
Gmo-Mir-135-P2a,gmo-mir-135a,MIR-135,AUGGCUU,MIMAT0044328,None,scaffold02980,68878,68937,-,Clupeocephala,Chordata,Unknown,,1,1,,,,,,,,
Gmo-Mir-135-P2b,gmo-mir-135d,MIR-135,AUGGCUU,MIMAT0044259,MIMAT0044260,GeneScaffold_4080,29905,29964,-,Clupeocephala,Chordata,No,,,1,,,,,,,,
Gmo-Mir-135-P4a,gmo-mir-135c-1,MIR-135,AUGGCUU,MIMAT0044130,MIMAT0044178,GeneScaffold_2161,18287,18347,-,Clupeocephala,Chordata,No,,,1,,,,,,,,
Gmo-Mir-135-P4b,gmo-mir-135c-2,MIR-135,AUGGCUU,MIMAT0044130,None,GeneScaffold_1609,1266799,1266861,#ERROR!,Clupeocephala,Chordata,No,,,1,,,,,,,,
Gmo-Mir-137-P1b-v1,None,MIR-137,UAUUGCU,None,None,contig503924,34,92,-,Clupeocephala,Bilateria,Unknown,,,1,,,,,,,,
Gmo-Mir-137-P1b-v2,None,MIR-137,AUUGCUU,None,None,contig503924,33,93,-,Clupeocephala,Bilateria,Unknown,,,1,,,,,,,,
Gmo-Mir-137-P3a-v1,gmo-mir-137-2,MIR-137,UAUUGCU,MIMAT0044126,MIMAT0044058,GeneScaffold_1590,3341,3399,#ERROR!,Clupeocephala,Bilateria,No,,,,,,,,,,,
Gmo-Mir-137-P3a-v2,gmo-mir-137-2,MIR-137,AUUGCUU,MIMAT0044126,MIMAT0044058,GeneScaffold_1590,3340,3400,#ERROR!,Clupeocephala,Bilateria,No,1,,1,,,,,,,,
Gmo-Mir-137-P3b-v1,gmo-mir-137-1,MIR-137,UAUUGCU,MIMAT0044057,MIMAT0044058,contig488330,30,88,-,Clupeocephala,Bilateria,No,,,,,,,,,,,
Gmo-Mir-137-P3b-v2,gmo-mir-137-1,MIR-137,AUUGCUU,MIMAT0044057,MIMAT0044058,contig488330,29,89,-,Clupeocephala,Bilateria,No,,,,,,,,,,,
Gmo-Mir-138-P1a,gmo-mir-138-3,MIR-138,GCUGGUG,MIMAT0044223,MIMAT0044224,GeneScaffold_3530,55998,56058,#ERROR!,Clupeocephala,Vertebrata,No,1,,1,,,,,,,,
Gmo-Mir-138-P1b,gmo-mir-138-2,MIR-138,GCUGGUG,MIMAT0044223,MIMAT0044320,GeneScaffold_896,27322,27382,#ERROR!,Clupeocephala,Vertebrata,No,,,1,,,,,,,,
Gmo-Mir-138-P2,gmo-mir-138-1,MIR-138,GCUGGUG,MIMAT0044223,None,GeneScaffold_606,3847,3912,-,Vertebrata,Vertebrata,No,,,1,,,,,,,,
Gmo-Mir-139,None,MIR-139,CUACAGU,None,None,contig476824,43,104,-,Gnathostomata,Gnathostomata,No,,,1,,,,,,,,
Gmo-Mir-140-P1-v1,gmo-mir-140,MIR-140,CCACAGG,MIMAT0044299,MIMAT0044300,GeneScaffold_497,168347,168408,-,Gnathostomata,Vertebrata,No,,1,1,,,,,,,,
Gmo-Mir-140-P1-v2,gmo-mir-140,MIR-140,ACCACAG,MIMAT0044299,MIMAT0044300,GeneScaffold_497,168347,168408,-,Gnathostomata,Vertebrata,No,,,1,,,,,,,,
Gmo-Mir-142-P1-v1,gmo-mir-142-1,MIR-142,AUAAAGU,MIMAT0044045,None,GeneScaffold_4424,122655,122715,-,Gnathostomata,Vertebrata,No,,,1,,,,,,,,
Gmo-Mir-142-P1-v2,gmo-mir-142-1,MIR-142,AUAAAGU,MIMAT0044045,None,GeneScaffold_4424,122655,122715,-,Gnathostomata,Vertebrata,No,,,1,,,,,,,,
Gmo-Mir-142-P1-v3,gmo-mir-142-1,MIR-142,GUAGUGU,MIMAT0044045,None,GeneScaffold_4424,122655,122715,-,Gnathostomata,Vertebrata,No,,,1,,,,,,,,
Gmo-Mir-142-P1-v4,gmo-mir-142-1,MIR-142,CCAUAAA,MIMAT0044045,None,GeneScaffold_4424,122653,122717,-,Gnathostomata,Vertebrata,No,,,,,,,,,,,
Gmo-Mir-142-P2-v1,gmo-mir-142-2,MIR-142,AUAAAGU,MIMAT0044045,MIMAT0044046,contig391504,965,1024,-,Gnathostomata,Vertebrata,No,,,1,,,,,,,,
Gmo-Mir-142-P2-v2,gmo-mir-142-2,MIR-142,AUAAAGU,MIMAT0044045,MIMAT0044046,contig391504,965,1024,-,Gnathostomata,Vertebrata,No,,,1,,,,,,,,
Gmo-Mir-142-P2-v3,gmo-mir-142-2,MIR-142,GUAGUGU,MIMAT0044045,MIMAT0044046,contig391504,965,1024,-,Gnathostomata,Vertebrata,No,,,1,,,,,,,,
Gmo-Mir-142-P2-v4,gmo-mir-142-2,MIR-142,GUGUUUC,MIMAT0044045,MIMAT0044046,contig391504,963,1026,-,Gnathostomata,Vertebrata,No,,,,,,,,,,,
Gmo-Mir-143,gmo-mir-143,MIR-143,GAGAUGA,MIMAT0044336,MIMAT0044337,scaffold06411,3417,3471,-,Vertebrata,Vertebrata,Yes,,,1,,,,,,,,
Gmo-Mir-144-v1,gmo-mir-144,MIR-144,GAUAUCA,MIMAT0044027,MIMAT0044028,contig314418,343,401,#ERROR!,Vertebrata,Vertebrata,No,,,1,,,,,,,,
Gmo-Mir-144-v2,gmo-mir-144,MIR-144,UACAGUA,MIMAT0044027,MIMAT0044028,contig314418,343,401,#ERROR!,Vertebrata,Vertebrata,No,,,1,,,,,,,,
Gmo-Mir-145,gmo-mir-145,MIR-145,UCCAGUU,MIMAT0044334,MIMAT0044335,scaffold06411,3160,3221,-,Vertebrata,Vertebrata,No,,1,1,,,,,,,,
Gmo-Mir-146-P1,gmo-mir-146,MIR-146,GAGAACU,MIMAT0044297,MIMAT0044298,GeneScaffold_4588,449897,449955,#ERROR!,Gnathostomata,Vertebrata,No,,,,,,,,,,,
Gmo-Mir-148-P2,gmo-mir-148,MIR-148,CAGUGCA,MIMAT0044086,MIMAT0044087,GeneScaffold_1009,245024,245081,-,Gnathostomata,Vertebrata,No,1,,,,,,,,,,
Gmo-Mir-148-P3,gmo-mir-152,MIR-148,CAGUGCA,MIMAT0044018,MIMAT0044019,contig24317,803,861,-,Gnathostomata,Vertebrata,No,1,1,1,,,,,,,,
Gmo-Mir-150,None,MIR-150,CUCCCAA,None,None,GeneScaffold_69,1291,1351,#ERROR!,Gnathostomata,Gnathostomata,No,,,1,,,,,,,,
Gmo-Mir-153-P1a,gmo-mir-153a-2,MIR-153,UGCAUAG,None,MIMAT0044210,GeneScaffold_3129,46261,46320,-,Clupeocephala,Bilateria,No,,,,,,,,,,,
Gmo-Mir-153-P1b,gmo-mir-153a-1,MIR-153,UGCAUAG,None,MIMAT0044210,GeneScaffold_3123,32539,32598,#ERROR!,Clupeocephala,Bilateria,No,,,1,,,,,,,,
Gmo-Mir-153-P2a,gmo-mir-153b,MIR-153,UGCAUAG,MIMAT0044117,MIMAT0044118,GeneScaffold_1359,207512,207571,#ERROR!,Clupeocephala,Bilateria,No,,,,,,,,,,,
Gmo-Mir-155,gmo-mir-155,MIR-155,UAAUGCU,MIMAT0044060,None,contig49418,761,820,#ERROR!,Vertebrata,Vertebrata,Unknown,,1,,,,,,,,,
Gmo-Mir-181-P1a1,gmo-mir-181a-1,MIR-181,ACAUUCA,MIMAT0044090,MIMAT0044133,GeneScaffold_1671,810401,810466,#ERROR!,Clupeocephala,Vertebrata,No,1,,,,,,,,,,
Gmo-Mir-181-P1b2,gmo-mir-181a-2,MIR-181,ACAUUCA,MIMAT0044090,None,GeneScaffold_849,58123,58181,#ERROR!,Clupeocephala,Vertebrata,No,1,,,,,,,,,,
Gmo-Mir-181-P1c1,gmo-mir-181a-3,MIR-181,ACAUUCA,MIMAT0044090,None,GeneScaffold_3660,367221,367286,-,Clupeocephala,Vertebrata,No,1,,,,,,,,,,
Gmo-Mir-181-P1c2,gmo-mir-181a-4,MIR-181,ACAUUCA,MIMAT0044090,None,GeneScaffold_1055,8909,8968,#ERROR!,Clupeocephala,Vertebrata,No,,1,1,,,,,,,,
Gmo-Mir-181-P2a1,gmo-mir-181b-1,MIR-181,ACAUUCA,MIMAT0044134,MIMAT0044135,GeneScaffold_1671,810721,810781,#ERROR!,Clupeocephala,Vertebrata,Yes,,,1,,,,,,,,
Gmo-Mir-181-P2b2,gmo-mir-181b-2,MIR-181,ACAUUCA,MIMAT0044134,None,GeneScaffold_849,58501,58560,#ERROR!,Clupeocephala,Vertebrata,No,,,,,,,,,,,
Gmo-Mir-181-P2c1,gmo-mir-181d,MIR-181,ACAUUCA,MIMAT0044234,None,GeneScaffold_3660,366860,366920,-,Clupeocephala,Vertebrata,Unknown,,,,,,,,,,,
Gmo-Mir-181-P2c2,gmo-mir-181c,MIR-181,ACAUUCA,MIMAT0044091,MIMAT0044092,GeneScaffold_1055,9262,9324,#ERROR!,Clupeocephala,Vertebrata,No,,,1,,,,,,,,
Gmo-Mir-184-P1,gmo-mir-184-2,MIR-184,GGACGGA,MIMAT0044175,MIMAT0044176,GeneScaffold_2134,260659,260721,-,Clupeocephala,Bilateria,No,1,,1,,,,,,,,
Gmo-Mir-184-P2,gmo-mir-184-1,MIR-184,GGACGGA,MIMAT0044175,MIMAT0044176,GeneScaffold_3816,732255,732317,#ERROR!,Clupeocephala,Bilateria,No,,,1,,,,,,,,
Gmo-Mir-187,gmo-mir-187,MIR-187,CGUGUCU,MIMAT0044002,MIMAT0044003,contig120054,339,399,#ERROR!,Osteichthyes,Osteichthyes,Yes,,,1,,,,,,,,
Gmo-Mir-190-P1a,gmo-mir-190a-1,MIR-190,GAUAUGU,MIMAT0044252,MIMAT0044253,GeneScaffold_3816,322284,322343,#ERROR!,Clupeocephala,Bilateria,No,1,,1,,,,,,,,
Gmo-Mir-190-P1b,gmo-mir-190a-2,MIR-190,GAUAUGU,MIMAT0046033,MIMAT0044253,GeneScaffold_2011,201824,201882,-,Clupeocephala,Bilateria,No,1,,1,,,,,,,,
Gmo-Mir-190-P3,gmo-mir-190b,MIR-190,GAUAUGU,MIMAT0044186,MIMAT0044187,GeneScaffold_2326,394111,394176,#ERROR!,Gnathostomata,Bilateria,Unknown,,,,,,,,,,,
Gmo-Mir-191,gmo-mir-462,MIR-191,AACGGAA,MIMAT0044112,MIMAT0044113,GeneScaffold_1201,84038,84097,#ERROR!,Gnathostomata,Gnathostomata,No,,,,,,,,,,,
Gmo-Mir-192-P2b,gmo-mir-192,MIR-192,UGACCUA,MIMAT0044277,None,GeneScaffold_4270,35460,35519,-,Clupeocephala,Vertebrata,No,,,,,,,,,,,
Gmo-Mir-193-P1b2,gmo-mir-193a,MIR-193,ACUGGCC,MIMAT0044288,MIMAT0044289,GeneScaffold_4492,286379,286436,#ERROR!,Clupeocephala,Bilateria,No,1,,1,,,,,,,,
Gmo-Mir-193-P2b2,gmo-mir-365,MIR-193,AAUGCCC,MIMAT0044290,MIMAT0044291,GeneScaffold_4492,289041,289102,#ERROR!,Clupeocephala,Bilateria,No,,,1,,,,,,,,
Gmo-Mir-194-P2a,gmo-mir-194b,MIR-194,GUAACAG,MIMAT0044233,None,GeneScaffold_3610,119729,119786,#ERROR!,Clupeocephala,Vertebrata,No,1,,,,,,,,,,
Gmo-Mir-194-P2b,gmo-mir-194a,MIR-194,GUAACAG,MIMAT0044278,None,GeneScaffold_4270,35898,35952,-,Clupeocephala,Vertebrata,No,1,,1,,,,,,,,
Gmo-Mir-196-P1a,gmo-mir-196a,MIR-196,AGGUAGU,MIMAT0044146,None,GeneScaffold_1730,83617,83675,-,Clupeocephala,Olfactores,No,,,1,,,,,,,,
Gmo-Mir-196-P1b,None,MIR-196,AGGUAGU,None,None,contig689238,4120,4178,#ERROR!,Clupeocephala,Olfactores,Unknown,,,1,,,,,,,,
Gmo-Mir-196-P4a,gmo-mir-196b,MIR-196,AGGUAGU,MIMAT0044059,None,contig48991,1476,1534,#ERROR!,Clupeocephala,Olfactores,Unknown,,,1,,,,,,,,
Gmo-Mir-199-P1a-v1,gmo-mir-199-1,MIR-199,CAGUAGU,MIMAT0044025,MIMAT0044190,GeneScaffold_3026,81081,81141,#ERROR!,Clupeocephala,Vertebrata,No,,,1,,,,,,,,
Gmo-Mir-199-P1a-v2,gmo-mir-199-1,MIR-199,ACAGUAG,MIMAT0044025,MIMAT0044190,GeneScaffold_3026,81081,81141,#ERROR!,Clupeocephala,Vertebrata,No,,,1,,,,,,,,
Gmo-Mir-199-P1a-v3,gmo-mir-199-1,MIR-199,AGUAGUC,MIMAT0044025,MIMAT0044190,GeneScaffold_3026,81081,81141,#ERROR!,Clupeocephala,Vertebrata,No,,,1,,,,,,,,
Gmo-Mir-199-P1b-v1,gmo-mir-199-4,MIR-199,CAGUAGU,MIMAT0044025,MIMAT0044026,contig309706,96,156,-,Clupeocephala,Vertebrata,No,,,1,,,,,,,,
Gmo-Mir-199-P1b-v2,gmo-mir-199-4,MIR-199,ACAGUAG,MIMAT0044025,MIMAT0044026,contig309706,96,156,-,Clupeocephala,Vertebrata,No,,,1,,,,,,,,
Gmo-Mir-199-P1b-v3,gmo-mir-199-4,MIR-199,AGUAGUC,MIMAT0044025,MIMAT0044026,contig309706,96,156,-,Clupeocephala,Vertebrata,No,,,1,,,,,,,,
Gmo-Mir-199-P2a-v1,gmo-mir-199-3,MIR-199,CAGUAGU,MIMAT0044025,MIMAT0044190,GeneScaffold_57,822222,822282,#ERROR!,Clupeocephala,Vertebrata,No,,,,,,,,,,,
Gmo-Mir-199-P2a-v2,gmo-mir-199-3,MIR-199,ACAGUAG,MIMAT0044025,MIMAT0044190,GeneScaffold_57,822222,822282,#ERROR!,Clupeocephala,Vertebrata,No,,,,,,,,,,,
Gmo-Mir-199-P2a-v3,gmo-mir-199-3,MIR-199,AGUAGUC,MIMAT0044025,MIMAT0044190,GeneScaffold_57,822222,822282,#ERROR!,Clupeocephala,Vertebrata,No,,,,,,,,,,,
Gmo-Mir-199-P3-v1,gmo-mir-199-2,MIR-199,CAGUAGU,MIMAT0044025,MIMAT0044190,GeneScaffold_2428,217011,217071,#ERROR!,Gnathostomata,Vertebrata,No,,,,,,,,,,,
Gmo-Mir-199-P3-v2,gmo-mir-199-2,MIR-199,ACAGUAG,MIMAT0044025,MIMAT0044190,GeneScaffold_2428,217011,217071,#ERROR!,Gnathostomata,Vertebrata,No,,,,,,,,,,,
Gmo-Mir-199-P3-v3,gmo-mir-199-2,MIR-199,AGUAGUC,MIMAT0044025,MIMAT0044190,GeneScaffold_2428,217011,217071,#ERROR!,Gnathostomata,Vertebrata,No,,,,,,,,,,,
Gmo-Mir-202,gmo-mir-202,MIR-202,UCCUAUG,MIMAT0044083,MIMAT0044083,contig89417,562,619,#ERROR!,Vertebrata,Vertebrata,Unknown,,,,,,,,,,,
Gmo-Mir-203-P1-v1,gmo-mir-203a,MIR-203,UGAAAUG,MIMAT0044205,MIMAT0044206,GeneScaffold_2769,7537,7595,-,Clupeocephala,Vertebrata,No,,,,,,,,,,,
Gmo-Mir-203-P1-v2,gmo-mir-203a,MIR-203,GAAAUGU,MIMAT0044205,MIMAT0044206,GeneScaffold_2769,7536,7596,-,Clupeocephala,Vertebrata,No,,,,,,,,,,,
Gmo-Mir-203-P2-v1,gmo-mir-203b,MIR-203,UGAAAUG,MIMAT0044162,MIMAT0044163,GeneScaffold_2004,40681,40740,#ERROR!,Clupeocephala,Vertebrata,No,,,1,,,,,,,,
Gmo-Mir-203-P2-v2,gmo-mir-203b,MIR-203,GAAAUGU,MIMAT0044162,MIMAT0044163,GeneScaffold_2004,40680,40741,#ERROR!,Clupeocephala,Vertebrata,No,,,1,,,,,,,,
Gmo-Mir-204-P1a,gmo-mir-204-1,MIR-204,UCCCUUU,MIMAT0044029,None,GeneScaffold_530,6574,6631,#ERROR!,Clupeocephala,Vertebrata,No,1,,1,,,,,,,,
Gmo-Mir-204-P1b,gmo-mir-204-2,MIR-204,UCCCUUU,MIMAT0044029,None,GeneScaffold_2132,114227,114284,-,Clupeocephala,Vertebrata,No,1,,1,,,,,,,,
Gmo-Mir-204-P2,gmo-mir-204-3,MIR-204,UCCCUUU,MIMAT0044029,None,contig320882,1384,1443,#ERROR!,Gnathostomata,Vertebrata,Unknown,1,,1,,,,,,,,
Gmo-Mir-205-P4a,gmo-mir-205-1,MIR-205,CCUUCAU,MIMAT0044127,MIMAT0044128,GeneScaffold_1600,405491,405549,-,Clupeocephala,Vertebrata,No,,,1,,,,,,,,
Gmo-Mir-205-P4b,gmo-mir-205-2,MIR-205,CCUUCAU,MIMAT0044127,MIMAT0044136,GeneScaffold_168,849071,849128,-,Clupeocephala,Vertebrata,No,,,1,,,,,,,,
Gmo-Mir-208-P1,gmo-mir-736,MIR-208,UAAGACG,MIMAT0044211,MIMAT0044212,GeneScaffold_3162,31714,31769,#ERROR!,Vertebrata,Vertebrata,No,,,1,,,,,,,,
Gmo-Mir-210,gmo-mir-210,MIR-210,GCCACUG,MIMAT0044182,MIMAT0044183,GeneScaffold_2214,36502,36563,-,Bilateria,Bilateria,No,,,1,,,,,,,,
Gmo-Mir-214-P1,gmo-mir-214-1,MIR-214,GCCUGUC,MIMAT0044208,MIMAT0044209,GeneScaffold_3026,83514,83574,#ERROR!,Clupeocephala,Gnathostomata,No,1,,,,,,,,,,
Gmo-Mir-214-P2-v1,gmo-mir-214-2,MIR-214,CAGCAGG,MIMAT0046035,MIMAT0044209,GeneScaffold_4457,214260,214322,-,Clupeocephala,Gnathostomata,No,,,,,,,,,,,
Gmo-Mir-214-P2-v2,gmo-mir-214-2,MIR-214,ACAGCAG,MIMAT0046035,MIMAT0044209,GeneScaffold_4457,214261,214321,-,Clupeocephala,Gnathostomata,No,,,,,,,,,,,
Gmo-Mir-216-P2a,gmo-mir-216b,MIR-216,AAUCUCU,MIMAT0044331,None,scaffold03540,796,858,-,Vertebrata,Bilateria,Unknown,,,1,,,,,,,,
Gmo-Mir-216-P2b,gmo-mir-216a,MIR-216,AAUCUCA,MIMAT0044329,MIMAT0044330,scaffold03540,56,118,-,Vertebrata,Bilateria,No,,,1,,,,,,,,
Gmo-Mir-217,gmo-mir-217,MIR-217,ACUGCAU,MIMAT0044039,MIMAT0044040,contig368314,111,169,#ERROR!,Chordata,Chordata,Yes,,,1,,,,,,,,
Gmo-Mir-218-P2,gmo-mir-218a-2,MIR-218,UGUGCUU,MIMAT0044017,None,contig203168,55,120,-,Gnathostomata,Vertebrata,Unknown,,,,,,,,,,,
Gmo-Mir-218-P3,gmo-mir-218b,MIR-218,UGUGCUU,MIMAT0044228,None,GeneScaffold_3571,41286,41343,-,Gnathostomata,Vertebrata,Unknown,1,1,,,,,,,,,
Gmo-Mir-218-P4,gmo-mir-218a-1,MIR-218,UGUGCUU,MIMAT0044017,MIMAT0044222,GeneScaffold_3401,218692,218757,#ERROR!,Gnathostomata,Vertebrata,Unknown,,,1,,,,,,,,
Gmo-Mir-219-P2a,gmo-mir-219-2,MIR-219,GAUUGUC,None,MIMAT0044227,GeneScaffold_3565,236428,236495,-,Clupeocephala,Bilateria,No,,,1,,,,,,,,
Gmo-Mir-219-P3a,gmo-mir-219-3,MIR-219,GAUUGUC,None,MIMAT0044313,GeneScaffold_752,202020,202079,-,Clupeocephala,Bilateria,Unknown,,,,,,,,,,,
Gmo-Mir-219-P3b,gmo-mir-219-1,MIR-219,GAUUGUC,MIMAT0044115,None,GeneScaffold_1282,19894,19956,-,Clupeocephala,Bilateria,No,1,1,,,,,,,,,
Gmo-Mir-221-P1a1,gmo-mir-222-2,MIR-221,GCUACAU,MIMAT0044030,MIMAT0044031,contig337589,317,378,#ERROR!,Clupeocephala,Vertebrata,No,,,1,,,,,,,,
Gmo-Mir-221-P1a2,gmo-mir-222-1,MIR-221,GCUACAU,MIMAT0044326,MIMAT0044031,scaffold00071,21723,21784,#ERROR!,Clupeocephala,Vertebrata,No,,1,1,,,,,,,,
Gmo-Mir-221-P2a1,gmo-mir-221-1,MIR-221,GCUACAU,MIMAT0044032,MIMAT0044022,contig337589,767,830,#ERROR!,Clupeocephala,Vertebrata,No,,,1,,,,,,,,
Gmo-Mir-221-P2a2,gmo-mir-221-2,MIR-221,GCUACAU,MIMAT0044021,MIMAT0044022,contig307202,158,220,-,Clupeocephala,Vertebrata,No,,1,1,,,,,,,,
Gmo-Mir-223,gmo-mir-223a,MIR-223,GUCAGUU,MIMAT0046040,MIMAT0046041,contig60406,328,390,#ERROR!,Vertebrata,Vertebrata,No,,,1,,,,,,,,
Gmo-Mir-338-P1,gmo-mir-338-2,MIR-338,CCAGCAU,MIMAT0044152,MIMAT0044153,GeneScaffold_1790,294559,294620,-,Vertebrata,Vertebrata,No,1,1,1,,,,,,,,
Gmo-Mir-338-P2a,gmo-mir-338-1,MIR-338,CCAGCAU,MIMAT0044177,MIMAT0044153,GeneScaffold_2140,179542,179603,-,Clupeocephala,Vertebrata,No,1,,1,,,,,,,,
Gmo-Mir-338-P2b,gmo-mir-338-3,MIR-338,CCAGCAU,MIMAT0044309,MIMAT0044153,GeneScaffold_640,8792,8852,-,Clupeocephala,Vertebrata,No,1,,1,,,,,,,,
Gmo-Mir-375-P2,gmo-mir-375,MIR-375,UUGUUCG,MIMAT0044043,MIMAT0044044,contig384549,352,409,#ERROR!,Clupeocephala,Bilateria,No,,,1,,,,,,,,
Gmo-Mir-425,gmo-mir-731,MIR-425,AUGACAC,MIMAT0044114,None,GeneScaffold_1201,84822,84885,#ERROR!,Gnathostomata,Gnathostomata,No,,,1,,,,,,,,
Gmo-Mir-430-o34,None,MIR-430,AAGUGCU,None,None,contig662347,449,509,-,G. morhua,Vertebrata,No,,1,1,,,,,,,,
Gmo-Mir-451,gmo-mir-451,MIR-451,AACCGUU,MIMAT0046046,,contig314418,488,531,#ERROR!,Vertebrata,Vertebrata,NA,,,1,,,,,,,,
Gmo-Mir-455-P1,gmo-mir-455,MIR-455,AUGUGCC,MIMAT0044214,MIMAT0044215,GeneScaffold_3249,210641,210699,#ERROR!,Clupeocephala,Vertebrata,No,,,,,,,,,,,
Gmo-Mir-455-P2,gmo-mir-455,MIR-455,AUGUGCC,MIMAT0044214,MIMAT0044215,GeneScaffold_3257,458859,458917,-,Clupeocephala,Vertebrata,No,,,,,,,,,,,
Gmo-Mir-456,gmo-mir-456,MIR-456,AGGCUGG,MIMAT0044311,MIMAT0044312,GeneScaffold_690,36960,37021,#ERROR!,Vertebrata,Vertebrata,No,,1,1,,,,,,,,
Gmo-Mir-458,gmo-mir-458,MIR-458,UAGCUCU,MIMAT0044010,MIMAT0044011,contig148200,34,92,-,Osteichthyes,Osteichthyes,No,,1,1,,,,,,,,
Gmo-Mir-459,gmo-mir-459,MIR-459,CAGUAAC,MIMAT0046048,MIMAT0046049,contig116338,245,307,-,Vertebrata,Vertebrata,No,,,,,,,,,,,
Gmo-Mir-460-P1,gmo-mir-460,MIR-460,CUGCAUU,MIMAT0044248,MIMAT0044249,GeneScaffold_377,671954,672012,#ERROR!,Osteichthyes,Osteichthyes,Yes,1,,1,,,,,,,,
Gmo-Mir-460-P2,gmo-mir-730,MIR-460,CCUCAUU,MIMAT0044256,None,GeneScaffold_3838,253111,253176,#ERROR!,Osteichthyes,Osteichthyes,Yes,1,1,1,,,,,,,,
Gmo-Mir-489-v1,gmo-mir-489,MIR-489,UGACAUC,MIMAT0044023,MIMAT0044024,contig308539,565,623,-,Osteichthyes,Osteichthyes,No,,,1,,,,,,,,
Gmo-Mir-489-v2,gmo-mir-489,MIR-489,GACAUCA,MIMAT0044023,MIMAT0044024,contig308539,564,624,-,Osteichthyes,Osteichthyes,No,1,,1,,,,,,,,
Gmo-Mir-499-P1,gmo-mir-499,MIR-499,UAAGACU,MIMAT0044196,MIMAT0044197,GeneScaffold_2467,713678,713737,-,Clupeocephala,Vertebrata,No,,,1,,,,,,,,
Gmo-Mir-551-P2,gmo-mir-551,MIR-551,CGACCCA,None,MIMAT0044204,GeneScaffold_2692,219910,219967,-,Vertebrata,Vertebrata,Yes,,,1,,,,,,,,
Gmo-Mir-722-P1-v1,gmo-mir-722-2,MIR-722,UUUGCAG,MIMAT0046050,MIMAT0044001,GeneScaffold_2428,437726,437790,#ERROR!,Clupeocephala,Osteichthyes,No,,1,1,,,,,,,,
Gmo-Mir-722-P1-v2,gmo-mir-722-2,MIR-722,UUGCAGA,MIMAT0046050,MIMAT0044001,GeneScaffold_2428,437726,437790,#ERROR!,Clupeocephala,Osteichthyes,Yes,,,1,,,,,,,,
Gmo-Mir-722-P2-v1,gmo-mir-722-1,MIR-722,UUUGCAG,None,MIMAT0044001,contig110714,203,267,#ERROR!,Clupeocephala,Osteichthyes,No,,1,1,,,,,,,,
Gmo-Mir-722-P2-v2,gmo-mir-722-1,MIR-722,UUGCAGA,None,MIMAT0044001,contig110714,203,267,#ERROR!,Clupeocephala,Osteichthyes,Yes,,,1,,,,,,,,
Gmo-Mir-723-P1,gmo-mir-723-2,MIR-723,GACAUCA,MIMAT0044006,MIMAT0044007,contig135381,282,338,#ERROR!,Clupeocephala,Clupeocephala,No,,,,,,,,,,,
Gmo-Mir-723-P2,gmo-mir-723-1,MIR-723,GACAUCA,None,MIMAT0044007,GeneScaffold_830,246018,246077,-,Clupeocephala,Clupeocephala,No,,,,,,,,,,,
Gmo-Mir-724-P1-v1,gmo-mir-724-2,MIR-724,UAAAGGG,MIMAT0044318,MIMAT0044319,GeneScaffold_2603,29782,29842,-,Clupeocephala,Neopterygii,No,,,,,,,,,,,
Gmo-Mir-724-P1-v2,gmo-mir-724-2,MIR-724,AAAGGGA,MIMAT0044318,MIMAT0044319,GeneScaffold_2603,29783,29841,-,Clupeocephala,Neopterygii,No,,,,,,,,,,,
Gmo-Mir-724-P2-v1,gmo-mir-724-1,MIR-724,UAAAGGG,MIMAT0044318,MIMAT0044319,GeneScaffold_880,70240,70300,-,Clupeocephala,Neopterygii,No,,,,,,,,,,,
Gmo-Mir-724-P2-v2,gmo-mir-724-1,MIR-724,AAAGGGA,MIMAT0044318,MIMAT0044319,GeneScaffold_880,70241,70299,-,Clupeocephala,Neopterygii,No,,,,,,,,,,,
Gmo-Mir-725,gmo-mir-725,MIR-725,UCAGUCA,MIMAT0044159,MIMAT0044160,GeneScaffold_1908,57443,57503,-,Gnathostomata,Gnathostomata,No,,,1,,,,,,,,
Gmo-Mir-727-P1,gmo-mir-727b,MIR-727,CAGUCUU,MIMAT0046051,MIMAT0046052,contig193719,589,655,-,Clupeocephala,Osteichthyes,No,,,,,,,,,,,
Gmo-Mir-727-P2,gmo-mir-727,MIR-727,CAGUCUU,MIMAT0044220,None,GeneScaffold_3398,325708,325773,#ERROR!,Clupeocephala,Osteichthyes,No,,,,,,,,,,,
Gmo-Mir-728-P1,gmo-mir-728a,MIR-728,UACUAAG,None,MIMAT0044109,GeneScaffold_1176,123530,123589,-,Clupeocephala,Neopterygii,No,1,1,,,,,,,,,
Gmo-Mir-728-P2,gmo-mir-728b,MIR-728,AAUGUAG,None,MIMAT0044221,GeneScaffold_3398,327629,327691,#ERROR!,Clupeocephala,Neopterygii,No,1,,,,,,,,,,
Gmo-Mir-734,gmo-mir-734,MIR-734,AAAUGCU,None,MIMAT0044184,GeneScaffold_2255,264673,264732,#ERROR!,Neopterygii,Neopterygii,No,,,1,,,,,,,,
Gmo-Mir-737,gmo-mir-737,MIR-737,UUUUUUU,MIMAT0044172,MIMAT0044173,GeneScaffold_2066,50115,50173,#ERROR!,Osteichthyes,Osteichthyes,No,,,,,,,,,,,
Gmo-Mir-1306,None,MIR-1306,CACCUCC,None,None,GeneScaffold_2538,813263,813323,-,Gnathostomata,Gnathostomata,Unknown,,1,1,,,,,,,,
Gmo-Mir-1388,gmo-mir-1338,MIR-1388,UCUCAGG,MIMAT0044237,MIMAT0044238,GeneScaffold_370,43931,43989,-,Gnathostomata,Gnathostomata,No,,,1,,,,,,,,
Gmo-Mir-1788,gmo-mir-1788,MIR-1788,AGGCAGC,MIMAT0044124,MIMAT0044125,GeneScaffold_1550,212983,213039,-,Vertebrata,Vertebrata,Yes,,,1,,,,,,,,
Gmo-Mir-2184,gmo-mir-2184,MIR-2184,ACAGUAA,MIMAT0046036,MIMAT0046037,contig205961,92,148,#ERROR!,Gnathostomata,Gnathostomata,Unknown,,,1,,,,,,,,
Gmo-Mir-2188,gmo-mir-2188,MIR-2188,AGGUCCA,MIMAT0044013,MIMAT0044014,contig159248,350,409,-,Gnathostomata,Gnathostomata,No,,1,1,,,,,,,,
Gmo-Mir-7132-P1,gmo-mir-7132b,MIR-7132,ACUUGGU,MIMAT0044139,MIMAT0044140,GeneScaffold_1698,26933,26990,-,Clupeocephala,Clupeocephala,No,1,,,,,,,,,,
Gmo-Mir-7132-P2,gmo-mir-7132a,MIR-7132,ACUUGGU,MIMAT0044250,MIMAT0044251,GeneScaffold_3795,75041,75097,#ERROR!,Clupeocephala,Clupeocephala,No,1,,1,,,,,,,,
Gmo-Mir-7133,gmo-mir-7133,MIR-7133,AUGCUGA,None,MIMAT0044111,GeneScaffold_1196,73701,73762,-,Clupeocephala,Clupeocephala,No,,1,,,,,,,,,
Gmo-Mir-8160-P1,gmo-mir-8160a,MIR-8160,GAAUAAU,MIMAT0044357,MIMAT0044358,contig356933,258,315,#ERROR!,Acanthomorpha,Acanthomorpha,No,,,1,,,,,,,,
Gmo-Mir-8160-P2,gmo-mir-8160b,MIR-8160,GAAUAAU,MIMAT0044411,MIMAT0044412,GeneScaffold_2210,21491,21552,-,Acanthomorpha,Acanthomorpha,No,,1,,,,,,,,,
Gmo-Mir-11183,gmo-mir-11183,MIR-11183,CCCAGGU,MIMAT0044169,MIMAT0044170,GeneScaffold_2047,90781,90832,#ERROR!,G. morhua,G. morhua,No,1,,,,,,,,,,
Gmo-Mir-11187,gmo-mir-11187,MIR-11187,CGUCAUA,MIMAT0044345,MIMAT0044346,contig124093,929,988,-,G. morhua,G. morhua,No,,,1,,,,,,,,
Gmo-Mir-11217,gmo-mir-11217,MIR-11217,UGGCCUG,MIMAT0044385,None,GeneScaffold_1351,44808,44863,#ERROR!,G. morhua,G. morhua,No,,,1,,,,,,,,
Gmo-Mir-11223,gmo-mir-11223,MIR-11223,AUAGUCU,MIMAT0044392,MIMAT0044393,GeneScaffold_1549,79250,79310,-,G. morhua,G. morhua,No,,,,,,,,,,,
Gmo-Mir-11228,gmo-mir-11228,MIR-11228,CAGGUGU,None,MIMAT0044398,GeneScaffold_1681,554811,554863,-,G. morhua,G. morhua,No,,,,,,,,,,,
Gmo-Mir-11230,gmo-mir-11230,MIR-11230,AAACCGC,MIMAT0044400,None,GeneScaffold_1770,375102,375158,#ERROR!,G. morhua,G. morhua,No,1,,,,,,,,,,
Gmo-Mir-11236,gmo-mir-11236,MIR-11236,CUCCCAU,MIMAT0044408,MIMAT0044409,GeneScaffold_2112,201224,201287,-,G. morhua,G. morhua,No,,,1,,,,,,,,
Gmo-Mir-11272,gmo-mir-11272,MIR-11272,ACACUUG,MIMAT0044457,MIMAT0044458,GeneScaffold_4591,103263,103329,-,G. morhua,G. morhua,No,1,,1,,,,,,,,
Gmo-Mir-11275,gmo-mir-11275,MIR-11275,CAGCCCC,MIMAT0044461,None,GeneScaffold_505,10027,10083,#ERROR!,G. morhua,G. morhua,No,,,1,,,,,,,,
Gmo-Mir-11278,gmo-mir-11278,MIR-11278,GGGAGAA,MIMAT0044464,None,GeneScaffold_568,33666,33727,#ERROR!,G. morhua,G. morhua,No,,,1,,,,,,,,
Gmo-Mir-11935,gmo-mir-11935,MIR-11935,CUCCAGA,MIMAT0046069,MIMAT0046070,GeneScaffold_3477,17415,17475,#ERROR!,G. morhua,G. morhua,No,,,,,,,,,,,
Gmo-Mir-11937,gmo-mir-11937,MIR-11937,GAAGACC,MIMAT0046073,MIMAT0046074,GeneScaffold_1180,179573,179639,-,G. morhua,G. morhua,No,,,1,,,,,,,,
Gmo-Novel-1,None,GMO-NOVEL-1,UAAGCUG,None,None,contig91536,409,467,-,G. morhua,G. morhua,No,,,,,,,,,,,
Gmo-Novel-2,None,GMO-NOVEL-2,GCACUGC,None,None,GeneScaffold_3708,172174,172231,-,G. morhua,G. morhua,No,,,,,,,,,,,
Gmo-Novel-3,None,GMO-NOVEL-3,UUUGUCU,None,None,GeneScaffold_1774,14608,14671,-,G. morhua,G. morhua,No,,,,,,,,,,,
Gmo-Novel-4,None,GMO-NOVEL-4,AGAGUUU,None,None,GeneScaffold_1503,33136,33193,-,G. morhua,G. morhua,No,,,,,,,,,,,
Gmo-Novel-5,None,GMO-NOVEL-5,AGGACAU,None,None,contig186083,219,281,-,G. morhua,G. morhua,No,,,1,,,,,,,,
Gmo-Novel-6,None,GMO-NOVEL-6,UACCACG,None,None,GeneScaffold_1180,71067,71126,-,G. morhua,G. morhua,No,1,,1,,,,,,,,
Gmo-Novel-7,None,GMO-NOVEL-7,ACUGAAC,None,None,GeneScaffold_125,173638,173702,-,G. morhua,G. morhua,No,,1,,,,,,,,,
Gmo-Novel-8,None,GMO-NOVEL-8,GUGCAGA,None,None,GeneScaffold_1263,123004,123059,#ERROR!,G. morhua,G. morhua,No,,,,,,,,,,,
Gmo-Novel-9,None,GMO-NOVEL-9,AGAAUUC,None,None,GeneScaffold_2326,272579,272640,#ERROR!,G. morhua,G. morhua,No,,,,,,,,,,,
Gmo-Novel-10,None,GMO-NOVEL-10,CCAUGUG,None,None,GeneScaffold_4339,27172,27228,#ERROR!,G. morhua,G. morhua,No,,,,,,,,,,,