MirGeneDB ID â–²,MiRBase ID,Family,Seed,5p accession,3p accession,Chromosome,Start,End,Strand,Node of origin (locus),Node of origin (family),3' NTU,UG,UGUG,CNNC
Lch-Let-7-P1b,None,LET-7,GAGGUAG,None,None,JH126831.1,1157690,1157756,#ERROR!,Gnathostomata,Bilateria,Unknown,1,,1
Lch-Let-7-P1c,None,LET-7,GAGGUAG,None,None,JH129320.1,102602,102668,-,Gnathostomata,Bilateria,Unknown,,,1
Lch-Let-7-P1d,None,LET-7,GAGGUAG,None,None,JH126571.1,5788957,5789023,#ERROR!,Gnathostomata,Bilateria,Unknown,,,1
Lch-Let-7-P2a1,None,LET-7,GAGGUAG,None,None,JH129429.1,111013,111084,#ERROR!,Gnathostomata,Bilateria,Unknown,,,1
Lch-Let-7-P2a2,None,LET-7,GAGGUAG,None,None,JH126738.1,1666276,1666346,#ERROR!,Gnathostomata,Bilateria,Unknown,,,
Lch-Let-7-P2a3,None,LET-7,GAGGUAG,None,None,JH126938.1,650371,650441,#ERROR!,Gnathostomata,Bilateria,Unknown,,,1
Lch-Let-7-P2a4,None,LET-7,GAGGUAG,None,None,JH126819.1,499283,499354,#ERROR!,Gnathostomata,Bilateria,Unknown,,1,
Lch-Let-7-P2b1,None,LET-7,GAGGUAG,None,None,JH129429.1,111878,111953,#ERROR!,Gnathostomata,Bilateria,Unknown,,,1
Lch-Let-7-P2b2,None,LET-7,GAGGUAG,None,None,JH126738.1,1670282,1670358,#ERROR!,Gnathostomata,Bilateria,Unknown,,,1
Lch-Let-7-P2b4,None,LET-7,GAGGUAG,None,None,JH126819.1,500448,500525,#ERROR!,Gnathostomata,Bilateria,Unknown,,,1
Lch-Let-7-P2c1,None,LET-7,GAGGUAG,None,None,JH129429.1,115267,115341,#ERROR!,Gnathostomata,Bilateria,Unknown,,,1
Lch-Let-7-P2c2,None,LET-7,GAGGUAG,None,None,JH127196.1,819664,819740,#ERROR!,Gnathostomata,Bilateria,Unknown,,,1
Lch-Let-7-P2c3,None,LET-7,GAGGUAG,None,None,JH126569.1,3481472,3481549,-,Gnathostomata,Bilateria,Unknown,,,1
Lch-Let-7-P2c4,None,LET-7,GAGGUAG,None,None,JH126576.1,2453770,2453844,-,Gnathostomata,Bilateria,Unknown,,,
Lch-Mir-1-P1,None,MIR-1,GGAAUGU,None,None,BAHO01228262.1,6305,6365,-,Gnathostomata,Bilateria,Unknown,,,1
Lch-Mir-1-P2,None,MIR-1,GGAAUGU,None,None,JH130227.1,100423,100482,-,Gnathostomata,Bilateria,Unknown,,,
Lch-Mir-1-P3,None,MIR-1,GGAAUGU,None,None,JH126883.1,1364534,1364594,#ERROR!,Gnathostomata,Bilateria,Unknown,1,,1
Lch-Mir-1-P4,None,MIR-1,GGAAUGU,None,None,JH126588.1,1227790,1227852,-,Gnathostomata,Bilateria,Unknown,,,1
Lch-Mir-7-P1,None,MIR-7,GGAAGAC,None,None,JH126611.1,3121983,3122045,-,Gnathostomata,Bilateria,Unknown,,,1
Lch-Mir-7-P2,None,MIR-7,GGAAGAC,None,None,JH128460.1,223089,223152,#ERROR!,Gnathostomata,Bilateria,Unknown,,,1
Lch-Mir-7-P3,None,MIR-7,GGAAGAC,None,None,JH127154.1,495178,495242,#ERROR!,Gnathostomata,Bilateria,Unknown,,1,1
Lch-Mir-7-P4,None,MIR-7,GGAAGAC,None,None,JH126673.1,2257212,2257274,-,Gnathostomata,Bilateria,Unknown,,,
Lch-Mir-8-P1a,None,MIR-8,AAUACUG,None,None,JH126562.1,3546942,3547001,#ERROR!,Vertebrata,Bilateria,Unknown,1,1,1
Lch-Mir-8-P1b,None,MIR-8,AAUACUG,None,None,JH130573.1,37887,37947,-,Vertebrata,Bilateria,Unknown,,1,1
Lch-Mir-8-P2a,None,MIR-8,AACACUG,None,None,JH126562.1,3548600,3548660,#ERROR!,Vertebrata,Bilateria,Unknown,1,,1
Lch-Mir-8-P3a,None,MIR-8,AAUACUG,None,None,JH126562.1,3561179,3561237,#ERROR!,Vertebrata,Bilateria,Unknown,,,
Lch-Mir-9-P1,None,MIR-9,CUUUGGU,None,None,JH126611.1,2302489,2302550,-,Gnathostomata,Bilateria,Unknown,,1,1
Lch-Mir-9-P2,None,MIR-9,CUUUGGU,None,None,JH126923.1,939004,939063,#ERROR!,Gnathostomata,Bilateria,Unknown,,1,1
Lch-Mir-9-P3,None,MIR-9,CUUUGGU,None,None,JH127275.1,176116,176177,-,Gnathostomata,Bilateria,Unknown,,1,
Lch-Mir-9-P4,None,MIR-9,CUUUGGU,None,None,JH127544.1,777103,777162,-,Gnathostomata,Bilateria,Unknown,,1,1
Lch-Mir-10-P1b,None,MIR-10,ACCCUGU,None,None,JH127184.1,365721,365782,-,Gnathostomata,Eumetazoa,Unknown,,1,1
Lch-Mir-10-P1c,None,MIR-10,ACCCUGU,None,None,JH126617.1,1136925,1136987,-,Gnathostomata,Eumetazoa,Unknown,,1,1
Lch-Mir-10-P1d,None,MIR-10,ACCCUGU,None,None,JH126829.1,1624452,1624513,-,Gnathostomata,Eumetazoa,Unknown,,,
Lch-Mir-10-P2b,None,MIR-10,ACCCGUA,None,None,JH126831.1,1144238,1144295,#ERROR!,Gnathostomata,Eumetazoa,Unknown,1,1,
Lch-Mir-10-P2c,None,MIR-10,ACCCGUA,None,None,JH129320.1,104238,104295,-,Gnathostomata,Eumetazoa,Unknown,1,,
Lch-Mir-10-P2d,None,MIR-10,ACCCGUA,None,None,JH126571.1,5782632,5782688,#ERROR!,Gnathostomata,Eumetazoa,Unknown,1,,1
Lch-Mir-10-P3b,None,MIR-10,CCCUGAG,None,None,JH126831.1,1177148,1177205,#ERROR!,Gnathostomata,Eumetazoa,Unknown,,,
Lch-Mir-10-P3c,None,MIR-10,CCCUGAG,None,None,JH129320.1,12200,12261,-,Gnathostomata,Eumetazoa,Unknown,1,,1
Lch-Mir-10-P3d,None,MIR-10,CCCUGAG,None,None,JH126571.1,5812183,5812244,#ERROR!,Gnathostomata,Eumetazoa,Unknown,1,1,1
Lch-Mir-15-P1a,None,MIR-15,AGCAGCA,None,None,JH127182.1,914023,914083,-,Gnathostomata,Olfactores,Unknown,,,
Lch-Mir-15-P1b,None,MIR-15,AGCAGCA,None,None,JH127319.1,508178,508236,-,Gnathostomata,Olfactores,Unknown,,,
Lch-Mir-15-P1c,None,MIR-15,AGCAGCA,None,None,JH126623.1,2023205,2023262,#ERROR!,Gnathostomata,Olfactores,Unknown,,,1
Lch-Mir-15-P2a,None,MIR-15,AGCAGCA,None,None,JH127182.1,910222,910287,-,Gnathostomata,Olfactores,Unknown,,,1
Lch-Mir-15-P2b,None,MIR-15,AGCAGCA,None,None,JH127319.1,508022,508085,-,Gnathostomata,Olfactores,Unknown,1,,1
Lch-Mir-15-P2c,None,MIR-15,AGCAGCA,None,None,JH126623.1,2025608,2025670,#ERROR!,Gnathostomata,Olfactores,Unknown,1,,1
Lch-Mir-17-P1a,None,MIR-17,AAAGUGC,None,None,JH129267.1,173002,173062,-,Gnathostomata,Vertebrata,Unknown,,,
Lch-Mir-17-P1c,None,MIR-17,AAAGUGC,None,None,JH126623.1,2113883,2113940,#ERROR!,Gnathostomata,Vertebrata,Unknown,,,
Lch-Mir-17-P1d,None,MIR-17,AAAGUGC,None,None,JH128754.1,148690,148752,#ERROR!,Gnathostomata,Vertebrata,Unknown,,,1
Lch-Mir-17-P2a,None,MIR-17,AAGGUGC,None,None,JH129267.1,172869,172933,-,Gnathostomata,Vertebrata,Unknown,,,
Lch-Mir-17-P2c,None,MIR-17,AAGGUGC,None,None,JH126623.1,2114050,2114114,#ERROR!,Gnathostomata,Vertebrata,Unknown,,,
Lch-Mir-17-P4a,None,MIR-17,AAAGUGC,None,None,JH129267.1,172558,172616,-,Gnathostomata,Vertebrata,Unknown,,1,1
Lch-Mir-17-P4c,None,MIR-17,AAAGUGC,None,None,JH126623.1,2114536,2114596,#ERROR!,Gnathostomata,Vertebrata,Unknown,1,,
Lch-Mir-17-P4d,None,MIR-17,AAAGUGC,None,None,JH128754.1,150663,150723,#ERROR!,Gnathostomata,Vertebrata,Unknown,,1,
Lch-Mir-19-P1a,None,MIR-19,GUGCAAA,None,None,JH129267.1,172741,172798,-,Gnathostomata,Vertebrata,Unknown,1,,1
Lch-Mir-19-P2a,None,MIR-19,GUGCAAA,None,None,JH129267.1,172435,172498,-,Gnathostomata,Vertebrata,Unknown,,,
Lch-Mir-19-P2c,None,MIR-19,GUGCAAA,None,None,JH126623.1,2114677,2114757,#ERROR!,Gnathostomata,Vertebrata,Unknown,,,
Lch-Mir-19-P2d,None,MIR-19,GUGCAAA,None,None,JH128754.1,155359,155420,#ERROR!,Gnathostomata,Vertebrata,Unknown,1,,
Lch-Mir-21,None,MIR-21,AGCUUAU,None,None,JH126567.1,623470,623529,#ERROR!,Vertebrata,Vertebrata,Unknown,,1,
Lch-Mir-22-P1a,None,MIR-22,AGCUGCC,None,None,JH126621.1,2124056,2124115,-,Vertebrata,Bilateria,Unknown,,,
Lch-Mir-22-P1b,None,MIR-22,AGCUGCC,None,None,JH127856.1,309481,309543,#ERROR!,Vertebrata,Bilateria,Unknown,,1,1
Lch-Mir-23-P1,None,MIR-23,UCACAUU,None,None,JH126762.1,1811296,1811360,-,Gnathostomata,Vertebrata,Unknown,,,1
Lch-Mir-23-P2,None,MIR-23,UCACAUU,None,None,JH126823.1,177079,177138,-,Gnathostomata,Vertebrata,Unknown,1,1,1
Lch-Mir-23-P3,None,MIR-23,UCACAUU,None,None,JH126758.1,380329,380387,-,Gnathostomata,Vertebrata,Unknown,1,,
Lch-Mir-23-P4,None,MIR-23,UCACAUU,None,None,JH127091.1,1154085,1154147,-,Gnathostomata,Vertebrata,Unknown,,,
Lch-Mir-24-P1,None,MIR-24,GGCUCAG,None,None,JH126762.1,1801884,1801943,-,Gnathostomata,Vertebrata,Unknown,,,
Lch-Mir-24-P2,None,MIR-24,GGCUCAG,None,None,JH126823.1,175961,176020,-,Gnathostomata,Vertebrata,Unknown,,,
Lch-Mir-24-P3,None,MIR-24,GGCUCAG,None,None,JH126758.1,373059,373117,-,Gnathostomata,Vertebrata,Unknown,,,
Lch-Mir-24-P4,None,MIR-24,GGCUCAG,None,None,JH127091.1,1152354,1152413,-,Gnathostomata,Vertebrata,Unknown,,1,
Lch-Mir-26-P1,None,MIR-26,UCAAGUA,None,None,JH129281.1,50980,51040,#ERROR!,Gnathostomata,Vertebrata,Unknown,,1,1
Lch-Mir-26-P2,None,MIR-26,UCAAGUA,None,None,JH128253.1,141295,141355,-,Gnathostomata,Vertebrata,Unknown,,,1
Lch-Mir-26-P4,None,MIR-26,UCAAGUA,None,None,JH126659.1,411216,411276,-,Gnathostomata,Vertebrata,Unknown,1,,1
Lch-Mir-27-P1,None,MIR-27,UCACAGU,None,None,JH126762.1,1808447,1808510,-,Gnathostomata,Vertebrata,Unknown,,,1
Lch-Mir-27-P2,None,MIR-27,UCACAGU,None,None,JH126823.1,176794,176856,-,Gnathostomata,Vertebrata,Unknown,,,
Lch-Mir-27-P3,None,MIR-27,UCACAGU,None,None,JH126758.1,377934,377995,-,Gnathostomata,Vertebrata,Unknown,,,
Lch-Mir-27-P4,None,MIR-27,UCACAGU,None,None,JH127091.1,1152893,1152956,-,Gnathostomata,Vertebrata,Unknown,,1,
Lch-Mir-29-P1b,None,MIR-29,AGCACCA,None,None,JH127138.1,233925,233988,#ERROR!,Gnathostomata,Bilateria,Unknown,,,1
Lch-Mir-29-P1d,None,MIR-29,AGCACCA,None,None,JH126576.1,4859546,4859610,#ERROR!,Gnathostomata,Bilateria,Unknown,,,1
Lch-Mir-29-P2a,None,MIR-29,AGCACCA,None,None,JH127882.1,625442,625501,#ERROR!,Gnathostomata,Bilateria,Unknown,,,1
Lch-Mir-29-P2b,None,MIR-29,AGCACCA,None,None,JH127138.1,247549,247607,#ERROR!,Gnathostomata,Bilateria,Unknown,,,1
Lch-Mir-29-P2d,None,MIR-29,AGCACCA,None,None,JH126576.1,4860894,4860951,#ERROR!,Gnathostomata,Bilateria,Unknown,,,1
Lch-Mir-30-P1a,None,MIR-30,GUAAACA,None,None,JH131061.1,46578,46640,#ERROR!,Gnathostomata,Vertebrata,Unknown,,,1
Lch-Mir-30-P1b,None,MIR-30,GUAAACA,None,None,JH129264.1,106248,106311,#ERROR!,Gnathostomata,Vertebrata,Unknown,1,1,1
Lch-Mir-30-P1d,None,MIR-30,GUAAACA,None,None,JH126929.1,1095854,1095915,-,Gnathostomata,Vertebrata,Unknown,,,1
Lch-Mir-30-P2a,None,MIR-30,GUAAACA,None,None,JH131061.1,48307,48366,#ERROR!,Gnathostomata,Vertebrata,Unknown,,,
Lch-Mir-30-P2b,None,MIR-30,GUAAACA,None,None,JH132513.1,1376,1437,-,Gnathostomata,Vertebrata,Unknown,1,1,1
Lch-Mir-30-P2d,None,MIR-30,GUAAACA,None,None,JH126929.1,1094991,1095051,-,Gnathostomata,Vertebrata,Unknown,,1,1
Lch-Mir-31,None,MIR-31,GGCAAGA,None,None,JH128150.1,522982,523040,-,Bilateria,Bilateria,Unknown,,1,1
Lch-Mir-32,None,MIR-32,AUUGCAC,None,None,JH128327.1,205934,205995,#ERROR!,Gnathostomata,Gnathostomata,Unknown,,1,
Lch-Mir-33-P1,None,MIR-33,UGCAUUG,None,None,BAHO01271459.1,1204,1263,-,Gnathostomata,Bilateria,Unknown,,1,1
Lch-Mir-33-P3,None,MIR-33,UGCAUUG,None,None,JH129755.1,152934,152994,#ERROR!,Gnathostomata,Bilateria,Unknown,1,1,1
Lch-Mir-34-P1,None,MIR-34,GGCAGUG,None,None,JH126562.1,1219520,1219585,#ERROR!,Gnathostomata,Bilateria,Unknown,1,1,
Lch-Mir-34-P2a,None,MIR-34,GGCAGUG,None,None,JH126571.1,4888443,4888502,-,Gnathostomata,Bilateria,Unknown,1,,1
Lch-Mir-34-P2b,None,MIR-34,GGCAGUG,None,None,JH126571.1,4886587,4886641,-,Gnathostomata,Bilateria,Unknown,,,
Lch-Mir-34-P3a,None,MIR-34,GGCAGUG,None,None,JH127011.1,782676,782741,#ERROR!,Gnathostomata,Bilateria,Unknown,,1,
Lch-Mir-34-P3b,None,MIR-34,GGCAGUG,None,None,JH127011.1,783378,783440,#ERROR!,Gnathostomata,Bilateria,Unknown,1,,
Lch-Mir-34-P3d,None,MIR-34,GGCAGUG,None,None,JH127011.1,783929,783987,#ERROR!,Gnathostomata,Bilateria,Unknown,,1,
Lch-Mir-92-P1a,None,MIR-92,AUUGCAC,None,None,JH129267.1,172327,172385,-,Gnathostomata,Bilateria,Unknown,,,
Lch-Mir-92-P1d,None,MIR-92,AUUGCAC,None,None,JH128505.1,370187,370249,-,Gnathostomata,Bilateria,Unknown,,,1
Lch-Mir-92-P2c,None,MIR-92,AUUGCAC,None,None,JH126623.1,2115244,2115306,#ERROR!,Gnathostomata,Bilateria,Unknown,1,,
Lch-Mir-92-P2d,None,MIR-92,AUUGCAC,None,None,JH128754.1,158754,158813,#ERROR!,Gnathostomata,Bilateria,Unknown,1,,1
Lch-Mir-96-P1,None,MIR-96,UUGGCAC,None,None,JH127218.1,511439,511502,-,Bilateria,Bilateria,Unknown,,,1
Lch-Mir-96-P2,None,MIR-96,UUGGCAA,None,None,JH127218.1,494388,494452,-,Bilateria,Bilateria,Unknown,,,1
Lch-Mir-96-P3,None,MIR-96,AUGGCAC,None,None,JH127218.1,516970,517031,-,Bilateria,Bilateria,Unknown,,1,1
Lch-Mir-101-P1,None,MIR-101,ACAGUAC,None,None,JH130703.1,86604,86662,-,Vertebrata,Vertebrata,Unknown,,,1
Lch-Mir-101-P2,None,MIR-101,ACAGUAC,None,None,JH129674.1,173917,173975,#ERROR!,Vertebrata,Vertebrata,Unknown,1,1,
Lch-Mir-103-P1,None,MIR-103,GCAGCAU,None,None,JH128928.1,263589,263648,-,Gnathostomata,Deuterostomia,Unknown,,,1
Lch-Mir-103-P2,None,MIR-103,GCAGCAU,None,None,BAHO01049067.1,369,428,-,Gnathostomata,Deuterostomia,Unknown,,,1
Lch-Mir-103-P4,None,MIR-103,GCAGCAU,None,None,JH126669.1,1588486,1588546,-,Gnathostomata,Deuterostomia,Unknown,1,,1
Lch-Mir-122,None,MIR-122,GGAGUGU,None,None,JH127895.1,9518,9576,-,Vertebrata,Vertebrata,Unknown,,,
Lch-Mir-124-P1,None,MIR-124,AAGGCAC,None,None,JH127810.1,429475,429533,-,Gnathostomata,Bilateria,Unknown,,,1
Lch-Mir-124-P2,None,MIR-124,AAGGCAC,None,None,JH128723.1,124257,124317,#ERROR!,Gnathostomata,Bilateria,Unknown,,,1
Lch-Mir-124-P3,None,MIR-124,AAGGCAC,None,None,JH126727.1,1037426,1037485,-,Gnathostomata,Bilateria,Unknown,,,1
Lch-Mir-124-P4,None,MIR-124,AAGGCAC,None,None,BAHO01233834.1,2153,2211,#ERROR!,Gnathostomata,Bilateria,Unknown,1,,1
Lch-Mir-126-P2,None,MIR-126,CGUACCG,None,None,JH126573.1,3011673,3011731,-,Vertebrata,Olfactores,Unknown,1,1,1
Lch-Mir-128-P1,None,MIR-128,CACAGUG,None,None,JH127771.1,308455,308512,#ERROR!,Gnathostomata,Vertebrata,Unknown,,1,
Lch-Mir-128-P2,None,MIR-128,CACAGUG,None,None,BAHO01265921.1,3043,3098,#ERROR!,Gnathostomata,Vertebrata,Unknown,,,1
Lch-Mir-128-P3,None,MIR-128,CACAGUG,None,None,JH127045.1,803760,803818,#ERROR!,Gnathostomata,Vertebrata,Unknown,,,1
Lch-Mir-129-P1,None,MIR-129,UUUUUGC,None,None,JH126568.1,1769986,1770050,#ERROR!,Gnathostomata,Chordata,Unknown,1,1,1
Lch-Mir-129-P2,None,MIR-129,UUUUUGC,None,None,JH128191.1,362868,362933,#ERROR!,Gnathostomata,Chordata,Unknown,,1,1
Lch-Mir-129-P4,None,MIR-129,UUUUUGC,None,None,JH126644.1,619207,619275,#ERROR!,Gnathostomata,Chordata,Unknown,,,1
Lch-Mir-130-P1a,None,MIR-130,AGUGCAA,None,None,JH126620.1,806769,806827,-,Gnathostomata,Vertebrata,Unknown,,,1
Lch-Mir-130-P1b,None,MIR-130,AGUGCAA,None,None,JH126567.1,194546,194608,-,Gnathostomata,Vertebrata,Unknown,,,
Lch-Mir-130-P1c,None,MIR-130,AGUGCAA,None,None,JH130223.1,57005,57064,#ERROR!,Gnathostomata,Vertebrata,Unknown,,,
Lch-Mir-130-P1d,None,MIR-130,AGUGCAA,None,None,JH128272.1,328151,328212,-,Gnathostomata,Vertebrata,Unknown,,,1
Lch-Mir-130-P2a,None,MIR-130,AGUGCAA,None,None,JH126620.1,804317,804379,-,Gnathostomata,Vertebrata,Unknown,1,,1
Lch-Mir-130-P2b,None,MIR-130,AGUGCAA,None,None,JH126567.1,194120,194181,-,Gnathostomata,Vertebrata,Unknown,1,1,1
Lch-Mir-130-P2d,None,MIR-130,AGUGCAA,None,None,JH128272.1,320519,320582,-,Gnathostomata,Vertebrata,Unknown,,,1
Lch-Mir-130-P3a,None,MIR-130,AGUGCAA,None,None,JH126620.1,795127,795190,-,Gnathostomata,Vertebrata,Unknown,,,1
Lch-Mir-130-P3b,None,MIR-130,AGUGCAA,None,None,JH126567.1,190727,190791,-,Gnathostomata,Vertebrata,Unknown,,1,
Lch-Mir-130-P3c,None,MIR-130,AGUGCAA,None,None,JH130223.1,57514,57577,#ERROR!,Gnathostomata,Vertebrata,Unknown,,,1
Lch-Mir-130-P4a,None,MIR-130,AGUGCAA,None,None,JH126620.1,792824,792880,-,Gnathostomata,Vertebrata,Unknown,,1,
Lch-Mir-132-P1,None,MIR-132,AACAGUC,None,None,JH128089.1,385834,385892,#ERROR!,Vertebrata,Vertebrata,Unknown,1,,1
Lch-Mir-132-P2,None,MIR-132,CCUUGGC,None,None,JH128089.1,379330,379397,#ERROR!,Vertebrata,Vertebrata,Unknown,,,1
Lch-Mir-133-P1,None,MIR-133,UUGGUCC,None,None,JH126833.1,355239,355298,#ERROR!,Gnathostomata,Bilateria,Unknown,,,1
Lch-Mir-133-P2,None,MIR-133,UUGGUCC,None,None,JH130227.1,64074,64132,-,Gnathostomata,Bilateria,Unknown,,,1
Lch-Mir-133-P3,None,MIR-133,UUGGUCC,None,None,JH126883.1,1404883,1404942,#ERROR!,Gnathostomata,Bilateria,Unknown,,,1
Lch-Mir-133-P4,None,MIR-133,UUGGUCC,None,None,JH126588.1,1226968,1227025,-,Gnathostomata,Bilateria,Unknown,,,1
Lch-Mir-135-P1,None,MIR-135,AUGGCUU,None,None,JH126569.1,3154915,3154976,#ERROR!,Gnathostomata,Chordata,Unknown,,,1
Lch-Mir-135-P2,None,MIR-135,AUGGCUU,None,None,JH126824.1,658696,658755,-,Gnathostomata,Chordata,Unknown,,,1
Lch-Mir-135-P4,None,MIR-135,AUGGCUU,None,None,JH126599.1,251546,251606,#ERROR!,Gnathostomata,Chordata,Unknown,,,1
Lch-Mir-137-P1,None,MIR-137,UAUUGCU,None,None,JH127740.1,380593,380651,-,Gnathostomata,Bilateria,Unknown,,,1
Lch-Mir-137-P3,None,MIR-137,UAUUGCU,None,None,JH126757.1,1300503,1300561,-,Gnathostomata,Bilateria,Unknown,,,1
Lch-Mir-138-P1,None,MIR-138,GCUGGUG,None,None,JH127183.1,243830,243890,#ERROR!,Vertebrata,Vertebrata,Unknown,1,,1
Lch-Mir-138-P2,None,MIR-138,GCUGGUG,None,None,JH127786.1,563197,563264,-,Vertebrata,Vertebrata,Unknown,,,1
Lch-Mir-139,None,MIR-139,CUACAGU,None,None,JH127329.1,94314,94372,-,Gnathostomata,Gnathostomata,Unknown,,,
Lch-Mir-140-P1,None,MIR-140,CCACAGG,None,None,JH127961.1,491090,491151,#ERROR!,Gnathostomata,Vertebrata,Unknown,,,
Lch-Mir-140-P2,None,MIR-140,ACCACAG,None,None,JH127891.1,481510,481571,-,Gnathostomata,Vertebrata,Unknown,,,
Lch-Mir-142-P1,None,MIR-142,AUAAAGU,None,None,JH126681.1,1642393,1642452,#ERROR!,Gnathostomata,Vertebrata,Unknown,,,1
Lch-Mir-142-P2,None,MIR-142,AUAAAGU,None,None,JH127210.1,785427,785486,#ERROR!,Gnathostomata,Vertebrata,Unknown,,,1
Lch-Mir-143,None,MIR-143,GAGAUGA,None,None,JH127531.1,330353,330407,#ERROR!,Vertebrata,Vertebrata,Unknown,,,1
Lch-Mir-144,None,MIR-144,UACAGUA,None,None,JH127350.1,728206,728264,-,Vertebrata,Vertebrata,Unknown,,,
Lch-Mir-145,None,MIR-145,UCCAGUU,None,None,JH127531.1,332767,332826,#ERROR!,Vertebrata,Vertebrata,Unknown,,,1
Lch-Mir-146-P1,None,MIR-146,GAGAACU,None,None,BAHO01372914.1,4531,4595,-,Gnathostomata,Vertebrata,Unknown,1,,
Lch-Mir-146-P2,None,MIR-146,GAGAACU,None,None,JH126947.1,21211,21274,-,Gnathostomata,Vertebrata,Unknown,,,1
Lch-Mir-146-P4,None,MIR-146,GAGAACU,None,None,JH127381.1,415415,415472,-,Gnathostomata,Vertebrata,Unknown,1,,1
Lch-Mir-147,None,MIR-147,UGUGCGG,None,None,JH127003.1,1293927,1293988,#ERROR!,Vertebrata,Vertebrata,Unknown,,,
Lch-Mir-148-P1,None,MIR-148,CAGUGCA,None,None,JH126711.1,735576,735635,-,Gnathostomata,Vertebrata,Unknown,,,
Lch-Mir-148-P4,None,MIR-148,CAGUGCA,None,None,JH126829.1,753484,753544,-,Gnathostomata,Vertebrata,Unknown,,1,
Lch-Mir-150,None,MIR-150,CUCCCAA,None,None,JH126644.1,1630374,1630432,-,Gnathostomata,Gnathostomata,Unknown,,,
Lch-Mir-153-P1,None,MIR-153,UGCAUAG,None,None,JH128207.1,36971,37031,#ERROR!,Gnathostomata,Bilateria,Unknown,,,1
Lch-Mir-153-P2,None,MIR-153,UGCAUAG,None,None,JH128459.1,192280,192340,#ERROR!,Gnathostomata,Bilateria,Unknown,,,1
Lch-Mir-155,None,MIR-155,UAAUGCU,None,None,JH127824.1,363037,363097,#ERROR!,Vertebrata,Vertebrata,Unknown,1,,
Lch-Mir-181-P1a,None,MIR-181,ACAUUCA,None,None,JH127371.1,200037,200097,-,Gnathostomata,Vertebrata,Unknown,1,,1
Lch-Mir-181-P1b,None,MIR-181,ACAUUCA,None,None,JH126572.1,3687977,3688037,-,Gnathostomata,Vertebrata,Unknown,1,,
Lch-Mir-181-P1c,None,MIR-181,ACAUUCA,None,None,JH126758.1,817111,817172,#ERROR!,Gnathostomata,Vertebrata,Unknown,,,1
Lch-Mir-181-P2a,None,MIR-181,ACAUUCA,None,None,JH127371.1,199853,199914,-,Gnathostomata,Vertebrata,Unknown,,,
Lch-Mir-181-P2b,None,MIR-181,ACAUUCA,None,None,JH126572.1,3682113,3682171,-,Gnathostomata,Vertebrata,Unknown,,,
Lch-Mir-181-P2c,None,MIR-181,ACAUUCA,None,None,JH126758.1,823305,823368,#ERROR!,Gnathostomata,Vertebrata,Unknown,,1,1
Lch-Mir-184,None,MIR-184,GGACGGA,None,None,JH131571.1,23542,23603,-,Bilateria,Bilateria,Unknown,,,1
Lch-Mir-187,None,MIR-187,CGUGUCU,None,None,JH127142.1,316908,316965,-,Osteichthyes,Osteichthyes,Unknown,,,1
Lch-Mir-190-P1,None,MIR-190,GAUAUGU,None,None,JH126577.1,894888,894946,-,Gnathostomata,Bilateria,Unknown,1,,1
Lch-Mir-190-P3,None,MIR-190,GAUAUGU,None,None,JH127746.1,45964,46023,#ERROR!,Gnathostomata,Bilateria,Unknown,1,,1
Lch-Mir-192-P1,None,MIR-192,UGACCUA,None,None,JH127009.1,785039,785101,-,Vertebrata,Vertebrata,Unknown,1,1,1
Lch-Mir-193-P1a,None,MIR-193,ACUGGCC,None,None,JH127571.1,669266,669324,#ERROR!,Vertebrata,Bilateria,Unknown,1,,
Lch-Mir-193-P1b,None,MIR-193,ACUGGCC,None,None,JH126741.1,2095946,2096005,-,Vertebrata,Bilateria,Unknown,1,,1
Lch-Mir-193-P2a,None,MIR-193,AAUGCCC,None,None,JH127571.1,680849,680910,#ERROR!,Vertebrata,Bilateria,Unknown,,,1
Lch-Mir-193-P2b,None,MIR-193,AAUGCCC,None,None,JH126741.1,2084155,2084216,-,Vertebrata,Bilateria,Unknown,,,1
Lch-Mir-194-P1,None,MIR-194,GUAACAG,None,None,JH127009.1,786089,786144,-,Vertebrata,Vertebrata,Unknown,,,
Lch-Mir-194-P2,None,MIR-194,GUAACAG,None,None,JH126593.1,2858400,2858460,-,Vertebrata,Vertebrata,Unknown,,,1
Lch-Mir-196-P1,None,MIR-196,AGGUAGU,None,None,JH126711.1,2060364,2060422,-,Gnathostomata,Olfactores,Unknown,,,1
Lch-Mir-196-P3,None,MIR-196,AGGUAGU,None,None,JH126617.1,1196138,1196196,-,Gnathostomata,Olfactores,Unknown,,,1
Lch-Mir-196-P4,None,MIR-196,AGGUAGU,None,None,JH126829.1,1686811,1686868,-,Gnathostomata,Olfactores,Unknown,,,1
Lch-Mir-199-P1,None,MIR-199,CAGUAGU,None,None,JH127017.1,811620,811680,-,Gnathostomata,Vertebrata,Unknown,,,1
Lch-Mir-199-P2,None,MIR-199,CAGUAGU,None,None,JH126677.1,2063652,2063712,#ERROR!,Gnathostomata,Vertebrata,Unknown,,,1
Lch-Mir-199-P3,None,MIR-199,CAGUAGU,None,None,JH126759.1,1560375,1560435,#ERROR!,Gnathostomata,Vertebrata,Unknown,,,1
Lch-Mir-202,None,MIR-202,UCCUAUG,None,None,JH127112.1,439533,439590,#ERROR!,Vertebrata,Vertebrata,Unknown,,,1
Lch-Mir-203,None,MIR-203,UGAAAUG,None,None,JH126579.1,1348806,1348865,-,Vertebrata,Vertebrata,Unknown,1,,1
Lch-Mir-204-P1,None,MIR-204,UCCCUUU,None,None,JH126577.1,3208970,3209027,#ERROR!,Gnathostomata,Vertebrata,Unknown,1,,1
Lch-Mir-204-P2,None,MIR-204,UCCCUUU,None,None,JH127310.1,529915,529974,-,Gnathostomata,Vertebrata,Unknown,1,,1
Lch-Mir-204-P4,None,MIR-204,UCCCUUU,None,None,JH126742.1,936419,936476,#ERROR!,Gnathostomata,Vertebrata,Unknown,,,1
Lch-Mir-205-P1,None,MIR-205,CCUUCAU,None,None,JH126690.1,1612973,1613031,-,Gnathostomata,Vertebrata,Unknown,,1,1
Lch-Mir-205-P4,None,MIR-205,CCUUCAU,None,None,JH126576.1,4009299,4009357,-,Gnathostomata,Vertebrata,Unknown,,,
Lch-Mir-208-P1,None,MIR-208,UAAGACG,None,None,JH126769.1,718600,718655,#ERROR!,Vertebrata,Vertebrata,Unknown,,,1
Lch-Mir-208-P2,None,MIR-208,UAAGACG,None,None,JH126769.1,796955,797011,#ERROR!,Vertebrata,Vertebrata,Unknown,,,1
Lch-Mir-210,None,MIR-210,GCCACUG,None,None,JH126580.1,2897229,2897289,#ERROR!,Bilateria,Bilateria,Unknown,,,1
Lch-Mir-214,None,MIR-214,CAGCAGG,None,None,JH127017.1,804756,804818,-,Gnathostomata,Gnathostomata,Unknown,,,
Lch-Mir-216-P2a,None,MIR-216,AAUCUCU,None,None,JH127673.1,301830,301893,#ERROR!,Vertebrata,Bilateria,Unknown,,,
Lch-Mir-216-P2b,None,MIR-216,AAUCUCA,None,None,JH127673.1,312337,312398,#ERROR!,Vertebrata,Bilateria,Unknown,,,
Lch-Mir-217,None,MIR-217,ACUGCAU,None,None,JH127673.1,312721,312779,#ERROR!,Chordata,Chordata,Unknown,1,,1
Lch-Mir-218-P2,None,MIR-218,UGUGCUU,None,None,JH127602.1,624123,624186,#ERROR!,Gnathostomata,Vertebrata,Unknown,,,1
Lch-Mir-218-P3,None,MIR-218,UGUGCUU,None,None,JH135808.1,5387,5451,-,Gnathostomata,Vertebrata,Unknown,,,1
Lch-Mir-218-P4,None,MIR-218,UGUGCUU,None,None,JH126669.1,1715766,1715829,-,Gnathostomata,Vertebrata,Unknown,,,1
Lch-Mir-219-P2,None,MIR-219,GAUUGUC,None,None,JH126677.1,1821790,1821855,#ERROR!,Gnathostomata,Bilateria,Unknown,,,1
Lch-Mir-219-P3,None,MIR-219,GAUUGUC,None,None,JH127214.1,746139,746204,-,Gnathostomata,Bilateria,Unknown,,1,1
Lch-Mir-221-P1a,None,MIR-221,GCUACAU,None,None,JH127252.1,52334,52395,#ERROR!,Gnathostomata,Vertebrata,Unknown,,1,1
Lch-Mir-221-P1b,None,MIR-221,GCUACAU,None,None,JH126781.1,1065197,1065261,#ERROR!,Gnathostomata,Vertebrata,Unknown,,,1
Lch-Mir-221-P2a,None,MIR-221,GCUACAU,None,None,JH127252.1,53102,53164,#ERROR!,Gnathostomata,Vertebrata,Unknown,,,
Lch-Mir-223,None,MIR-223,GUCAGUU,None,None,JH126995.1,1384493,1384557,#ERROR!,Vertebrata,Vertebrata,Unknown,,,1
Lch-Mir-338-P1,None,MIR-338,CCAGCAU,None,None,JH127205.1,990819,990878,-,Vertebrata,Vertebrata,Unknown,1,,1
Lch-Mir-338-P2,None,MIR-338,CCAGCAU,None,None,JH126581.1,1083401,1083462,#ERROR!,Vertebrata,Vertebrata,Unknown,1,,1
Lch-Mir-375,None,MIR-375,UUGUUCG,None,None,JH126836.1,1062789,1062846,-,Bilateria,Bilateria,Unknown,,,1
Lch-Mir-451,None,MIR-451,AACCGUU,None,,JH127350.1,727059,727100,-,Vertebrata,Vertebrata,Unknown,,,1
Lch-Mir-455,None,MIR-455,AUGUGCC,None,None,JH126718.1,1276277,1276334,-,Vertebrata,Vertebrata,Unknown,,,
Lch-Mir-456,None,MIR-456,AGGCUGG,None,None,JH126700.1,1144993,1145053,-,Vertebrata,Vertebrata,Unknown,1,1,1
Lch-Mir-458,None,MIR-458,UAGCUCU,None,None,JH126722.1,216349,216406,#ERROR!,Osteichthyes,Osteichthyes,Unknown,,,1
Lch-Mir-460-P1,None,MIR-460,CUGCAUU,None,None,JH127327.1,714315,714373,#ERROR!,Osteichthyes,Osteichthyes,Unknown,,,
Lch-Mir-460-P2,None,MIR-460,CCUCAUU,None,None,JH128873.1,172331,172388,-,Osteichthyes,Osteichthyes,Unknown,,,1
Lch-Mir-489,None,MIR-489,UGACAUC,None,None,JH128944.1,60346,60405,-,Osteichthyes,Osteichthyes,Unknown,,,1
Lch-Mir-499,None,MIR-499,UAAGACU,None,None,JH126566.1,2848716,2848775,-,Vertebrata,Vertebrata,Unknown,,,
Lch-Mir-551-P1,None,MIR-551,CGACCCA,None,None,JH126562.1,6823825,6823885,-,Vertebrata,Vertebrata,Unknown,,,1
Lch-Mir-551-P2,None,MIR-551,CGACCCA,None,None,JH126697.1,2232984,2233044,-,Vertebrata,Vertebrata,Unknown,,,
Lch-Mir-599,None,MIR-599,UUGAUAA,None,None,JH126816.1,823702,823760,-,Sarcopterygii,Sarcopterygii,Unknown,,,
Lch-Mir-722,None,MIR-722,UUUGCAG,None,None,JH126596.1,1163895,1163959,-,Osteichthyes,Osteichthyes,Unknown,,1,1
Lch-Mir-725,None,MIR-725,UCAGUCA,None,None,JH127538.1,697287,697346,-,Gnathostomata,Gnathostomata,Unknown,,1,
Lch-Mir-737,None,MIR-737,UUUUUUU,None,None,JH126892.1,958249,958309,-,Osteichthyes,Osteichthyes,Unknown,,,
Lch-Mir-1306,None,MIR-1306,CACCUCC,None,None,JH126620.1,2119645,2119705,#ERROR!,Gnathostomata,Gnathostomata,Unknown,,1,1
Lch-Mir-1388,None,MIR-1388,GGACUGU,None,None,JH129487.1,80767,80826,-,Gnathostomata,Gnathostomata,Unknown,1,1,1
Lch-Mir-1788,None,MIR-1788,AGGCAGC,None,None,JH126836.1,982506,982564,-,Vertebrata,Vertebrata,Unknown,,,
Lch-Mir-2184,None,MIR-2184,ACAGUAA,None,None,JH128089.1,395160,395219,-,Gnathostomata,Gnathostomata,Unknown,,,1
Lch-Mir-2188,None,MIR-2188,AGGUCCA,None,None,JH127420.1,655957,656016,#ERROR!,Gnathostomata,Gnathostomata,Unknown,,,
Lch-Mir-2970,None,MIR-2970,ACAGUCA,None,None,JH129058.1,47253,47308,-,Sarcopterygii,Sarcopterygii,Unknown,,1,
Lch-Mir-7147,None,MIR-7147,GUACCAU,None,None,JH129753.1,40116,40175,-,Osteichthyes,Osteichthyes,Unknown,,,