MirGeneDB ID â–²,MiRBase ID,Family,Seed,5p accession,3p accession,Chromosome,Start,End,Strand,Node of origin (locus),Node of origin (family),3' NTU,UG,UGUG,CNNC,Ad,Cd,Fe,Bo,Br,Ce,Co,Co,De,He,Hy,Ir,Ki,La,Lo,No,Op,Or,Pe,Re,Su,Te
Bta-Let-7-P1b,bta-let-7e,LET-7,GAGGUAG,MIMAT0004333,None,NC_037345.1,57689065,57689131,#ERROR!,Gnathostomata,Bilateria,No,,,,,,,,,,,,,,,,,,,,,,,,,
Bta-Let-7-P1c,bta-let-7c,LET-7,GAGGUAG,MIMAT0004332,None,NC_037328.1,20434624,20434690,-,Gnathostomata,Bilateria,No,,,1,,,,,,,,,,,,,,,,,,,,,,
Bta-Let-7-P1d,bta-let-7a-2,LET-7,GAGGUAG,MIMAT0003844,None,NC_037342.1,32812704,32812770,-,Gnathostomata,Bilateria,No,,,1,,,,,,,,,,,,,,,,,,,,,,
Bta-Let-7-P2a1,bta-let-7a-1,LET-7,GAGGUAG,MIMAT0003844,None,NC_037335.1,85450402,85450473,#ERROR!,Gnathostomata,Bilateria,Yes,,,,,,,,,,,,,,,,,,,,,,,,,
Bta-Let-7-P2a2,bta-let-7a-3,LET-7,GAGGUAG,MIMAT0003844,MIMAT0004330,NC_037332.1,116408413,116408481,#ERROR!,Gnathostomata,Bilateria,Yes,,,,,,,,,,,,,,,,,,,,,,,,,
Bta-Let-7-P2a3,bta-let-7f-2,LET-7,GAGGUAG,MIMAT0003519,None,NC_037357.1,90986555,90986625,-,Gnathostomata,Bilateria,Yes,,,1,,,,,,,,,,,,,,,,,,,,,,
Bta-Let-7-P2b1,bta-let-7f-1,LET-7,GAGGUAG,MIMAT0003519,None,NC_037335.1,85450756,85450832,#ERROR!,Gnathostomata,Bilateria,Yes,,1,1,,,,,,,,,,,,,,,,,,,,,,
Bta-Let-7-P2b2,bta-let-7b,LET-7,GAGGUAG,MIMAT0004331,None,NC_037332.1,116409215,116409290,#ERROR!,Gnathostomata,Bilateria,Yes,,,1,,,,,,,,,,,,,,,,,,,,,,
Bta-Let-7-P2b3,bta-mir-98,LET-7,GAGGUAG,MIMAT0003809,None,NC_037357.1,90985665,90985743,-,Gnathostomata,Bilateria,Yes,1,1,,,,,,,,,,,,,,,,,,,,,,,
Bta-Let-7-P2c1,bta-let-7d,LET-7,GAGGUAG,MIMAT0003810,None,NC_037335.1,85452964,85453038,#ERROR!,Gnathostomata,Bilateria,Yes,,,1,,,,,,,,,,,,,,,,,,,,,,
Bta-Let-7-P2c2,bta-let-7i,LET-7,GAGGUAG,MIMAT0003851,None,NC_037332.1,50983056,50983132,-,Gnathostomata,Bilateria,Yes,,,1,,,,,,,,,,,,,,,,,,,,,,
Bta-Let-7-P2c3,bta-let-7g,LET-7,GAGGUAG,MIMAT0003838,None,NC_037349.1,48636411,48636488,#ERROR!,Gnathostomata,Bilateria,Yes,,,1,,,,,,,,,,,,,,,,,,,,,,
Bta-Mir-1-P1,bta-mir-1-2,MIR-1,GGAAUGU,None,MIMAT0009214,NC_037351.1,34453385,34453445,#ERROR!,Gnathostomata,Bilateria,No,,,1,,,,,,,,,,,,,,,,,,,,,,
Bta-Mir-1-P2,bta-mir-206,MIR-1,GGAAUGU,None,MIMAT0009260,NC_037350.1,24567218,24567277,#ERROR!,Gnathostomata,Bilateria,No,1,,1,,,,,,,,,,,,,,,,,,,,,,
Bta-Mir-1-P3,bta-mir-1-1,MIR-1,GGAAUGU,None,MIMAT0009214,NC_037340.1,54745914,54745974,-,Gnathostomata,Bilateria,No,,,,,,,,,,,,,,,,,,,,,,,,,
Bta-Mir-7-P1,bta-mir-7-1,MIR-7,GGAAGAC,MIMAT0003843,None,NC_037348.1,19582956,19583016,#ERROR!,Gnathostomata,Bilateria,No,,,1,,,,,,,,,,,,,,,,,,,,,,
Bta-Mir-7-P2,bta-mir-7-2,MIR-7,GGAAGAC,MIMAT0003843,None,NC_037335.1,77219265,77219328,-,Gnathostomata,Bilateria,No,,,1,,,,,,,,,,,,,,,,,,,,,,
Bta-Mir-7-P4,bta-mir-7-3,MIR-7,GGAAGAC,None,MIMAT0003843,NC_037334.1,19372410,19372468,-,Gnathostomata,Bilateria,No,,,1,,,,,,,,,,,,,,,,,,,,,,
Bta-Mir-8-P1a,bta-mir-200b,MIR-8,AAUACUG,None,MIMAT0003842,NC_037343.1,51323347,51323405,-,Vertebrata,Bilateria,No,,,1,,,,,,,,,,,,,,,,,,,,,,
Bta-Mir-8-P1b,bta-mir-200c,MIR-8,AAUACUG,None,MIMAT0003823,NC_037332.1,103499259,103499321,-,Vertebrata,Bilateria,No,,1,1,,,,,,,,,,,,,,,,,,,,,,
Bta-Mir-8-P2a,bta-mir-200a,MIR-8,AACACUG,None,MIMAT0003822,NC_037343.1,51322692,51322752,-,Vertebrata,Bilateria,No,,,1,,,,,,,,,,,,,,,,,,,,,,
Bta-Mir-8-P2b,bta-mir-141,MIR-8,AACACUG,None,MIMAT0009232,NC_037332.1,103498836,103498900,-,Vertebrata,Bilateria,No,,,1,,,,,,,,,,,,,,,,,,,,,,
Bta-Mir-8-P3a,bta-mir-429,MIR-8,AAUACUG,None,MIMAT0009315,NC_037343.1,51321456,51321513,-,Vertebrata,Bilateria,No,,,1,,,,,,,,,,,,,,,,,,,,,,
Bta-Mir-9-P1,bta-mir-9-1,MIR-9,CUUUGGU,None,MIMAT0012549,NC_037348.1,20839142,20839203,#ERROR!,Gnathostomata,Bilateria,No,,1,1,,,,,,,,,,,,,,,,,,,,,,
Bta-Mir-9-P2,bta-mir-9-2,MIR-9,CUUUGGU,None,MIMAT0012549,NC_037334.1,88196018,88196077,-,Gnathostomata,Bilateria,No,,1,1,,,,,,,,,,,,,,,,,,,,,,
Bta-Mir-9-P3,None,MIR-9,CUUUGGU,None,None,NC_037330.1,14409918,14409979,#ERROR!,Gnathostomata,Bilateria,No,,1,1,,,,,,,,,,,,,,,,,,,,,,
Bta-Mir-10-P1b-v1,bta-mir-10b,MIR-10,ACCCUGU,MIMAT0003839,None,NC_037329.1,20762761,20762822,-,Gnathostomata,Eumetazoa,No,,1,1,,,,,,,,,,,,,,,,,,,,,,
Bta-Mir-10-P1b-v2,bta-mir-10b,MIR-10,CCCUGUA,MIMAT0003839,None,NC_037329.1,20762762,20762821,-,Gnathostomata,Eumetazoa,No,,,,,,,,,,,,,,,,,,,,,,,,,
Bta-Mir-10-P1c-v1,bta-mir-10a,MIR-10,ACCCUGU,MIMAT0003786,None,NC_037346.1,37912324,37912386,#ERROR!,Gnathostomata,Eumetazoa,No,,,1,,,,,,,,,,,,,,,,,,,,,,
Bta-Mir-10-P1c-v2,bta-mir-10a,MIR-10,CCCUGUA,MIMAT0003786,None,NC_037346.1,37912325,37912385,#ERROR!,Gnathostomata,Eumetazoa,No,1,,,,,,,,,,,,,,,,,,,,,,,,
Bta-Mir-10-P2b,bta-mir-99b,MIR-10,ACCCGUA,MIMAT0004345,None,NC_037345.1,57688896,57688955,#ERROR!,Gnathostomata,Eumetazoa,Yes,1,,,,,,,,,,,,,,,,,,,,,,,,
Bta-Mir-10-P2c,bta-mir-99a,MIR-10,ACCCGUA,MIMAT0003537,MIMAT0012533,NC_037328.1,20435353,20435411,-,Gnathostomata,Eumetazoa,Yes,1,1,,,,,,,,,,,,,,,,,,,,,,,
Bta-Mir-10-P2d,bta-mir-100,MIR-10,ACCCGUA,MIMAT0009215,None,NC_037342.1,32818535,32818591,-,Gnathostomata,Eumetazoa,No,,1,,,,,,,,,,,,,,,,,,,,,,,
Bta-Mir-10-P3b,bta-mir-125a,MIR-10,CCCUGAG,MIMAT0003538,None,NC_037345.1,57689571,57689630,#ERROR!,Gnathostomata,Eumetazoa,No,1,,1,,,,,,,,,,,,,,,,,,,,,,
Bta-Mir-10-P3c,bta-mir-125b-2,MIR-10,CCCUGAG,MIMAT0003539,None,NC_037328.1,20385513,20385573,-,Gnathostomata,Eumetazoa,No,,,1,,,,,,,,,,,,,,,,,,,,,,
Bta-Mir-10-P3d,bta-mir-125b-1,MIR-10,CCCUGAG,MIMAT0003539,None,NC_037342.1,32763913,32763974,-,Gnathostomata,Eumetazoa,No,,1,1,,,,,,,,,,,,,,,,,,,,,,
Bta-Mir-15-P1a,bta-mir-15a,MIR-15,AGCAGCA,MIMAT0004334,None,NC_037339.1,19501072,19501130,-,Gnathostomata,Olfactores,No,,,,,,,,,,,,,,,,,,,,,,,,,
Bta-Mir-15-P1b,bta-mir-15b,MIR-15,AGCAGCA,MIMAT0003792,None,NC_037328.1,107073784,107073843,-,Gnathostomata,Olfactores,No,,,,,,,,,,,,,,,,,,,,,,,,,
Bta-Mir-15-P1c,bta-mir-424,MIR-15,AGCAGCA,MIMAT0013593,MIMAT0015304,NC_037357.1,18242762,18242820,-,Gnathostomata,Olfactores,No,,1,,,,,,,,,,,,,,,,,,,,,,,
Bta-Mir-15-P1d,bta-mir-497,MIR-15,AGCAGCA,MIMAT0004343,None,NC_037346.1,26807843,26807904,-,Gnathostomata,Olfactores,No,,,1,,,,,,,,,,,,,,,,,,,,,,
Bta-Mir-15-P2a,bta-mir-16a,MIR-15,AGCAGCA,MIMAT0009242,None,NC_037339.1,19500926,19500990,-,Gnathostomata,Olfactores,No,1,,1,,,,,,,,,,,,,,,,,,,,,,
Bta-Mir-15-P2b,bta-mir-16b,MIR-15,AGCAGCA,MIMAT0003525,None,NC_037328.1,107073634,107073698,-,Gnathostomata,Olfactores,No,,,1,,,,,,,,,,,,,,,,,,,,,,
Bta-Mir-15-P2c,bta-mir-503,MIR-15,AGCAGCG,MIMAT0025557,MIMAT0025558,NC_037357.1,18242411,18242473,-,Gnathostomata,Olfactores,Yes,,,1,,,,,,,,,,,,,,,,,,,,,,
Bta-Mir-15-P2d,bta-mir-195,MIR-15,AGCAGCA,MIMAT0004335,None,NC_037346.1,26807519,26807579,-,Gnathostomata,Olfactores,No,,,1,,,,,,,,,,,,,,,,,,,,,,
Bta-Mir-17-P1a,bta-mir-17,MIR-17,AAAGUGC,MIMAT0003815,MIMAT0003816,NC_037339.1,65689430,65689489,#ERROR!,Gnathostomata,Vertebrata,No,,,1,,,,,,,,,,,,,,,,,,,,,,
Bta-Mir-17-P1c,bta-mir-106a,MIR-17,AAAGUGC,MIMAT0003784,None,NC_037357.1,17976339,17976397,-,Gnathostomata,Vertebrata,No,,,,,,,,,,,,,,,,,,,,,,,,,
Bta-Mir-17-P1d,bta-mir-106b,MIR-17,AAAGUGC,MIMAT0009218,None,NC_037352.1,36355574,36355633,#ERROR!,Gnathostomata,Vertebrata,Yes,,,1,,,,,,,,,,,,,,,,,,,,,,
Bta-Mir-17-P2a,bta-mir-18a,MIR-17,AAGGUGC,MIMAT0003526,None,NC_037339.1,65689565,65689629,#ERROR!,Gnathostomata,Vertebrata,No,,,1,,,,,,,,,,,,,,,,,,,,,,
Bta-Mir-17-P2c,bta-mir-18b,MIR-17,AAGGUGC,MIMAT0003517,None,NC_037357.1,17976173,17976237,-,Gnathostomata,Vertebrata,No,,,1,,,,,,,,,,,,,,,,,,,,,,
Bta-Mir-17-P4a,bta-mir-20a,MIR-17,AAAGUGC,MIMAT0003527,None,NC_037339.1,65689875,65689933,#ERROR!,Gnathostomata,Vertebrata,No,,1,1,,,,,,,,,,,,,,,,,,,,,,
Bta-Mir-17-P4c,bta-mir-20b,MIR-17,AAAGUGC,MIMAT0003796,None,NC_037357.1,17975938,17975998,-,Gnathostomata,Vertebrata,No,,,,,,,,,,,,,,,,,,,,,,,,,
Bta-Mir-17-P4d,bta-mir-93,MIR-17,AAAGUGC,MIMAT0003837,None,NC_037352.1,36355776,36355837,#ERROR!,Gnathostomata,Vertebrata,No,,1,1,,,,,,,,,,,,,,,,,,,,,,
Bta-Mir-19-P1a,bta-mir-19a,MIR-19,GUGCAAA,None,MIMAT0004336,NC_037339.1,65689712,65689769,#ERROR!,Gnathostomata,Vertebrata,No,1,,1,,,,,,,,,,,,,,,,,,,,,,
Bta-Mir-19-P2a,bta-mir-19b,MIR-19,GUGCAAA,None,MIMAT0004337,NC_037339.1,65690011,65690071,#ERROR!,Gnathostomata,Vertebrata,No,,1,,,,,,,,,,,,,,,,,,,,,,,
Bta-Mir-19-P2c,bta-mir-19b-2,MIR-19,GUGCAAA,None,MIMAT0004337,NC_037357.1,17975815,17975876,-,Gnathostomata,Vertebrata,No,1,1,1,,,,,,,,,,,,,,,,,,,,,,
Bta-Mir-21,bta-mir-21,MIR-21,AGCUUAU,MIMAT0003528,MIMAT0003745,NC_037346.1,10803479,10803538,#ERROR!,Vertebrata,Vertebrata,No,,,,,,,,,,,,,,,,,,,,,,,,,
Bta-Mir-22-P1b,bta-mir-22,MIR-22,AGCUGCC,MIMAT0003826,MIMAT0012536,NC_037346.1,22811579,22811638,-,Vertebrata,Bilateria,No,,1,1,,,,,,,,,,,,,,,,,,,,,,
Bta-Mir-23-P2,bta-mir-23b,MIR-23,UCACAUU,MIMAT0012538,MIMAT0003852,NC_037335.1,81617032,81617091,#ERROR!,Gnathostomata,Vertebrata,Yes,1,1,1,,,,,,,,,,,,,,,,,,,,,,
Bta-Mir-23-P3,bta-mir-23a,MIR-23,UCACAUU,None,MIMAT0003827,NC_037334.1,11838711,11838769,#ERROR!,Gnathostomata,Vertebrata,No,1,,1,,,,,,,,,,,,,,,,,,,,,,
Bta-Mir-24-P2,bta-mir-24-1,MIR-24,GGCUCAG,MIMAT0009250,None,NC_037335.1,81617799,81617858,#ERROR!,Gnathostomata,Vertebrata,Yes,,,,,,,,,,,,,,,,,,,,,,,,,
Bta-Mir-24-P3,bta-mir-24-2,MIR-24,GGCUCAG,None,MIMAT0003840,NC_037334.1,11839043,11839102,#ERROR!,Gnathostomata,Vertebrata,Yes,,,,,,,,,,,,,,,,,,,,,,,,,
Bta-Mir-26-P1,bta-mir-26a-1,MIR-26,UCAAGUA,MIMAT0003516,None,NC_037349.1,11420455,11420515,#ERROR!,Gnathostomata,Vertebrata,No,,1,1,,,,,,,,,,,,,,,,,,,,,,
Bta-Mir-26-P2,bta-mir-26b,MIR-26,UCAAGUA,MIMAT0003531,None,NC_037329.1,106411200,106411256,#ERROR!,Gnathostomata,Vertebrata,No,1,1,1,,,,,,,,,,,,,,,,,,,,,,
Bta-Mir-26-P4,bta-mir-26a-2,MIR-26,UCAAGUA,MIMAT0003516,None,NC_037332.1,55652086,55652145,#ERROR!,Gnathostomata,Vertebrata,No,,,,,,,,,,,,,,,,,,,,,,,,,
Bta-Mir-27-P2,bta-mir-27b,MIR-27,UCACAGU,None,MIMAT0003546,NC_037335.1,81617258,81617320,#ERROR!,Gnathostomata,Vertebrata,No,,1,,,,,,,,,,,,,,,,,,,,,,,
Bta-Mir-27-P3,bta-mir-27a,MIR-27,UCACAGU,MIMAT0012532,MIMAT0003532,NC_037334.1,11838890,11838950,#ERROR!,Gnathostomata,Vertebrata,No,,,1,,,,,,,,,,,,,,,,,,,,,,
Bta-Mir-28-P1,bta-mir-28,MIR-28,ACUAGAU,MIMAT0009272,None,NC_037328.1,78661469,78661530,-,Eutheria,Eutheria,No,1,,1,,,,,,,,,,,,,,,,,,,,,,
Bta-Mir-28-P2,bta-mir-151,MIR-28,CGAGGAG,MIMAT0003523,MIMAT0003524,NC_037341.1,3002383,3002439,#ERROR!,Eutheria,Eutheria,No,,,1,,,,,,,,,,,,,,,,,,,,,,
Bta-Mir-28-P3,bta-mir-708,MIR-28,AGGAGCU,MIMAT0009367,None,NC_037356.1,16596088,16596156,#ERROR!,Eutheria,Eutheria,No,1,,,,,,,,,,,,,,,,,,,,,,,,
Bta-Mir-29-P1b-v1,bta-mir-29b-1,MIR-29,AGCACCA,None,MIMAT0003828,NC_037331.1,94636850,94636913,-,Gnathostomata,Bilateria,No,,,1,,,,,,,,,,,,,,,,,,,,,,
Bta-Mir-29-P1b-v2,bta-mir-29b-1,MIR-29,UAGCACC,None,MIMAT0003828,NC_037331.1,94636851,94636912,-,Gnathostomata,Bilateria,No,,,1,,,,,,,,,,,,,,,,,,,,,,
Bta-Mir-29-P1d7-v1,bta-mir-29b-2,MIR-29,AGCACCA,None,MIMAT0003828,NC_037343.1,75660383,75660447,#ERROR!,B. taurus,Bilateria,No,,,1,,,,,,,,,,,,,,,,,,,,,,
Bta-Mir-29-P1d7-v2,bta-mir-29b-2,MIR-29,UAGCACC,None,MIMAT0003828,NC_037343.1,75660384,75660446,#ERROR!,B. taurus,Bilateria,No,,,1,,,,,,,,,,,,,,,,,,,,,,
Bta-Mir-29-P1d8-v1,bta-mir-29b-2,MIR-29,AGCACCA,None,MIMAT0003828,NC_037343.1,75577055,75577119,#ERROR!,B. taurus,Bilateria,No,,,1,,,,,,,,,,,,,,,,,,,,,,
Bta-Mir-29-P1d8-v2,bta-mir-29b-2,MIR-29,UAGCACC,None,MIMAT0003828,NC_037343.1,75577056,75577118,#ERROR!,B. taurus,Bilateria,No,,,1,,,,,,,,,,,,,,,,,,,,,,
Bta-Mir-29-P2b,bta-mir-29a,MIR-29,AGCACCA,None,MIMAT0003518,NC_037331.1,94636468,94636527,-,Gnathostomata,Bilateria,No,,,1,,,,,,,,,,,,,,,,,,,,,,
Bta-Mir-29-P2d1,bta-mir-29c,MIR-29,AGCACCA,None,MIMAT0003829,NC_037343.1,75660930,75660987,#ERROR!,B. taurus,Bilateria,No,,,1,,,,,,,,,,,,,,,,,,,,,,
Bta-Mir-29-P2d2,bta-mir-29d,MIR-29,AGCACCA,MIMAT0026919,MIMAT0009275,NC_037343.1,75577623,75577680,#ERROR!,B. taurus,Bilateria,No,,,1,,,,,,,,,,,,,,,,,,,,,,
Bta-Mir-30-P1a,bta-mir-30d,MIR-30,GUAAACA,MIMAT0003533,None,NC_037341.1,7041143,7041204,#ERROR!,Gnathostomata,Vertebrata,No,,,1,,,,,,,,,,,,,,,,,,,,,,
Bta-Mir-30-P1b,bta-mir-30a,MIR-30,GUAAACA,MIMAT0003841,None,NC_037336.1,10532174,10532236,-,Gnathostomata,Vertebrata,No,1,1,1,,,,,,,,,,,,,,,,,,,,,,
Bta-Mir-30-P1d,bta-mir-30e,MIR-30,GUAAACA,MIMAT0003799,None,NC_037330.1,105460892,105460955,-,Gnathostomata,Vertebrata,No,,,1,,,,,,,,,,,,,,,,,,,,,,
Bta-Mir-30-P2a,bta-mir-30b,MIR-30,GUAAACA,MIMAT0003547,MIMAT0012534,NC_037341.1,7045583,7045642,#ERROR!,Gnathostomata,Vertebrata,No,,,1,,,,,,,,,,,,,,,,,,,,,,
Bta-Mir-30-P2b,bta-mir-30f,MIR-30,GUAAACA,MIMAT0009282,None,NC_037336.1,10494828,10494889,-,Gnathostomata,Vertebrata,No,1,1,1,,,,,,,,,,,,,,,,,,,,,,
Bta-Mir-30-P2d,bta-mir-30c,MIR-30,GUAAACA,MIMAT0003850,None,NC_037330.1,105457765,105457825,-,Gnathostomata,Vertebrata,No,,1,1,,,,,,,,,,,,,,,,,,,,,,
Bta-Mir-31,bta-mir-31,MIR-31,GGCAAGA,MIMAT0003548,None,NC_037335.1,22502386,22502444,#ERROR!,Bilateria,Bilateria,No,1,,1,,,,,,,,,,,,,,,,,,,,,,
Bta-Mir-32,bta-mir-32,MIR-32,AUUGCAC,MIMAT0009283,None,NC_037335.1,98629026,98629087,-,Gnathostomata,Gnathostomata,No,1,1,,,,,,,,,,,,,,,,,,,,,,,
Bta-Mir-33-P1,bta-mir-33b,MIR-33,UGCAUUG,MIMAT0009295,None,NC_037346.1,34647563,34647619,#ERROR!,Gnathostomata,Bilateria,No,,1,1,,,,,,,,,,,,,,,,,,,,,,
Bta-Mir-33-P3,bta-mir-33a,MIR-33,UGCAUUG,MIMAT0009294,None,NC_037332.1,112884579,112884639,#ERROR!,Gnathostomata,Bilateria,Yes,,1,1,,,,,,,,,,,,,,,,,,,,,,
Bta-Mir-34-P1,bta-mir-34a,MIR-34,GGCAGUG,MIMAT0004340,None,NC_037343.1,44308946,44309011,#ERROR!,Gnathostomata,Bilateria,No,1,1,,,,,,,,,,,,,,,,,,,,,,,
Bta-Mir-34-P2a,bta-mir-34b,MIR-34,GGCAGUG,MIMAT0003549,None,NC_037342.1,21816741,21816799,#ERROR!,Gnathostomata,Bilateria,No,,,1,,,,,,,,,,,,,,,,,,,,,,
Bta-Mir-34-P2b,bta-mir-34c,MIR-34,GGCAGUG,MIMAT0003854,None,NC_037342.1,21817441,21817495,#ERROR!,Gnathostomata,Bilateria,No,1,,,,,,,,,,,,,,,,,,,,,,,,
Bta-Mir-34-P3a,bta-mir-449c,MIR-34,GGCAGUG,MIMAT0009322,None,NC_037347.1,23941721,23941783,#ERROR!,Gnathostomata,Bilateria,No,1,,,,,,,,,,,,,,,,,,,,,,,,
Bta-Mir-34-P3b,bta-mir-449b,MIR-34,GGCAGUG,MIMAT0009321,None,NC_037347.1,23943207,23943267,#ERROR!,Gnathostomata,Bilateria,Unknown,,,1,,,,,,,,,,,,,,,,,,,,,,
Bta-Mir-34-P3c,bta-mir-449a,MIR-34,GGCAGUG,MIMAT0009320,None,NC_037347.1,23943328,23943389,#ERROR!,Gnathostomata,Bilateria,Unknown,,,,,,,,,,,,,,,,,,,,,,,,,
Bta-Mir-92-P1a,bta-mir-92a-1,MIR-92,AUUGCAC,None,MIMAT0009383,NC_037339.1,65690128,65690186,#ERROR!,Gnathostomata,Bilateria,No,,1,,,,,,,,,,,,,,,,,,,,,,,
Bta-Mir-92-P1c,bta-mir-92a-2,MIR-92,AUUGCAC,None,MIMAT0009383,NC_037357.1,17975665,17975725,-,Gnathostomata,Bilateria,No,,1,,,,,,,,,,,,,,,,,,,,,,,
Bta-Mir-92-P1d,bta-mir-92b,MIR-92,AUUGCAC,None,MIMAT0009384,NC_037330.1,15425813,15425875,-,Gnathostomata,Bilateria,No,,,1,,,,,,,,,,,,,,,,,,,,,,
Bta-Mir-92-P2a,bta-mir-367,MIR-92,AUUGCAC,None,MIMAT0009299,NC_037333.1,12981076,12981135,#ERROR!,Gnathostomata,Bilateria,Unknown,,,1,,,,,,,,,,,,,,,,,,,,,,
Bta-Mir-92-P2c,bta-mir-363,MIR-92,AUUGCAC,None,MIMAT0003855,NC_037357.1,17975507,17975571,-,Gnathostomata,Bilateria,No,1,,,,,,,,,,,,,,,,,,,,,,,,
Bta-Mir-92-P2d,bta-mir-25,MIR-92,AUUGCAC,None,MIMAT0003853,NC_037352.1,36355979,36356038,#ERROR!,Gnathostomata,Bilateria,No,1,,1,,,,,,,,,,,,,,,,,,,,,,
Bta-Mir-95-P1,bta-mir-95,MIR-95,UCAACGG,None,MIMAT0009387,NC_037333.1,114336300,114336356,-,Eutheria,Eutheria,No,,,,,,,,,,,,,,,,,,,,,,,,,
Bta-Mir-95-P2,bta-mir-421,MIR-95,UCAACAG,None,MIMAT0009314,NC_037357.1,76925588,76925644,#ERROR!,Eutheria,Eutheria,No,1,,,,,,,,,,,,,,,,,,,,,,,,
Bta-Mir-95-P3-v1,bta-mir-545,MIR-95,CAACAAA,MIMAT0003806,MIMAT0003807,NC_037357.1,76853220,76853282,#ERROR!,Eutheria,Eutheria,No,,,,,,,,,,,,,,,,,,,,,,,,,
Bta-Mir-95-P3-v2,bta-mir-545,MIR-95,CAGUAAA,MIMAT0003806,MIMAT0003807,NC_037357.1,76853222,76853281,#ERROR!,Eutheria,Eutheria,No,,,1,,,,,,,,,,,,,,,,,,,,,,
Bta-Mir-95-P4,None,MIR-95,AAGUCUU,None,None,NC_037357.1,62992996,62993058,#ERROR!,Eutheria,Eutheria,No,,,,,,,,,,,,,,,,,,,,,,,,,
Bta-Mir-96-P1,bta-mir-96,MIR-96,UUGGCAC,MIMAT0009388,None,NC_037331.1,93595936,93595999,-,Bilateria,Bilateria,No,,1,1,,,,,,,,,,,,,,,,,,,,,,
Bta-Mir-96-P2,bta-mir-182,MIR-96,UUGGCAA,MIMAT0009244,None,NC_037331.1,93591446,93591510,-,Bilateria,Bilateria,Unknown,1,,1,,,,,,,,,,,,,,,,,,,,,,
Bta-Mir-96-P3-v1,bta-mir-183,MIR-96,AUGGCAC,MIMAT0009245,None,NC_037331.1,93596161,93596222,-,Bilateria,Bilateria,No,,1,1,,,,,,,,,,,,,,,,,,,,,,
Bta-Mir-96-P3-v2,bta-mir-183,MIR-96,UGGCACU,MIMAT0009245,None,NC_037331.1,93596162,93596221,-,Bilateria,Bilateria,Unknown,,,1,,,,,,,,,,,,,,,,,,,,,,
Bta-Mir-101-P1-v1,bta-mir-101-1,MIR-101,ACAGUAC,None,MIMAT0003520,NC_037330.1,80335449,80335507,#ERROR!,Vertebrata,Vertebrata,No,,1,1,,,,,,,,,,,,,,,,,,,,,,
Bta-Mir-101-P1-v2,bta-mir-101-1,MIR-101,UACAGUA,None,MIMAT0003520,NC_037330.1,80335450,80335506,#ERROR!,Vertebrata,Vertebrata,No,,,,,,,,,,,,,,,,,,,,,,,,,
Bta-Mir-101-P2-v1,bta-mir-101-2,MIR-101,ACAGUAC,None,MIMAT0003520,NC_037335.1,39689038,39689096,-,Vertebrata,Vertebrata,No,1,,,,,,,,,,,,,,,,,,,,,,,,
Bta-Mir-101-P2-v2,bta-mir-101-2,MIR-101,UACAGUA,None,MIMAT0003520,NC_037335.1,39689039,39689095,-,Vertebrata,Vertebrata,No,,,,,,,,,,,,,,,,,,,,,,,,,
Bta-Mir-103-P1,bta-mir-107,MIR-103,GCAGCAU,None,MIMAT0003785,NC_037353.1,11256218,11256277,-,Gnathostomata,Deuterostomia,No,,,1,,,,,,,,,,,,,,,,,,,,,,
Bta-Mir-103-P2,bta-mir-103-2,MIR-103,GCAGCAU,None,MIMAT0003521,NC_037340.1,51282169,51282228,-,Gnathostomata,Deuterostomia,No,,,1,,,,,,,,,,,,,,,,,,,,,,
Bta-Mir-103-P4,bta-mir-103-1,MIR-103,GCAGCAU,None,MIMAT0003521,NC_037347.1,312543,312602,-,Gnathostomata,Deuterostomia,No,,,1,,,,,,,,,,,,,,,,,,,,,,
Bta-Mir-105-P1,bta-mir-105b,MIR-105,CAAAUGC,MIMAT0009216,None,NC_037357.1,34769268,34769325,-,Eutheria,Eutheria,No,1,,1,,,,,,,,,,,,,,,,,,,,,,
Bta-Mir-105-P2,bta-mir-105a,MIR-105,CAAAUGC,MIMAT0009217,None,NC_037357.1,34766814,34766872,-,Eutheria,Eutheria,No,,,1,,,,,,,,,,,,,,,,,,,,,,
Bta-Mir-122,bta-mir-122,MIR-122,GGAGUGU,MIMAT0003849,None,NC_037351.1,57588153,57588210,#ERROR!,Vertebrata,Vertebrata,Unknown,,1,1,,,,,,,,,,,,,,,,,,,,,,
Bta-Mir-124-P1-v1,bta-mir-124a-2,MIR-124,AAGGCAC,None,MIMAT0003811,NC_037341.1,29124378,29124436,#ERROR!,Gnathostomata,Bilateria,No,,,1,,,,,,,,,,,,,,,,,,,,,,
Bta-Mir-124-P1-v2,bta-mir-124a-2,MIR-124,UAAGGCA,None,MIMAT0003811,NC_037341.1,29124378,29124435,#ERROR!,Gnathostomata,Bilateria,No,,,1,,,,,,,,,,,,,,,,,,,,,,
Bta-Mir-124-P2-v1,bta-mir-124a-1,MIR-124,AAGGCAC,None,MIMAT0003811,NC_037335.1,9301922,9301982,#ERROR!,Gnathostomata,Bilateria,No,,,1,,,,,,,,,,,,,,,,,,,,,,
Bta-Mir-124-P2-v2,bta-mir-124a-1,MIR-124,UAAGGCA,None,MIMAT0003811,NC_037335.1,9301922,9301981,#ERROR!,Gnathostomata,Bilateria,No,,,,,,,,,,,,,,,,,,,,,,,,,
Bta-Mir-124-P3-v1,bta-mir-124b,MIR-124,AAGGCAC,None,MIMAT0013774,NC_037340.1,54355353,54355412,-,Gnathostomata,Bilateria,No,1,,1,,,,,,,,,,,,,,,,,,,,,,
Bta-Mir-124-P3-v2,bta-mir-124b,MIR-124,UAAGGCA,None,MIMAT0013774,NC_037340.1,54355354,54355412,-,Gnathostomata,Bilateria,No,1,,1,,,,,,,,,,,,,,,,,,,,,,
Bta-Mir-126-P2-v1,bta-mir-126,MIR-126,CGUACCG,MIMAT0004328,MIMAT0003540,NC_037338.1,104085481,104085539,#ERROR!,Vertebrata,Olfactores,No,1,1,,,,,,,,,,,,,,,,,,,,,,,
Bta-Mir-126-P2-v2,bta-mir-126,MIR-126,AUUAUUA,MIMAT0004328,MIMAT0003540,NC_037338.1,104085481,104085539,#ERROR!,Vertebrata,Olfactores,No,1,,,,,,,,,,,,,,,,,,,,,,,,
Bta-Mir-126-P2-v3,bta-mir-126,MIR-126,UCGUACC,MIMAT0004328,MIMAT0003540,NC_037338.1,104085481,104085539,#ERROR!,Vertebrata,Olfactores,No,1,1,,,,,,,,,,,,,,,,,,,,,,,
Bta-Mir-127,bta-mir-127,MIR-127,CGGAUCC,None,MIMAT0003787,NC_037348.1,65780711,65780766,#ERROR!,Eutheria,Eutheria,No,,,1,,,,,,,,,,,,,,,,,,,,,,
Bta-Mir-128-P1,bta-mir-128-2,MIR-128,CACAGUG,None,MIMAT0003541,NC_037349.1,9705229,9705286,#ERROR!,Gnathostomata,Vertebrata,No,1,1,1,,,,,,,,,,,,,,,,,,,,,,
Bta-Mir-128-P2,bta-mir-128-1,MIR-128,CACAGUG,None,MIMAT0003541,NC_037329.1,61675787,61675842,-,Gnathostomata,Vertebrata,No,1,,1,,,,,,,,,,,,,,,,,,,,,,
Bta-Mir-129-P1,bta-mir-129-2,MIR-129,UUUUUGC,MIMAT0009221,MIMAT0009222,NC_037342.1,73674115,73674178,#ERROR!,Gnathostomata,Chordata,No,1,1,1,,,,,,,,,,,,,,,,,,,,,,
Bta-Mir-129-P2,bta-mir-129-1,MIR-129,UUUUUGC,MIMAT0009220,None,NC_037331.1,92407947,92408012,#ERROR!,Gnathostomata,Chordata,No,,1,1,,,,,,,,,,,,,,,,,,,,,,
Bta-Mir-130-P1c,bta-mir-130a,MIR-130,AGUGCAA,None,MIMAT0009223,NC_037342.1,80888267,80888328,#ERROR!,Gnathostomata,Vertebrata,Yes,1,,,,,,,,,,,,,,,,,,,,,,,,
Bta-Mir-130-P2a,bta-mir-301b,MIR-130,AGUGCAA,None,MIMAT0009277,NC_037344.1,72109221,72109280,-,Gnathostomata,Vertebrata,No,1,1,,,,,,,,,,,,,,,,,,,,,,,
Bta-Mir-130-P2b,bta-mir-301a,MIR-130,AGUGCAA,None,MIMAT0009276,NC_037346.1,10121303,10121364,-,Gnathostomata,Vertebrata,No,,,1,,,,,,,,,,,,,,,,,,,,,,
Bta-Mir-130-P3b,bta-mir-454,MIR-130,AGUGCAA,None,MIMAT0009326,NC_037346.1,10111659,10111723,-,Gnathostomata,Vertebrata,No,,1,,,,,,,,,,,,,,,,,,,,,,,
Bta-Mir-130-P4a,bta-mir-130b,MIR-130,AGUGCAA,None,MIMAT0009224,NC_037344.1,72108902,72108961,-,Gnathostomata,Vertebrata,Yes,,1,1,,,,,,,,,,,,,,,,,,,,,,
Bta-Mir-132-P1,bta-mir-132,MIR-132,AACAGUC,None,MIMAT0003812,NC_037346.1,23070728,23070785,-,Vertebrata,Vertebrata,No,,1,,,,,,,,,,,,,,,,,,,,,,,
Bta-Mir-132-P2,bta-mir-212,MIR-132,AACAGUC,MIMAT0009264,None,NC_037346.1,23071155,23071216,-,Vertebrata,Vertebrata,No,,,1,,,,,,,,,,,,,,,,,,,,,,
Bta-Mir-133-P1-v1,bta-mir-133a-2,MIR-133,UUGGUCC,None,MIMAT0009225,NC_037351.1,34456705,34456764,#ERROR!,Gnathostomata,Bilateria,No,,,1,,,,,,,,,,,,,,,,,,,,,,
Bta-Mir-133-P1-v2,bta-mir-133a-2,MIR-133,UGGUCCC,None,MIMAT0009225,NC_037351.1,34456705,34456764,#ERROR!,Gnathostomata,Bilateria,No,,,1,,,,,,,,,,,,,,,,,,,,,,
Bta-Mir-133-P2-v1,bta-mir-133b,MIR-133,UUGGUCC,None,MIMAT0009226,NC_037350.1,24571314,24571372,#ERROR!,Gnathostomata,Bilateria,No,1,,,,,,,,,,,,,,,,,,,,,,,,
Bta-Mir-133-P2-v2,bta-mir-133b,MIR-133,UGGUCCC,None,MIMAT0009226,NC_037350.1,24571314,24571372,#ERROR!,Gnathostomata,Bilateria,No,1,,,,,,,,,,,,,,,,,,,,,,,,
Bta-Mir-133-P3-v1,bta-mir-133c,MIR-133,UUGGUCC,None,MIMAT0029949,NC_037340.1,54735670,54735729,-,Gnathostomata,Bilateria,No,,,1,,,,,,,,,,,,,,,,,,,,,,
Bta-Mir-133-P3-v2,bta-mir-133c,MIR-133,UGGUCCC,None,MIMAT0029949,NC_037340.1,54735670,54735729,-,Gnathostomata,Bilateria,No,,,1,,,,,,,,,,,,,,,,,,,,,,
Bta-Mir-134,bta-mir-134,MIR-134,GUGUGAC,MIMAT0009227,None,NC_037348.1,65943909,65943971,#ERROR!,Eutheria,Eutheria,No,,,1,,,,,,,,,,,,,,,,,,,,,,
Bta-Mir-135-P1,bta-mir-135a-1,MIR-135,AUGGCUU,MIMAT0009228,None,NC_037349.1,48588917,48588976,#ERROR!,Gnathostomata,Chordata,No,,,1,,,,,,,,,,,,,,,,,,,,,,
Bta-Mir-135-P2,bta-mir-135a-2,MIR-135,AUGGCUU,MIMAT0009228,None,NC_037332.1,61775977,61776036,#ERROR!,Gnathostomata,Chordata,No,,,1,,,,,,,,,,,,,,,,,,,,,,
Bta-Mir-135-P4,bta-mir-135b,MIR-135,AUGGCUU,MIMAT0009229,None,NC_037343.1,3197455,3197515,-,Gnathostomata,Chordata,Yes,,,1,,,,,,,,,,,,,,,,,,,,,,
Bta-Mir-136-v1,bta-mir-136,MIR-136,AUCAUCG,MIMAT0009230,None,NC_037348.1,65782384,65782439,#ERROR!,Eutheria,Eutheria,No,1,,,,,,,,,,,,,,,,,,,,,,,,
Bta-Mir-136-v2,bta-mir-136,MIR-136,UCAUCGU,MIMAT0009230,None,NC_037348.1,65782383,65782439,#ERROR!,Eutheria,Eutheria,No,,,,,,,,,,,,,,,,,,,,,,,,,
Bta-Mir-137-P1-v1,bta-mir-137,MIR-137,UAUUGCU,None,MIMAT0009231,NC_037330.1,45241112,45241170,#ERROR!,Gnathostomata,Bilateria,No,,,1,,,,,,,,,,,,,,,,,,,,,,
Bta-Mir-137-P1-v2,bta-mir-137,MIR-137,AUUGCUU,None,MIMAT0009231,NC_037330.1,45241112,45241171,#ERROR!,Gnathostomata,Bilateria,No,,,1,,,,,,,,,,,,,,,,,,,,,,
Bta-Mir-138-P1,bta-mir-138-1,MIR-138,GCUGGUG,MIMAT0003813,None,NC_037349.1,16003778,16003838,#ERROR!,Vertebrata,Vertebrata,No,,,1,,,,,,,,,,,,,,,,,,,,,,
Bta-Mir-138-P2,bta-mir-138-2,MIR-138,GCUGGUG,MIMAT0003813,None,NC_037345.1,24910582,24910649,#ERROR!,Vertebrata,Vertebrata,No,,,1,,,,,,,,,,,,,,,,,,,,,,
Bta-Mir-139,bta-mir-139,MIR-139,CUACAGU,MIMAT0003788,None,NC_037342.1,52174696,52174754,-,Gnathostomata,Gnathostomata,No,,1,,,,,,,,,,,,,,,,,,,,,,,
Bta-Mir-140-P1-v1,bta-mir-140,MIR-140,CCACAGG,None,MIMAT0003789,NC_037345.1,36962029,36962090,#ERROR!,Gnathostomata,Vertebrata,No,,,1,,,,,,,,,,,,,,,,,,,,,,
Bta-Mir-140-P1-v2,bta-mir-140,MIR-140,ACCACAG,None,MIMAT0003789,NC_037345.1,36962029,36962090,#ERROR!,Gnathostomata,Vertebrata,No,,,1,,,,,,,,,,,,,,,,,,,,,,
Bta-Mir-142-P1-v1,bta-mir-142,MIR-142,AUAAAGU,MIMAT0003790,MIMAT0003791,NC_037346.1,9301445,9301503,-,Gnathostomata,Vertebrata,No,,,1,,,,,,,,,,,,,,,,,,,,,,
Bta-Mir-142-P1-v2,bta-mir-142,MIR-142,UAGUGUU,MIMAT0003790,MIMAT0003791,NC_037346.1,9301445,9301503,-,Gnathostomata,Vertebrata,No,,,1,,,,,,,,,,,,,,,,,,,,,,
Bta-Mir-142-P1-v3,bta-mir-142,MIR-142,GUAGUGU,MIMAT0003790,MIMAT0003791,NC_037346.1,9301445,9301503,-,Gnathostomata,Vertebrata,No,,,1,,,,,,,,,,,,,,,,,,,,,,
Bta-Mir-142-P1-v4,bta-mir-142,MIR-142,CCAUAAA,MIMAT0003790,MIMAT0003791,NC_037346.1,9301443,9301505,-,Gnathostomata,Vertebrata,No,,,,,,,,,,,,,,,,,,,,,,,,,
Bta-Mir-143,bta-mir-143,MIR-143,GAGAUGA,None,MIMAT0009233,NC_037334.1,60812142,60812196,#ERROR!,Vertebrata,Vertebrata,Yes,,,,,,,,,,,,,,,,,,,,,,,,,
Bta-Mir-144-v1,bta-mir-144,MIR-144,ACAGUAU,None,MIMAT0009234,NC_037346.1,20238701,20238758,-,Vertebrata,Vertebrata,No,,,,,,,,,,,,,,,,,,,,,,,,,
Bta-Mir-144-v2,bta-mir-144,MIR-144,GAUAUCA,None,MIMAT0009234,NC_037346.1,20238701,20238758,-,Vertebrata,Vertebrata,No,,,,,,,,,,,,,,,,,,,,,,,,,
Bta-Mir-145,bta-mir-145,MIR-145,UCCAGUU,MIMAT0003542,None,NC_037334.1,60813565,60813624,#ERROR!,Vertebrata,Vertebrata,Yes,,,1,,,,,,,,,,,,,,,,,,,,,,
Bta-Mir-146-P1,bta-mir-146b,MIR-146,GAGAACU,MIMAT0009235,None,NC_037353.1,23057630,23057689,#ERROR!,Gnathostomata,Vertebrata,No,1,,1,,,,,,,,,,,,,,,,,,,,,,
Bta-Mir-146-P4-v1,bta-mir-146a,MIR-146,GAGAACU,MIMAT0009236,None,NC_037334.1,72071568,72071625,#ERROR!,Gnathostomata,Vertebrata,No,1,1,1,,,,,,,,,,,,,,,,,,,,,,
Bta-Mir-146-P4-v2,bta-mir-146a,MIR-146,UGAGAAC,MIMAT0009236,None,NC_037334.1,72071567,72071625,#ERROR!,Gnathostomata,Vertebrata,No,,1,1,,,,,,,,,,,,,,,,,,,,,,
Bta-Mir-147,bta-mir-147,MIR-147,UGUGCGG,None,MIMAT0009237,NC_037337.1,65015867,65015926,-,Vertebrata,Vertebrata,No,,,1,,,,,,,,,,,,,,,,,,,,,,
Bta-Mir-148-P1,bta-mir-148a,MIR-148,CAGUGCA,None,MIMAT0003522,NC_037331.1,69949485,69949544,#ERROR!,Gnathostomata,Vertebrata,No,1,,1,,,,,,,,,,,,,,,,,,,,,,
Bta-Mir-148-P3,bta-mir-152,MIR-148,CAGUGCA,None,MIMAT0009238,NC_037346.1,38444489,38444547,#ERROR!,Gnathostomata,Vertebrata,No,1,,1,,,,,,,,,,,,,,,,,,,,,,
Bta-Mir-148-P4,bta-mir-148b,MIR-148,CAGUGCA,None,MIMAT0003814,NC_037332.1,25734120,25734180,-,Gnathostomata,Vertebrata,No,,1,1,,,,,,,,,,,,,,,,,,,,,,
Bta-Mir-149,bta-mir-149,MIR-149,CUGGCUC,MIMAT0024570,MIMAT0024571,NC_037330.1,119882813,119882874,#ERROR!,Eutheria,Eutheria,No,,1,,,,,,,,,,,,,,,,,,,,,,,
Bta-Mir-150,bta-mir-150,MIR-150,CUCCCAA,MIMAT0003845,None,NC_037345.1,55954127,55954183,-,Gnathostomata,Gnathostomata,No,,1,1,,,,,,,,,,,,,,,,,,,,,,
Bta-Mir-153-P1,bta-mir-153-2,MIR-153,UGCAUAG,None,MIMAT0009239,NC_037331.1,118753595,118753655,-,Gnathostomata,Bilateria,No,,,,,,,,,,,,,,,,,,,,,,,,,
Bta-Mir-153-P2,bta-mir-153-1,MIR-153,UGCAUAG,None,MIMAT0009239,NC_037329.1,107240966,107241025,-,Gnathostomata,Bilateria,No,,,1,,,,,,,,,,,,,,,,,,,,,,
Bta-Mir-154-P1,bta-mir-154a,MIR-154,AUCAUAC,MIMAT0009240,None,NC_037348.1,65948700,65948757,#ERROR!,Eutheria,Eutheria,No,,,1,,,,,,,,,,,,,,,,,,,,,,
Bta-Mir-154-P2-v1,bta-mir-299,MIR-154,AUGUGGG,MIMAT0009274,None,NC_037348.1,65914212,65914266,#ERROR!,Eutheria,Eutheria,No,,,,,,,,,,,,,,,,,,,,,,,,,
Bta-Mir-154-P2-v2,bta-mir-299,MIR-154,GGUUUAC,MIMAT0009274,None,NC_037348.1,65914213,65914265,#ERROR!,Eutheria,Eutheria,No,,,1,,,,,,,,,,,,,,,,,,,,,,
Bta-Mir-154-P3a-v1,bta-mir-323,MIR-154,ACAUUAC,None,MIMAT0009284,NC_037348.1,65916120,65916175,#ERROR!,Eutheria,Eutheria,No,1,,1,,,,,,,,,,,,,,,,,,,,,,
Bta-Mir-154-P3a-v2,bta-mir-323,MIR-154,CACAUUA,None,MIMAT0009284,NC_037348.1,65916120,65916175,#ERROR!,Eutheria,Eutheria,No,1,,1,,,,,,,,,,,,,,,,,,,,,,
Bta-Mir-154-P3b,None,MIR-154,CCAAUAC,None,None,NC_037348.1,65945376,65945432,#ERROR!,Eutheria,Eutheria,No,,,1,,,,,,,,,,,,,,,,,,,,,,
Bta-Mir-154-P3c,bta-mir-323b,MIR-154,ACAAUAC,None,MIMAT0040935,NC_037348.1,65955040,65955095,#ERROR!,B. taurus,Eutheria,No,1,,1,,,,,,,,,,,,,,,,,,,,,,
Bta-Mir-154-P4a,bta-mir-329b,MIR-154,ACACACC,MIMAT0009289,None,NC_037348.1,65917157,65917214,#ERROR!,Eutheria,Eutheria,No,,,1,,,,,,,,,,,,,,,,,,,,,,
Bta-Mir-154-P4b,bta-mir-329a,MIR-154,ACACACC,None,MIMAT0009288,NC_037348.1,65917467,65917526,#ERROR!,Eutheria,Eutheria,No,,,1,,,,,,,,,,,,,,,,,,,,,,
Bta-Mir-154-P5,bta-mir-369,MIR-154,AUAAUAC,MIMAT0003801,MIMAT0003802,NC_037348.1,65954195,65954250,#ERROR!,Eutheria,Eutheria,No,1,,1,,,,,,,,,,,,,,,,,,,,,,
Bta-Mir-154-P6,bta-mir-377,MIR-154,UCACACA,None,MIMAT0009304,NC_037348.1,65951143,65951202,#ERROR!,Eutheria,Eutheria,No,,,,,,,,,,,,,,,,,,,,,,,,,
Bta-Mir-154-P7,bta-mir-379,MIR-154,GGUAGAC,MIMAT0009306,None,NC_037348.1,65912523,65912581,#ERROR!,Eutheria,Eutheria,No,,,1,,,,,,,,,,,,,,,,,,,,,,
Bta-Mir-154-P8,bta-mir-380,MIR-154,AUGUAAU,MIMAT0003803,MIMAT0003804,NC_037348.1,65915443,65915499,#ERROR!,Eutheria,Eutheria,No,,,,,,,,,,,,,,,,,,,,,,,,,
Bta-Mir-154-P9,bta-mir-381,MIR-154,AUACAAG,None,MIMAT0009307,NC_037348.1,65933715,65933777,#ERROR!,Eutheria,Eutheria,No,,,,,,,,,,,,,,,,,,,,,,,,,
Bta-Mir-154-P10,bta-mir-382,MIR-154,AAGUUGU,MIMAT0009308,None,NC_037348.1,65943535,65943592,#ERROR!,Eutheria,Eutheria,No,,,1,,,,,,,,,,,,,,,,,,,,,,
Bta-Mir-154-P12,bta-mir-410,MIR-154,AUAUAAC,None,MIMAT0009311,NC_037348.1,65954526,65954581,#ERROR!,Eutheria,Eutheria,No,,,1,,,,,,,,,,,,,,,,,,,,,,
Bta-Mir-154-P13,bta-mir-411a,MIR-154,AGUAGAC,MIMAT0009312,None,NC_037348.1,65913750,65913805,#ERROR!,Eutheria,Eutheria,No,,,1,,,,,,,,,,,,,,,,,,,,,,
Bta-Mir-154-P14,bta-mir-412,MIR-154,GGUCGAC,None,MIMAT0009313,NC_037348.1,65954052,65954107,#ERROR!,Eutheria,Eutheria,No,,1,,,,,,,,,,,,,,,,,,,,,,,
Bta-Mir-154-P15,bta-mir-485,MIR-154,GAGGCUG,MIMAT0009328,None,NC_037348.1,65944610,65944668,#ERROR!,Eutheria,Eutheria,No,,,1,,,,,,,,,,,,,,,,,,,,,,
Bta-Mir-154-P16,bta-mir-487a,MIR-154,AUCAUAC,None,MIMAT0003805,NC_037348.1,65940523,65940580,#ERROR!,Eutheria,Eutheria,No,,,1,,,,,,,,,,,,,,,,,,,,,,
Bta-Mir-154-P17,bta-mir-487b,MIR-154,AUCGUAC,None,MIMAT0003847,NC_037348.1,65934207,65934264,#ERROR!,Eutheria,Eutheria,No,,,,,,,,,,,,,,,,,,,,,,,,,
Bta-Mir-154-P18,bta-mir-494,MIR-154,GAAACAU,None,MIMAT0009334,NC_037348.1,65920329,65920384,#ERROR!,Eutheria,Eutheria,No,,,1,,,,,,,,,,,,,,,,,,,,,,
Bta-Mir-154-P19,bta-mir-495,MIR-154,AACAAAC,None,MIMAT0009335,NC_037348.1,65923887,65923943,#ERROR!,Eutheria,Eutheria,No,,,1,,,,,,,,,,,,,,,,,,,,,,
Bta-Mir-154-P20,bta-mir-496,MIR-154,GAGUAUU,None,MIMAT0009336,NC_037348.1,65949538,65949591,#ERROR!,Eutheria,Eutheria,No,,,1,,,,,,,,,,,,,,,,,,,,,,
Bta-Mir-154-P21,bta-mir-539,MIR-154,UACAAGG,MIMAT0009342,None,NC_037348.1,65935015,65935079,#ERROR!,Eutheria,Eutheria,No,,,1,,,,,,,,,,,,,,,,,,,,,,
Bta-Mir-154-P22,bta-mir-543,MIR-154,AACAUUC,None,MIMAT0009344,NC_037348.1,65922475,65922533,#ERROR!,Eutheria,Eutheria,No,1,,1,,,,,,,,,,,,,,,,,,,,,,
Bta-Mir-154-P23,bta-mir-654,MIR-154,AUGUCUG,None,MIMAT0009359,NC_037348.1,65929490,65929545,#ERROR!,Eutheria,Eutheria,No,,,,,,,,,,,,,,,,,,,,,,,,,
Bta-Mir-154-P24,bta-mir-655,MIR-154,UAAUACA,None,MIMAT0009360,NC_037348.1,65937984,65938043,#ERROR!,Eutheria,Eutheria,No,,,1,,,,,,,,,,,,,,,,,,,,,,
Bta-Mir-154-P25,bta-mir-656,MIR-154,AUAUUAU,None,MIMAT0009361,NC_037348.1,65955342,65955398,#ERROR!,Eutheria,Eutheria,No,,,1,,,,,,,,,,,,,,,,,,,,,,
Bta-Mir-154-P26,bta-mir-758,MIR-154,UUGUGAC,None,MIMAT0009370,NC_037348.1,65916418,65916475,#ERROR!,Eutheria,Eutheria,No,,,1,,,,,,,,,,,,,,,,,,,,,,
Bta-Mir-154-P28,bta-mir-1185,MIR-154,GAGGAUA,MIMAT0009973,None,NC_037348.1,65932020,65932079,#ERROR!,Eutheria,Eutheria,No,,,,,,,,,,,,,,,,,,,,,,,,,
Bta-Mir-154-P29,bta-mir-1193,MIR-154,GGUAGGC,None,MIMAT0009965,NC_037348.1,65920674,65920729,#ERROR!,Eutheria,Eutheria,Unknown,,,,,,,,,,,,,,,,,,,,,,,,,
Bta-Mir-154-P30,bta-mir-1197,MIR-154,AGGACAC,None,MIMAT0009966,NC_037348.1,65915956,65916011,#ERROR!,Eutheria,Eutheria,No,,,1,,,,,,,,,,,,,,,,,,,,,,
Bta-Mir-154-P31,bta-mir-411c,MIR-154,GUUGAUC,MIMAT0025545,MIMAT0025546,NC_037348.1,65940135,65940188,#ERROR!,Eutheria,Eutheria,No,,,1,,,,,,,,,,,,,,,,,,,,,,
Bta-Mir-154-P32,bta-mir-154b,MIR-154,GAGGUCU,MIMAT0025547,None,NC_037348.1,65949014,65949074,#ERROR!,Eutheria,Eutheria,No,,,,,,,,,,,,,,,,,,,,,,,,,
Bta-Mir-154-P33,bta-mir-154c,MIR-154,GAUAUUG,None,MIMAT0025542,NC_037348.1,65925899,65925954,#ERROR!,Laurasiatheria,Eutheria,No,,,1,,,,,,,,,,,,,,,,,,,,,,
Bta-Mir-154-P36,bta-mir-409a,MIR-154,GGUUACC,MIMAT0009310,None,NC_037348.1,65953907,65953960,#ERROR!,Eutheria,Eutheria,No,1,,1,,,,,,,,,,,,,,,,,,,,,,
Bta-Mir-154-P37,bta-mir-411b,MIR-154,GGUCGAC,MIMAT0025541,None,NC_037348.1,65915604,65915659,#ERROR!,B. taurus,Eutheria,No,1,1,,,,,,,,,,,,,,,,,,,,,,,
Bta-Mir-155,bta-mir-155,MIR-155,UAAUGCU,MIMAT0009241,None,NC_037328.1,10848650,10848710,-,Vertebrata,Vertebrata,No,1,,,,,,,,,,,,,,,,,,,,,,,,
Bta-Mir-181-P1a,bta-mir-181a-1,MIR-181,ACAUUCA,MIMAT0003543,None,NC_037343.1,77762860,77762922,-,Gnathostomata,Vertebrata,No,,,1,,,,,,,,,,,,,,,,,,,,,,
Bta-Mir-181-P1b,bta-mir-181a-2,MIR-181,ACAUUCA,MIMAT0003543,None,NC_037338.1,95709011,95709070,#ERROR!,Gnathostomata,Vertebrata,No,,,1,,,,,,,,,,,,,,,,,,,,,,
Bta-Mir-181-P1c,bta-mir-181c,MIR-181,ACAUUCA,MIMAT0003817,None,NC_037334.1,11811475,11811535,-,Gnathostomata,Vertebrata,No,,,1,,,,,,,,,,,,,,,,,,,,,,
Bta-Mir-181-P2a,bta-mir-181b-1,MIR-181,ACAUUCA,MIMAT0003793,None,NC_037343.1,77762678,77762738,-,Gnathostomata,Vertebrata,Yes,,,,,,,,,,,,,,,,,,,,,,,,,
Bta-Mir-181-P2b,bta-mir-181b-2,MIR-181,ACAUUCA,MIMAT0003793,None,NC_037338.1,95710203,95710262,#ERROR!,Gnathostomata,Vertebrata,No,1,,,,,,,,,,,,,,,,,,,,,,,,
Bta-Mir-181-P2c,bta-mir-181d,MIR-181,ACAUUCA,MIMAT0009243,None,NC_037334.1,11811294,11811353,-,Gnathostomata,Vertebrata,Yes,,1,,,,,,,,,,,,,,,,,,,,,,,
Bta-Mir-184,bta-mir-184,MIR-184,GGACGGA,None,MIMAT0009246,NC_037348.1,25438426,25438486,#ERROR!,Bilateria,Bilateria,No,,,1,,,,,,,,,,,,,,,,,,,,,,
Bta-Mir-185,bta-mir-185,MIR-185,GGAGAGA,MIMAT0009247,None,NC_037344.1,72954606,72954661,#ERROR!,Eutheria,Eutheria,No,,,1,,,,,,,,,,,,,,,,,,,,,,
Bta-Mir-186,bta-mir-186,MIR-186,AAAGAAU,MIMAT0003818,None,NC_037330.1,74160348,74160408,#ERROR!,Mammalia,Mammalia,No,1,,1,,,,,,,,,,,,,,,,,,,,,,
Bta-Mir-187,bta-mir-187,MIR-187,CGUGUCU,None,MIMAT0009248,NC_037351.1,21219318,21219375,#ERROR!,Osteichthyes,Osteichthyes,Yes,,,1,,,,,,,,,,,,,,,,,,,,,,
Bta-Mir-188-P1,bta-mir-188,MIR-188,AUCCCUU,MIMAT0009249,None,NC_037357.1,87725070,87725129,#ERROR!,Eutheria,Eutheria,No,1,,,,,,,,,,,,,,,,,,,,,,,,
Bta-Mir-188-P2,bta-mir-532,MIR-188,AUGCCUU,MIMAT0003848,None,NC_037357.1,87724748,87724806,#ERROR!,Eutheria,Eutheria,No,1,,1,,,,,,,,,,,,,,,,,,,,,,
Bta-Mir-188-P3,bta-mir-660,MIR-188,ACCCAUU,MIMAT0004344,None,NC_037357.1,87740093,87740151,#ERROR!,Eutheria,Eutheria,No,1,,1,,,,,,,,,,,,,,,,,,,,,,
Bta-Mir-190-P1,bta-mir-190a,MIR-190,GAUAUGU,MIMAT0009251,None,NC_037337.1,47265570,47265628,-,Gnathostomata,Bilateria,No,1,,1,,,,,,,,,,,,,,,,,,,,,,
Bta-Mir-190-P3,bta-mir-190b,MIR-190,GAUAUGU,MIMAT0009252,None,NC_037330.1,16316842,16316901,#ERROR!,Gnathostomata,Bilateria,Unknown,1,,,,,,,,,,,,,,,,,,,,,,,,
Bta-Mir-191,bta-mir-191,MIR-191,AACGGAA,MIMAT0003819,None,NC_037349.1,50970994,50971057,#ERROR!,Gnathostomata,Gnathostomata,No,,,1,,,,,,,,,,,,,,,,,,,,,,
Bta-Mir-192-P1,bta-mir-215,MIR-192,UGACCUA,MIMAT0003797,None,NC_037343.1,23607654,23607713,-,Vertebrata,Vertebrata,No,1,,1,,,,,,,,,,,,,,,,,,,,,,
Bta-Mir-192-P2,bta-mir-192,MIR-192,UGACCUA,MIMAT0003820,None,NC_037356.1,43114370,43114434,-,Vertebrata,Vertebrata,Yes,,,,,,,,,,,,,,,,,,,,,,,,,
Bta-Mir-193-P1a,bta-mir-193b,MIR-193,GGGGUUU,None,MIMAT0009253,NC_037352.1,13248846,13248904,#ERROR!,Vertebrata,Bilateria,No,1,,1,,,,,,,,,,,,,,,,,,,,,,
Bta-Mir-193-P1b,bta-mir-193a,MIR-193,GGGUCUU,MIMAT0003794,MIMAT0003795,NC_037346.1,18474472,18474527,-,Vertebrata,Bilateria,No,1,,1,,,,,,,,,,,,,,,,,,,,,,
Bta-Mir-193-P2a,bta-mir-365-1,MIR-193,AAUGCCC,MIMAT0012539,MIMAT0004341,NC_037352.1,13253599,13253659,#ERROR!,Vertebrata,Bilateria,Yes,,,1,,,,,,,,,,,,,,,,,,,,,,
Bta-Mir-193-P2b,bta-mir-365-2,MIR-193,AAUGCCC,None,MIMAT0004341,NC_037346.1,18461524,18461584,-,Vertebrata,Bilateria,No,,,1,,,,,,,,,,,,,,,,,,,,,,
Bta-Mir-194-P1,bta-mir-194-1,MIR-194,GUAACAG,MIMAT0009254,None,NC_037343.1,23607952,23608009,-,Vertebrata,Vertebrata,No,,,1,,,,,,,,,,,,,,,,,,,,,,
Bta-Mir-194-P2,bta-mir-194-2,MIR-194,GUAACAG,MIMAT0009254,None,NC_037356.1,43114583,43114639,-,Vertebrata,Vertebrata,No,1,,1,,,,,,,,,,,,,,,,,,,,,,
Bta-Mir-196-P1,bta-mir-196b,MIR-196,AGGUAGU,MIMAT0009256,None,NC_037331.1,68873169,68873226,#ERROR!,Gnathostomata,Olfactores,No,,,1,,,,,,,,,,,,,,,,,,,,,,
Bta-Mir-196-P3,bta-mir-196a-1,MIR-196,AGGUAGU,MIMAT0009255,None,NC_037346.1,37860888,37860947,#ERROR!,Gnathostomata,Olfactores,No,,,1,,,,,,,,,,,,,,,,,,,,,,
Bta-Mir-196-P4,bta-mir-196a-2,MIR-196,AGGUAGU,MIMAT0009255,None,NC_037332.1,26040804,26040862,-,Gnathostomata,Olfactores,No,,,1,,,,,,,,,,,,,,,,,,,,,,
Bta-Mir-197,bta-mir-197,MIR-197,UCACCAC,None,MIMAT0009257,NC_037330.1,33850286,33850346,-,Eutheria,Eutheria,No,,,,,,,,,,,,,,,,,,,,,,,,,
Bta-Mir-199-P1-v1,bta-mir-199a-1,MIR-199,CAGUAGU,MIMAT0003544,MIMAT0003746,NC_037343.1,39625357,39625417,-,Gnathostomata,Vertebrata,No,,,1,,,,,,,,,,,,,,,,,,,,,,
Bta-Mir-199-P1-v2,bta-mir-199a-1,MIR-199,ACAGUAG,MIMAT0003544,MIMAT0003746,NC_037343.1,39625357,39625417,-,Gnathostomata,Vertebrata,No,,,1,,,,,,,,,,,,,,,,,,,,,,
Bta-Mir-199-P1-v3,bta-mir-199a-1,MIR-199,AGUAGUC,MIMAT0003544,MIMAT0003746,NC_037343.1,39625357,39625417,-,Gnathostomata,Vertebrata,No,,,1,,,,,,,,,,,,,,,,,,,,,,
Bta-Mir-199-P2-v1,bta-mir-199b,MIR-199,CAGUAGU,MIMAT0003821,None,NC_037338.1,98855761,98855821,-,Gnathostomata,Vertebrata,No,,,,,,,,,,,,,,,,,,,,,,,,,
Bta-Mir-199-P2-v2,bta-mir-199b,MIR-199,ACAGUAG,MIMAT0003821,None,NC_037338.1,98855761,98855821,-,Gnathostomata,Vertebrata,No,,,,,,,,,,,,,,,,,,,,,,,,,
Bta-Mir-199-P2-v3,bta-mir-199b,MIR-199,AGUAGUC,MIMAT0003821,None,NC_037338.1,98855761,98855821,-,Gnathostomata,Vertebrata,No,,,,,,,,,,,,,,,,,,,,,,,,,
Bta-Mir-199-P3-v1,bta-mir-199a-2,MIR-199,CAGUAGU,MIMAT0003544,MIMAT0003746,NC_037334.1,15283415,15283477,-,Gnathostomata,Vertebrata,No,,,1,,,,,,,,,,,,,,,,,,,,,,
Bta-Mir-199-P3-v2,bta-mir-199a-2,MIR-199,ACAGUAG,MIMAT0003544,MIMAT0003746,NC_037334.1,15283415,15283477,-,Gnathostomata,Vertebrata,No,,,1,,,,,,,,,,,,,,,,,,,,,,
Bta-Mir-199-P3-v3,bta-mir-199a-2,MIR-199,AGUAGUC,MIMAT0003544,MIMAT0003746,NC_037334.1,15283415,15283477,-,Gnathostomata,Vertebrata,No,,,1,,,,,,,,,,,,,,,,,,,,,,
Bta-Mir-202,bta-mir-202,MIR-202,UCCUAUG,MIMAT0009259,None,NC_037353.1,25761628,25761685,#ERROR!,Vertebrata,Vertebrata,No,,,1,,,,,,,,,,,,,,,,,,,,,,
Bta-Mir-203-v1,None,MIR-203,UGAAAUG,None,None,NC_037348.1,68645107,68645166,#ERROR!,Vertebrata,Vertebrata,No,,,1,,,,,,,,,,,,,,,,,,,,,,
Bta-Mir-203-v2,None,MIR-203,GAAAUGU,None,None,NC_037348.1,68645107,68645166,#ERROR!,Vertebrata,Vertebrata,Yes,,,1,,,,,,,,,,,,,,,,,,,,,,
Bta-Mir-204-P1,bta-mir-211,MIR-204,UCCCUUU,MIMAT0009263,None,NC_037348.1,27536525,27536582,-,Gnathostomata,Vertebrata,No,1,,1,,,,,,,,,,,,,,,,,,,,,,
Bta-Mir-204-P2,bta-mir-204,MIR-204,UCCCUUU,MIMAT0004338,None,NC_037335.1,46962522,46962581,-,Gnathostomata,Vertebrata,No,1,,1,,,,,,,,,,,,,,,,,,,,,,
Bta-Mir-205-P4,bta-mir-205,MIR-205,CCUUCAU,MIMAT0003545,None,NC_037343.1,73900711,73900769,-,Gnathostomata,Vertebrata,No,,,1,,,,,,,,,,,,,,,,,,,,,,
Bta-Mir-208-P1,bta-mir-208b,MIR-208,UAAGACG,None,MIMAT0009262,NC_037337.1,21505525,21505581,#ERROR!,Vertebrata,Vertebrata,No,,,1,,,,,,,,,,,,,,,,,,,,,,
Bta-Mir-208-P2,bta-mir-208a,MIR-208,UAAGACG,None,MIMAT0009261,NC_037337.1,21534426,21534482,#ERROR!,Vertebrata,Vertebrata,No,,,1,,,,,,,,,,,,,,,,,,,,,,
Bta-Mir-210,bta-mir-210,MIR-210,UGUGCGU,None,MIMAT0003824,NC_037356.1,50729086,50729145,#ERROR!,Bilateria,Bilateria,No,,,1,,,,,,,,,,,,,,,,,,,,,,
Bta-Mir-214-v1,bta-mir-214,MIR-214,CAGCAGG,None,MIMAT0003825,NC_037343.1,39619567,39619629,-,Gnathostomata,Gnathostomata,No,,,,,,,,,,,,,,,,,,,,,,,,,
Bta-Mir-214-v2,bta-mir-214,MIR-214,ACAGCAG,None,MIMAT0003825,NC_037343.1,39619567,39619629,-,Gnathostomata,Gnathostomata,No,,,,,,,,,,,,,,,,,,,,,,,,,
Bta-Mir-216-P2a,bta-mir-216b,MIR-216,AAUCUCU,MIMAT0009266,None,NC_037338.1,38657092,38657153,-,Vertebrata,Bilateria,No,,1,,,,,,,,,,,,,,,,,,,,,,,
Bta-Mir-216-P2b,bta-mir-216a,MIR-216,AAUCUCA,MIMAT0009265,None,NC_037338.1,38640719,38640780,-,Vertebrata,Bilateria,No,,,,,,,,,,,,,,,,,,,,,,,,,
Bta-Mir-217-v1,bta-mir-217,MIR-217,ACUGCAU,MIMAT0009267,None,NC_037338.1,38628469,38628527,-,Chordata,Chordata,No,,,1,,,,,,,,,,,,,,,,,,,,,,
Bta-Mir-217-v2,bta-mir-217,MIR-217,UACUGCA,MIMAT0009267,None,NC_037338.1,38628468,38628528,-,Chordata,Chordata,No,,,1,,,,,,,,,,,,,,,,,,,,,,
Bta-Mir-218-P2,bta-mir-218-1,MIR-218,UGUGCUU,MIMAT0003798,None,NC_037333.1,40087154,40087217,#ERROR!,Gnathostomata,Vertebrata,No,,,1,,,,,,,,,,,,,,,,,,,,,,
Bta-Mir-218-P4,bta-mir-218-2,MIR-218,UGUGCUU,MIMAT0003798,None,NC_037347.1,554567,554630,-,Gnathostomata,Vertebrata,No,,,1,,,,,,,,,,,,,,,,,,,,,,
Bta-Mir-219-P2,bta-mir-219-1,MIR-219,GAUUGUC,None,MIMAT0012547,NC_037338.1,98985288,98985352,-,Gnathostomata,Bilateria,No,,,1,,,,,,,,,,,,,,,,,,,,,,
Bta-Mir-219-P2-as,bta-mir-219b,MIR-219,GAAUUGC,None,MIMAT0040926,NC_037338.1,98985290,98985354,#ERROR!,Eutheria,Bilateria,No,,,,,,,,,,,,,,,,,,,,,,,,,
Bta-Mir-219-P3,bta-mir-219-2,MIR-219,GAUUGUC,None,MIMAT0030444,NC_037350.1,7394820,7394882,#ERROR!,Gnathostomata,Bilateria,No,,,1,,,,,,,,,,,,,,,,,,,,,,
Bta-Mir-221-P1a,bta-mir-222,MIR-221,GCUACAU,None,MIMAT0003530,NC_037357.1,98125949,98126012,#ERROR!,Gnathostomata,Vertebrata,No,,1,1,,,,,,,,,,,,,,,,,,,,,,
Bta-Mir-221-P2a,bta-mir-221,MIR-221,GCUACAU,None,MIMAT0003529,NC_037357.1,98126639,98126701,#ERROR!,Gnathostomata,Vertebrata,No,,,,,,,,,,,,,,,,,,,,,,,,,
Bta-Mir-223,bta-mir-223,MIR-223,GUCAGUU,None,MIMAT0009270,NC_037357.1,94562842,94562904,-,Vertebrata,Vertebrata,No,,,1,,,,,,,,,,,,,,,,,,,,,,
Bta-Mir-224,bta-mir-224,MIR-224,AAGUCAC,MIMAT0009271,None,NC_037357.1,34446942,34447010,-,Eutheria,Eutheria,No,,,1,,,,,,,,,,,,,,,,,,,,,,
Bta-Mir-296,bta-mir-296,MIR-296,GGGUUGG,MIMAT0026918,MIMAT0009273,NC_037340.1,57550938,57550994,#ERROR!,Eutheria,Eutheria,No,,1,1,,,,,,,,,,,,,,,,,,,,,,
Bta-Mir-320-P1a,bta-mir-320a-1,MIR-320,AAAGCUG,None,MIMAT0003534,NC_037347.1,15245811,15245864,#ERROR!,B. taurus,Eutheria,No,,,,,,,,,,,,,,,,,,,,,,,,,
Bta-Mir-320-P1b,bta-mir-320a-2,MIR-320,AAAGCUG,None,MIMAT0003534,NC_037335.1,69558101,69558154,-,B. taurus,Eutheria,No,,,,,,,,,,,,,,,,,,,,,,,,,
Bta-Mir-324,bta-mir-324,MIR-324,GCAUCCC,MIMAT0009285,None,NC_037346.1,26938018,26938074,-,Eutheria,Eutheria,No,1,,1,,,,,,,,,,,,,,,,,,,,,,
Bta-Mir-326,bta-mir-326,MIR-326,CUCUGGG,None,MIMAT0009286,NC_037342.1,54537281,54537341,-,Eutheria,Eutheria,Yes,,,,,,,,,,,,,,,,,,,,,,,,,
Bta-Mir-328,bta-mir-328,MIR-328,UGGCCCU,None,MIMAT0009287,NC_037345.1,34837728,34837788,-,Eutheria,Eutheria,Yes,,,,,,,,,,,,,,,,,,,,,,,,,
Bta-Mir-330-v1,bta-mir-330,MIR-330,CUCUGGG,None,MIMAT0009290,NC_037345.1,53226516,53226579,-,Eutheria,Eutheria,No,,,,,,,,,,,,,,,,,,,,,,,,,
Bta-Mir-330-v2,bta-mir-330,MIR-330,CUCUGGG,None,MIMAT0009290,NC_037345.1,53226516,53226579,-,Eutheria,Eutheria,No,,,,,,,,,,,,,,,,,,,,,,,,,
Bta-Mir-331,bta-mir-331,MIR-331,CCCCUGG,MIMAT0026716,MIMAT0004339,NC_037332.1,24946436,24946491,#ERROR!,Eutheria,Eutheria,No,1,,1,,,,,,,,,,,,,,,,,,,,,,
Bta-Mir-335,bta-mir-335,MIR-335,CAAGAGC,MIMAT0009291,None,NC_037331.1,94255096,94255153,#ERROR!,Eutheria,Eutheria,No,,,,,,,,,,,,,,,,,,,,,,,,,
Bta-Mir-338-P2,bta-mir-338,MIR-338,CCAGCAU,None,MIMAT0009292,NC_037346.1,51569635,51569693,#ERROR!,Vertebrata,Vertebrata,No,,,1,,,,,,,,,,,,,,,,,,,,,,
Bta-Mir-338-P2-as,None,MIR-338,CAACAAA,None,None,NC_037346.1,51569630,51569693,-,Amniota,Vertebrata,No,,,,,,,,,,,,,,,,,,,,,,,,,
Bta-Mir-339,bta-mir-339a,MIR-339,CCCUGUC,MIMAT0009293,None,NC_037352.1,41736147,41736203,#ERROR!,Eutheria,Eutheria,Unknown,1,,1,,,,,,,,,,,,,,,,,,,,,,
Bta-Mir-340,bta-mir-340,MIR-340,UAUAAAG,None,MIMAT0009296,NC_037334.1,1249039,1249103,#ERROR!,Theria,Theria,No,1,,1,,,,,,,,,,,,,,,,,,,,,,
Bta-Mir-342,bta-mir-342,MIR-342,CUCACAC,None,MIMAT0003846,NC_037348.1,65057665,65057730,#ERROR!,Eutheria,Eutheria,No,,,1,,,,,,,,,,,,,,,,,,,,,,
Bta-Mir-345,bta-mir-345,MIR-345,CCUGAAC,MIMAT0003800,MIMAT0012535,NC_037348.1,65217727,65217784,#ERROR!,Eutheria,Eutheria,Yes,,1,1,,,,,,,,,,,,,,,,,,,,,,
Bta-Mir-346,bta-mir-346,MIR-346,GUCUGCC,MIMAT0009297,None,NC_037355.1,41000089,41000148,-,Eutheria,Eutheria,No,,,,,,,,,,,,,,,,,,,,,,,,,
Bta-Mir-361-v1,bta-mir-361,MIR-361,UAUCAGA,MIMAT0003830,None,NC_037357.1,66328073,66328135,#ERROR!,Eutheria,Eutheria,No,1,,1,,,,,,,,,,,,,,,,,,,,,,
Bta-Mir-361-v2,bta-mir-361,MIR-361,CCCCCAG,MIMAT0003830,None,NC_037357.1,66328074,66328134,#ERROR!,Eutheria,Eutheria,No,,,1,,,,,,,,,,,,,,,,,,,,,,
Bta-Mir-362-P1,bta-mir-362,MIR-362,AUCCUUG,MIMAT0009298,MIMAT0012548,NC_037357.1,87736674,87736732,#ERROR!,Eutheria,Eutheria,No,1,1,1,,,,,,,,,,,,,,,,,,,,,,
Bta-Mir-362-P2-v1,bta-mir-502b,MIR-362,AUCCACC,None,MIMAT0009339,NC_037357.1,87736191,87736252,#ERROR!,Eutheria,Eutheria,No,,,1,,,,,,,,,,,,,,,,,,,,,,
Bta-Mir-362-P2-v2,bta-mir-502b,MIR-362,UCCACCU,None,MIMAT0009339,NC_037357.1,87736191,87736252,#ERROR!,Eutheria,Eutheria,No,,,1,,,,,,,,,,,,,,,,,,,,,,
Bta-Mir-362-P2-v3,bta-mir-502b,MIR-362,CCACCUG,None,MIMAT0009339,NC_037357.1,87736191,87736252,#ERROR!,B. taurus,Eutheria,No,,,1,,,,,,,,,,,,,,,,,,,,,,
Bta-Mir-362-P4,bta-mir-502a-1,MIR-362,AUGCACC,None,MIMAT0009338,NC_037357.1,87742037,87742095,#ERROR!,Eutheria,Eutheria,No,,1,1,,,,,,,,,,,,,,,,,,,,,,
Bta-Mir-362-P5,bta-mir-500,MIR-362,UGCACCU,MIMAT0009337,None,NC_037357.1,87737938,87737999,#ERROR!,Eutheria,Eutheria,No,1,,1,,,,,,,,,,,,,,,,,,,,,,
Bta-Mir-362-P6,bta-mir-502a-2,MIR-362,AUGCACC,None,MIMAT0009338,NC_037357.1,87732068,87732125,#ERROR!,Eutheria,Eutheria,No,,,1,,,,,,,,,,,,,,,,,,,,,,
Bta-Mir-370,bta-mir-370,MIR-370,CCUGCUG,None,MIMAT0009300,NC_037348.1,65808196,65808252,#ERROR!,Boreoeutheria,Boreoeutheria,No,,,1,,,,,,,,,,,,,,,,,,,,,,
Bta-Mir-374-P1,bta-mir-374a,MIR-374,UUAUCAG,MIMAT0004342,None,NC_037357.1,76853059,76853110,#ERROR!,Eutheria,Eutheria,No,,,,,,,,,,,,,,,,,,,,,,,,,
Bta-Mir-374-P2,bta-mir-374b,MIR-374,UAUAAUA,MIMAT0009302,None,NC_037357.1,76925428,76925479,#ERROR!,Eutheria,Eutheria,No,,,,,,,,,,,,,,,,,,,,,,,,,
Bta-Mir-375,bta-mir-375,MIR-375,UUGUUCG,None,MIMAT0009303,NC_037329.1,106945890,106945946,-,Bilateria,Bilateria,No,,,1,,,,,,,,,,,,,,,,,,,,,,
Bta-Mir-376-P1,bta-mir-376a,MIR-376,UCAUAGA,None,MIMAT0009946,NC_037348.1,65930080,65930137,#ERROR!,Eutheria,Eutheria,No,,,1,,,,,,,,,,,,,,,,,,,,,,
Bta-Mir-376-P2,bta-mir-376b,MIR-376,UCAUAGA,None,MIMAT0009945,NC_037348.1,65929716,65929773,#ERROR!,Eutheria,Eutheria,No,,,1,,,,,,,,,,,,,,,,,,,,,,
Bta-Mir-376-P3,bta-mir-376d,MIR-376,UCAUAGA,None,MIMAT0010199,NC_037348.1,65929334,65929391,#ERROR!,Eutheria,Eutheria,No,,,1,,,,,,,,,,,,,,,,,,,,,,
Bta-Mir-376-P4,bta-mir-376c,MIR-376,ACAUAGA,MIMAT0009947,None,NC_037348.1,65928963,65929020,#ERROR!,Eutheria,Eutheria,No,,1,1,,,,,,,,,,,,,,,,,,,,,,
Bta-Mir-376-P5,None,MIR-376,ACAUAGA,None,None,NC_037348.1,65928589,65928648,#ERROR!,Eutheria,Eutheria,No,,,,,,,,,,,,,,,,,,,,,,,,,
Bta-Mir-378,bta-mir-378-1,MIR-378,CUGGACU,None,MIMAT0009305,NC_037334.1,61076257,61076316,#ERROR!,Eutheria,Eutheria,No,,,1,,,,,,,,,,,,,,,,,,,,,,
Bta-Mir-383-v1,bta-mir-383,MIR-383,GAUCAGA,MIMAT0009309,None,NC_037354.1,22249024,22249085,#ERROR!,Tetrapoda,Tetrapoda,No,,,,,,,,,,,,,,,,,,,,,,,,,
Bta-Mir-383-v2,bta-mir-383,MIR-383,AGAUCAG,MIMAT0009309,None,NC_037354.1,22249023,22249085,#ERROR!,Tetrapoda,Tetrapoda,Yes,,,,,,,,,,,,,,,,,,,,,,,,,
Bta-Mir-423,bta-mir-423,MIR-423,GAGGGGC,MIMAT0012537,MIMAT0003831,NC_037346.1,21238023,21238081,#ERROR!,Eutheria,Eutheria,No,,,,,,,,,,,,,,,,,,,,,,,,,
Bta-Mir-425,bta-mir-425,MIR-425,AUGACAC,MIMAT0003832,MIMAT0003833,NC_037349.1,50971475,50971537,#ERROR!,Gnathostomata,Gnathostomata,No,,,1,,,,,,,,,,,,,,,,,,,,,,
Bta-Mir-430-P1,bta-mir-302b,MIR-430,AAGUGCU,None,MIMAT0009280,NC_037333.1,12980223,12980284,#ERROR!,Gnathostomata,Vertebrata,No,,1,,,,,,,,,,,,,,,,,,,,,,,
Bta-Mir-430-P2,bta-mir-302c,MIR-430,AAGUGCU,None,MIMAT0009281,NC_037333.1,12980362,12980421,#ERROR!,Gnathostomata,Vertebrata,No,,1,,,,,,,,,,,,,,,,,,,,,,,
Bta-Mir-430-P3,bta-mir-302a,MIR-430,AAGUGCU,None,MIMAT0009278,NC_037333.1,12980774,12980834,#ERROR!,Gnathostomata,Vertebrata,No,,,,,,,,,,,,,,,,,,,,,,,,,
Bta-Mir-430-P4,bta-mir-302d,MIR-430,AAGUGCU,None,MIMAT0009279,NC_037333.1,12980950,12981012,#ERROR!,Gnathostomata,Vertebrata,No,,1,1,,,,,,,,,,,,,,,,,,,,,,
Bta-Mir-430-P5,bta-mir-371,MIR-430,AGUGCCG,None,MIMAT0009301,NC_037345.1,60903182,60903240,#ERROR!,Eutheria,Vertebrata,No,,,,,,,,,,,,,,,,,,,,,,,,,
Bta-Mir-430-P7,None,MIR-430,AAGUGCU,None,None,NC_037345.1,60903424,60903481,#ERROR!,Eutheria,Vertebrata,Unknown,,,1,,,,,,,,,,,,,,,,,,,,,,
Bta-Mir-431,bta-mir-431,MIR-431,GUCUUGC,MIMAT0009316,None,NC_037348.1,65778736,65778799,#ERROR!,Eutheria,Eutheria,Yes,,,1,,,,,,,,,,,,,,,,,,,,,,
Bta-Mir-432,bta-mir-432,MIR-432,CUUGGAG,MIMAT0009317,None,NC_037348.1,65782197,65782265,#ERROR!,Eutheria,Eutheria,No,,,1,,,,,,,,,,,,,,,,,,,,,,
Bta-Mir-433,bta-mir-433,MIR-433,UCAUGAU,None,MIMAT0009318,NC_037348.1,65779607,65779680,#ERROR!,Eutheria,Eutheria,Yes,1,,1,,,,,,,,,,,,,,,,,,,,,,
Bta-Mir-448,bta-mir-448,MIR-448,UGCAUAU,None,MIMAT0009319,NC_037357.1,63159366,63159445,#ERROR!,Eutheria,Eutheria,No,1,,1,,,,,,,,,,,,,,,,,,,,,,
Bta-Mir-450-P1,bta-mir-450a-2,MIR-450,UUUGCGA,MIMAT0003834,None,NC_037357.1,18236541,18236597,-,Eutheria,Eutheria,No,,,,,,,,,,,,,,,,,,,,,,,,,
Bta-Mir-450-P2,bta-mir-450a-1,MIR-450,UUUGCGA,MIMAT0003834,None,NC_037357.1,18236396,18236452,-,Eutheria,Eutheria,No,,,,,,,,,,,,,,,,,,,,,,,,,
Bta-Mir-450-P3,bta-mir-450b,MIR-450,UUUGCAA,MIMAT0024576,None,NC_037357.1,18236226,18236283,-,Eutheria,Eutheria,No,,,,,,,,,,,,,,,,,,,,,,,,,
Bta-Mir-451,bta-mir-451,MIR-451,AACCGUU,MIMAT0009323,,NC_037346.1,20238539,20238580,-,Vertebrata,Vertebrata,NA,,,,,,,,,,,,,,,,,,,,,,,,,
Bta-Mir-452-v1,bta-mir-452,MIR-452,ACUGUUU,MIMAT0009324,None,NC_037357.1,34447982,34448042,-,Eutheria,Eutheria,No,1,,1,,,,,,,,,,,,,,,,,,,,,,
Bta-Mir-452-v2,bta-mir-452,MIR-452,GUUUGCA,MIMAT0009324,None,NC_037357.1,34447983,34448039,-,Eutheria,Eutheria,No,,,1,,,,,,,,,,,,,,,,,,,,,,
Bta-Mir-455,bta-mir-455,MIR-455,AUGUGCC,MIMAT0003835,MIMAT0003836,NC_037335.1,103437413,103437470,#ERROR!,Vertebrata,Vertebrata,No,,,,,,,,,,,,,,,,,,,,,,,,,
Bta-Mir-459,None,MIR-459,CAGUAAC,None,None,NC_037328.1,148014653,148014713,#ERROR!,Vertebrata,Vertebrata,Unknown,,,1,,,,,,,,,,,,,,,,,,,,,,
Bta-Mir-483-v1,bta-mir-483,MIR-483,ACUCCUC,None,MIMAT0009327,NC_037356.1,49418347,49418407,#ERROR!,Theria,Theria,No,,1,1,,,,,,,,,,,,,,,,,,,,,,
Bta-Mir-483-v2,bta-mir-483,MIR-483,CACUCCU,None,MIMAT0009327,NC_037356.1,49418347,49418407,#ERROR!,Theria,Theria,No,,,1,,,,,,,,,,,,,,,,,,,,,,
Bta-Mir-486,bta-mir-486,MIR-486,CCUGUAC,MIMAT0009329,None,NC_037354.1,36572783,36572846,-,Eutheria,Eutheria,No,,,1,,,,,,,,,,,,,,,,,,,,,,
Bta-Mir-488,bta-mir-488,MIR-488,UGAAAGG,None,MIMAT0009330,NC_037343.1,58247524,58247582,-,Eutheria,Eutheria,Yes,,,1,,,,,,,,,,,,,,,,,,,,,,
Bta-Mir-489-v1,bta-mir-489,MIR-489,UGACAUC,None,MIMAT0009942,NC_037331.1,10822879,10822938,-,Osteichthyes,Osteichthyes,No,,,1,,,,,,,,,,,,,,,,,,,,,,
Bta-Mir-489-v2,bta-mir-489,MIR-489,GACAUCA,None,MIMAT0009942,NC_037331.1,10822878,10822939,-,Osteichthyes,Osteichthyes,No,,,1,,,,,,,,,,,,,,,,,,,,,,
Bta-Mir-489-v3,bta-mir-489,MIR-489,GUGACAU,None,MIMAT0009942,NC_037331.1,10822879,10822938,-,Osteichthyes,Osteichthyes,No,,,1,,,,,,,,,,,,,,,,,,,,,,
Bta-Mir-490,bta-mir-490,MIR-490,AACCUGG,None,MIMAT0009331,NC_037331.1,100636709,100636768,#ERROR!,Amniota,Amniota,No,,,1,,,,,,,,,,,,,,,,,,,,,,
Bta-Mir-491,bta-mir-491,MIR-491,GUGGGGA,MIMAT0009332,None,NC_037335.1,23698543,23698598,-,Eutheria,Eutheria,No,1,,,,,,,,,,,,,,,,,,,,,,,,
Bta-Mir-493,bta-mir-493,MIR-493,UGUACAU,None,MIMAT0009333,NC_037348.1,65766695,65766757,#ERROR!,Eutheria,Eutheria,Yes,1,,,,,,,,,,,,,,,,,,,,,,,,
Bta-Mir-499,bta-mir-499,MIR-499,UAAGACU,MIMAT0003536,None,NC_037340.1,64292596,64292654,#ERROR!,Vertebrata,Vertebrata,No,,,1,,,,,,,,,,,,,,,,,,,,,,
Bta-Mir-504,bta-mir-504,MIR-504,GACCCUG,MIMAT0009340,None,NC_037357.1,22089371,22089429,-,Eutheria,Eutheria,No,,,1,,,,,,,,,,,,,,,,,,,,,,
Bta-Mir-505-v1,bta-mir-505,MIR-505,GGAGCCA,None,MIMAT0009341,NC_037357.1,23321245,23321303,-,Eutheria,Eutheria,No,,,,,,,,,,,,,,,,,,,,,,,,,
Bta-Mir-505-v2,bta-mir-505,MIR-505,GGAGCCA,None,MIMAT0009341,NC_037357.1,23321245,23321303,-,Eutheria,Eutheria,No,,,,,,,,,,,,,,,,,,,,,,,,,
Bta-Mir-506-P1,None,MIR-506,ACUUAGG,None,None,NC_037357.1,29994350,29994407,-,Eutheria,Eutheria,Unknown,,,1,,,,,,,,,,,,,,,,,,,,,,
Bta-Mir-506-P2f,None,MIR-506,ACUUCAG,None,None,NC_037357.1,29994643,29994700,-,B. taurus,Eutheria,Unknown,1,1,1,,,,,,,,,,,,,,,,,,,,,,
Bta-Mir-506-P2g,None,MIR-506,ACUUCAG,None,None,NC_037357.1,29998359,29998416,-,B. taurus,Eutheria,Unknown,1,1,1,,,,,,,,,,,,,,,,,,,,,,
Bta-Mir-506-P2h,None,MIR-506,ACCCCAA,None,None,NC_037357.1,30020600,30020657,-,B. taurus,Eutheria,Unknown,,,,,,,,,,,,,,,,,,,,,,,,,
Bta-Mir-506-P3,None,MIR-506,ACUCCAG,None,None,NC_037357.1,30015441,30015498,-,Eutheria,Eutheria,Unknown,1,,,,,,,,,,,,,,,,,,,,,,,,
Bta-Mir-506-P6,None,MIR-506,UCAUAGG,None,None,NC_037357.1,29980078,29980135,-,Eutheria,Eutheria,No,,1,,,,,,,,,,,,,,,,,,,,,,,
Bta-Mir-541,bta-mir-541,MIR-541,AAGGAUU,None,MIMAT0009343,NC_037348.1,65953000,65953065,#ERROR!,Eutheria,Eutheria,No,1,,1,,,,,,,,,,,,,,,,,,,,,,
Bta-Mir-542,bta-mir-542,MIR-542,GUGACAG,MIMAT0013594,None,NC_037357.1,18237457,18237515,-,Eutheria,Eutheria,No,,,1,,,,,,,,,,,,,,,,,,,,,,
Bta-Mir-544,bta-mir-544a,MIR-544,CUUGUUA,None,MIMAT0009346,NC_037348.1,65937023,65937080,#ERROR!,Eutheria,Eutheria,No,,,1,,,,,,,,,,,,,,,,,,,,,,
Bta-Mir-551-P1,bta-mir-551a,MIR-551,CGACCCA,None,MIMAT0009347,NC_037343.1,49472703,49472762,#ERROR!,Vertebrata,Vertebrata,Unknown,,,,,,,,,,,,,,,,,,,,,,,,,
Bta-Mir-551-P2,bta-mir-551b,MIR-551,CGACCCA,None,MIMAT0009348,NC_037328.1,98873855,98873914,-,Vertebrata,Vertebrata,Yes,,,1,,,,,,,,,,,,,,,,,,,,,,
Bta-Mir-574,None,MIR-574,ACGCUCA,None,None,NC_037333.1,58092052,58092109,#ERROR!,Eutheria,Eutheria,No,1,,1,,,,,,,,,,,,,,,,,,,,,,
Bta-Mir-582-v1,bta-mir-582,MIR-582,UACAGUU,MIMAT0009351,None,NC_037347.1,19584397,19584456,#ERROR!,Eutheria,Eutheria,No,,,,,,,,,,,,,,,,,,,,,,,,,
Bta-Mir-582-v2,bta-mir-582,MIR-582,AACCAGU,MIMAT0009351,None,NC_037347.1,19584398,19584455,#ERROR!,Eutheria,Eutheria,No,,,,,,,,,,,,,,,,,,,,,,,,,
Bta-Mir-590,None,MIR-590,AGUUUUA,None,None,NC_037352.1,33202661,33202721,-,Mammalia,Mammalia,Unknown,,,1,,,,,,,,,,,,,,,,,,,,,,
Bta-Mir-592,bta-mir-592,MIR-592,UGUGUCA,MIMAT0009353,None,NC_037331.1,91320621,91320680,-,Eutheria,Eutheria,Unknown,,1,1,,,,,,,,,,,,,,,,,,,,,,
Bta-Mir-599,bta-mir-599,MIR-599,UUGAUAA,None,MIMAT0009354,NC_037341.1,64795515,64795573,#ERROR!,Sarcopterygii,Sarcopterygii,Unknown,,,,,,,,,,,,,,,,,,,,,,,,,
Bta-Mir-615,bta-mir-615,MIR-615,CCGAGCC,MIMAT0009355,None,NC_037332.1,25998839,25998902,-,Eutheria,Eutheria,No,,,1,,,,,,,,,,,,,,,,,,,,,,
Bta-Mir-628,bta-mir-628,MIR-628,UGCUGAC,MIMAT0009356,None,NC_037337.1,54959667,54959727,#ERROR!,Eutheria,Eutheria,No,1,,1,,,,,,,,,,,,,,,,,,,,,,
Bta-Mir-652,bta-mir-652,MIR-652,AUGGCGC,None,MIMAT0024578,NC_037357.1,58480905,58480966,#ERROR!,Eutheria,Eutheria,Yes,1,,1,,,,,,,,,,,,,,,,,,,,,,
Bta-Mir-653,bta-mir-653,MIR-653,GUUGAAA,MIMAT0009358,None,NC_037331.1,10822218,10822278,-,Eutheria,Eutheria,No,,,1,,,,,,,,,,,,,,,,,,,,,,
Bta-Mir-670,bta-mir-670,MIR-670,UUCCUCA,MIMAT0009364,None,NC_037342.1,73648237,73648300,#ERROR!,Eutheria,Eutheria,No,,,1,,,,,,,,,,,,,,,,,,,,,,
Bta-Mir-671,bta-mir-671,MIR-671,CCGGUUC,MIMAT0009365,None,NC_037331.1,113815922,113815981,#ERROR!,Theria,Theria,No,,,,,,,,,,,,,,,,,,,,,,,,,
Bta-Mir-744,bta-mir-744,MIR-744,GCGGGGC,MIMAT0009369,None,NC_037346.1,30697368,30697446,#ERROR!,Eutheria,Eutheria,No,1,,,,,,,,,,,,,,,,,,,,,,,,
Bta-Mir-760,bta-mir-760,MIR-760,GGCUCUG,MIMAT0009372,MIMAT0022951,NC_037330.1,49637583,49637640,-,Eutheria,Eutheria,No,1,,1,,,,,,,,,,,,,,,,,,,,,,
Bta-Mir-769,bta-mir-769,MIR-769,GAGACCU,MIMAT0009376,None,NC_037345.1,53513528,53513588,#ERROR!,Eutheria,Eutheria,No,,1,,,,,,,,,,,,,,,,,,,,,,,
Bta-Mir-873-v1,bta-mir-873,MIR-873,GCAGGAA,MIMAT0009377,None,NC_037335.1,15215608,15215666,#ERROR!,Mammalia,Mammalia,No,,,1,,,,,,,,,,,,,,,,,,,,,,
Bta-Mir-873-v2,bta-mir-873,MIR-873,CAGGAAC,MIMAT0009377,None,NC_037335.1,15215609,15215665,#ERROR!,Mammalia,Mammalia,No,,,1,,,,,,,,,,,,,,,,,,,,,,
Bta-Mir-874,bta-mir-874,MIR-874,UGCCCUG,None,MIMAT0009378,NC_037334.1,49091405,49091462,-,Eutheria,Eutheria,No,1,,1,,,,,,,,,,,,,,,,,,,,,,
Bta-Mir-875,bta-mir-875,MIR-875,AUACCUC,MIMAT0009379,None,NC_037341.1,64795370,64795426,#ERROR!,Vertebrata,Vertebrata,Unknown,,,1,,,,,,,,,,,,,,,,,,,,,,
Bta-Mir-876,bta-mir-876,MIR-876,GGUGGUU,MIMAT0009380,None,NC_037335.1,15239274,15239332,#ERROR!,Eutheria,Eutheria,No,1,,1,,,,,,,,,,,,,,,,,,,,,,
Bta-Mir-877,bta-mir-877,MIR-877,UAGAGGA,MIMAT0009381,None,NC_037350.1,28399546,28399630,-,Eutheria,Eutheria,Yes,,,,,,,,,,,,,,,,,,,,,,,,,
Bta-Mir-885,bta-mir-885,MIR-885,GGCAGCG,MIMAT0009382,None,NC_037349.1,54438300,54438353,-,Eutheria,Eutheria,No,,,,,,,,,,,,,,,,,,,,,,,,,
Bta-Mir-935-v1,bta-mir-935,MIR-935,AGUUACC,None,MIMAT0009385,NC_037345.1,61651413,61651472,#ERROR!,Eutheria,Eutheria,No,,,1,,,,,,,,,,,,,,,,,,,,,,
Bta-Mir-935-v2,bta-mir-935,MIR-935,CAGUUAC,None,MIMAT0009385,NC_037345.1,61651413,61651472,#ERROR!,Eutheria,Eutheria,No,,,1,,,,,,,,,,,,,,,,,,,,,,
Bta-Mir-1247,bta-mir-1247,MIR-1247,CCCGUCC,MIMAT0025549,MIMAT0025550,NC_037348.1,66493377,66493434,-,Eutheria,Eutheria,No,,,1,,,,,,,,,,,,,,,,,,,,,,
Bta-Mir-1249,bta-mir-1249,MIR-1249,CGCCCUU,None,MIMAT0009976,NC_037332.1,115620095,115620153,-,Eutheria,Eutheria,No,,,1,,,,,,,,,,,,,,,,,,,,,,
Bta-Mir-1251,bta-mir-1251,MIR-1251,CUCUAGC,MIMAT0009963,None,NC_037332.1,61701397,61701455,#ERROR!,Theria,Theria,Unknown,,,,,,,,,,,,,,,,,,,,,,,,,
Bta-Mir-1271,bta-mir-1271,MIR-1271,UUGGCAC,MIMAT0009975,None,NC_037334.1,37843340,37843397,#ERROR!,Eutheria,Eutheria,No,,,,,,,,,,,,,,,,,,,,,,,,,
Bta-Mir-1277,bta-mir-1277,MIR-1277,AUAUAUA,None,MIMAT0024569,NC_037357.1,2569970,2570027,#ERROR!,Eutheria,Eutheria,No,,1,1,,,,,,,,,,,,,,,,,,,,,,
Bta-Mir-1296,bta-mir-1296,MIR-1296,UAGGGCC,MIMAT0009964,None,NC_037355.1,19489854,19489918,-,Eutheria,Eutheria,No,,,1,,,,,,,,,,,,,,,,,,,,,,
Bta-Mir-1298,bta-mir-1298,MIR-1298,UCAUUCG,MIMAT0009970,None,NC_037357.1,63075823,63075896,#ERROR!,Eutheria,Eutheria,No,1,,1,,,,,,,,,,,,,,,,,,,,,,
Bta-Mir-1301,bta-mir-1301,MIR-1301,UGCAGCU,None,MIMAT0009958,NC_037338.1,73985200,73985257,#ERROR!,Eutheria,Eutheria,No,1,,1,,,,,,,,,,,,,,,,,,,,,,
Bta-Mir-1306,bta-mir-1306,MIR-1306,CACCUCC,MIMAT0009974,None,NC_037344.1,72976118,72976178,#ERROR!,Gnathostomata,Gnathostomata,Yes,,1,1,,,,,,,,,,,,,,,,,,,,,,
Bta-Mir-1307,bta-mir-1307,MIR-1307,CGACCGG,None,MIMAT0009969,NC_037353.1,23985877,23985938,-,Eutheria,Eutheria,No,,,,,,,,,,,,,,,,,,,,,,,,,
Bta-Mir-1329,None,MIR-1329,ACAGUGA,None,None,NC_037338.1,86909864,86909924,-,Vertebrata,Vertebrata,Unknown,,,1,,,,,,,,,,,,,,,,,,,,,,
Bta-Mir-1343,bta-mir-1343,MIR-1343,UCCUGGG,MIMAT0011839,MIMAT0011840,NC_037342.1,65460282,65460340,#ERROR!,Eutheria,Eutheria,No,,,1,,,,,,,,,,,,,,,,,,,,,,
Bta-Mir-1388,bta-mir-1388,MIR-1388,GGACUGU,MIMAT0013590,MIMAT0013591,NC_037340.1,53904040,53904100,#ERROR!,Gnathostomata,Gnathostomata,Yes,1,1,1,,,,,,,,,,,,,,,,,,,,,,
Bta-Mir-1842-v1,bta-mir-1842,MIR-1842,UGGCUCU,MIMAT0036969,None,NC_037352.1,1742695,1742755,-,Eutheria,Eutheria,No,1,,,,,,,,,,,,,,,,,,,,,,,,
Bta-Mir-1842-v2,bta-mir-1842,MIR-1842,GGCUCUG,MIMAT0036969,None,NC_037352.1,1742695,1742754,-,Eutheria,Eutheria,No,,,,,,,,,,,,,,,,,,,,,,,,,
Bta-Mir-1911,None,MIR-1911,GAGUACC,None,None,NC_037357.1,63096211,63096269,#ERROR!,Eutheria,Eutheria,Unknown,1,,1,,,,,,,,,,,,,,,,,,,,,,
Bta-Mir-1912,None,MIR-1912,ACCCAGA,None,None,NC_037357.1,62991615,62991669,#ERROR!,Eutheria,Eutheria,No,,,,,,,,,,,,,,,,,,,,,,,,,
Bta-Mir-2285-P1,bta-mir-2285bm,MIR-2285,AAAAACC,None,MIMAT0046624,NC_037343.1,19928659,19928716,-,B. taurus,B. taurus,Yes,,1,,,,,,,,,,,,,,,,,,,,,,,
Bta-Mir-2285-P2,bta-mir-2285bf-1,MIR-2285,AAACGUU,None,MIMAT0046382,NC_037333.1,92907304,92907363,#ERROR!,B. taurus,B. taurus,Yes,,,,,,,,,,,,,,,,,,,,,,,,,
Bta-Mir-2285-P3,bta-mir-2285k-3,MIR-2285,AAACCGG,None,MIMAT0024586,NC_037328.1,80280624,80280683,-,B. taurus,B. taurus,Yes,,,,,,,,,,,,,,,,,,,,,,,,,
Bta-Mir-2285-P4,bta-mir-2285ac,MIR-2285,GAAAGUU,None,MIMAT0030440,NC_037338.1,4553412,4553471,-,B. taurus,B. taurus,Yes,,,,,,,,,,,,,,,,,,,,,,,,,
Bta-Mir-2285-P5,bta-mir-2284z-2,MIR-2285,AAAAAGU,MIMAT0025559,None,NC_037338.1,21349237,21349294,-,B. taurus,B. taurus,Yes,,,,,,,,,,,,,,,,,,,,,,,,,
Bta-Mir-2285-P6,None,MIR-2285,AAAAGCU,None,None,NC_037346.1,50906938,50906997,-,B. taurus,B. taurus,Yes,,1,,,,,,,,,,,,,,,,,,,,,,,
Bta-Mir-2285-P7,bta-mir-2285aa,MIR-2285,AAAAAGU,None,MIMAT0030435,NC_037329.1,5273102,5273163,#ERROR!,B. taurus,B. taurus,Yes,,,1,,,,,,,,,,,,,,,,,,,,,,
Bta-Mir-2285-P8,bta-mir-2285k-5,MIR-2285,AAACCGG,None,MIMAT0024586,NC_037330.1,53401653,53401712,-,B. taurus,B. taurus,Yes,,,1,,,,,,,,,,,,,,,,,,,,,,
Bta-Mir-2285-P9,None,MIR-2285,AACUCGA,None,None,NC_037332.1,67851823,67851882,#ERROR!,B. taurus,B. taurus,Yes,1,,,,,,,,,,,,,,,,,,,,,,,,
Bta-Mir-2285-P10,None,MIR-2285,AAACCUG,None,None,NC_037333.1,46328888,46328946,#ERROR!,B. taurus,B. taurus,Yes,,,,,,,,,,,,,,,,,,,,,,,,,
Bta-Mir-2285-P11,bta-mir-2284w,MIR-2285,AAACCUC,MIMAT0017393,None,NC_037357.1,2800939,2800996,#ERROR!,B. taurus,B. taurus,Yes,,,1,,,,,,,,,,,,,,,,,,,,,,
Bta-Mir-2299,bta-mir-2299,MIR-2299,CUGGAUU,MIMAT0011807,MIMAT0011808,NC_037339.1,29635277,29635335,-,B. taurus,B. taurus,Yes,1,1,,,,,,,,,,,,,,,,,,,,,,,
Bta-Mir-2313,bta-mir-2313,MIR-2313,GUGCAGC,MIMAT0011829,MIMAT0011830,NC_037342.1,34091146,34091207,#ERROR!,B. taurus,B. taurus,Yes,,,,,,,,,,,,,,,,,,,,,,,,,
Bta-Mir-2320,bta-mir-2320,MIR-2320,CGAUGAU,MIMAT0011844,MIMAT0011845,NC_037343.1,49235913,49235974,#ERROR!,B. taurus,B. taurus,No,,1,,,,,,,,,,,,,,,,,,,,,,,
Bta-Mir-2328,bta-mir-2328,MIR-2328,CCCCCUC,MIMAT0011857,MIMAT0011858,NC_037345.1,39215927,39215988,#ERROR!,B. taurus,B. taurus,Unknown,1,1,,,,,,,,,,,,,,,,,,,,,,,
Bta-Mir-2330,bta-mir-2330,MIR-2330,GGGCUUG,MIMAT0011861,MIMAT0011862,NC_037345.1,55830885,55830945,-,B. taurus,B. taurus,No,,,,,,,,,,,,,,,,,,,,,,,,,
Bta-Mir-2331,bta-mir-2331,MIR-2331,GCUUCCG,MIMAT0011863,MIMAT0011864,NC_037346.1,14988935,14988999,#ERROR!,B. taurus,B. taurus,No,,1,,,,,,,,,,,,,,,,,,,,,,,
Bta-Mir-2336,bta-mir-2336,MIR-2336,UAACCGU,None,MIMAT0011869,NC_037346.1,22253986,22254043,#ERROR!,B. taurus,B. taurus,No,,1,,,,,,,,,,,,,,,,,,,,,,,
Bta-Mir-2355,bta-mir-2355,MIR-2355,CCCAGAU,MIMAT0011891,MIMAT0011892,NC_037329.1,95400113,95400175,-,Eutheria,Eutheria,No,,,,,,,,,,,,,,,,,,,,,,,,,
Bta-Mir-2367,bta-mir-2367,MIR-2367,CCCUGUA,MIMAT0011909,MIMAT0011910,NC_037349.1,11368936,11368994,#ERROR!,B. taurus,B. taurus,No,,,1,,,,,,,,,,,,,,,,,,,,,,
Bta-Mir-2373,bta-mir-2373,MIR-2373,GAGCCCG,MIMAT0011918,MIMAT0011919,NC_037349.1,56833157,56833213,#ERROR!,B. taurus,B. taurus,No,,,1,,,,,,,,,,,,,,,,,,,,,,
Bta-Mir-2382,bta-mir-2382,MIR-2382,GGGGAGU,MIMAT0011930,MIMAT0011931,NC_037352.1,1742949,1743007,-,B. taurus,B. taurus,Yes,,,,,,,,,,,,,,,,,,,,,,,,,
Bta-Mir-2387,bta-mir-2387,MIR-2387,GGAAGGC,MIMAT0011939,None,NC_037352.1,32930353,32930407,-,Boreoeutheria,Boreoeutheria,No,,,1,,,,,,,,,,,,,,,,,,,,,,
Bta-Mir-2388,bta-mir-2388,MIR-2388,GCUCCCG,MIMAT0011940,MIMAT0011941,NC_037352.1,34785323,34785381,-,B. taurus,B. taurus,No,,,1,,,,,,,,,,,,,,,,,,,,,,
Bta-Mir-2408,bta-mir-2408,MIR-2408,ACGUGUG,None,MIMAT0011966,NC_037356.1,44875075,44875131,-,B. taurus,B. taurus,Yes,1,,,,,,,,,,,,,,,,,,,,,,,,
Bta-Mir-2461,bta-mir-2461,MIR-2461,CACUCUG,MIMAT0012047,MIMAT0012048,NC_037334.1,61885762,61885818,#ERROR!,B. taurus,B. taurus,No,,,1,,,,,,,,,,,,,,,,,,,,,,
Bta-Mir-2468,bta-mir-2468,MIR-2468,UAGGAAC,MIMAT0012058,None,NC_037335.1,5823342,5823402,#ERROR!,B. taurus,B. taurus,No,,,,,,,,,,,,,,,,,,,,,,,,,
Bta-Mir-2471,bta-mir-2471,MIR-2471,AGGAUCU,MIMAT0012061,MIMAT0012062,NC_037335.1,40311808,40311869,#ERROR!,B. taurus,B. taurus,No,,,,,,,,,,,,,,,,,,,,,,,,,
Bta-Mir-2475,bta-mir-2475,MIR-2475,CUUCAGG,None,MIMAT0012066,NC_037335.1,81616377,81616437,#ERROR!,B. taurus,B. taurus,No,,,,,,,,,,,,,,,,,,,,,,,,,
Bta-Mir-2483,bta-mir-2483,MIR-2483,GUCAACC,MIMAT0012075,MIMAT0012076,NC_037357.1,9571642,9571697,-,Eutheria,Eutheria,No,1,,,,,,,,,,,,,,,,,,,,,,,,
Bta-Mir-3059,None,MIR-3059,UUCCUCU,None,None,NC_037332.1,16452780,16452837,-,Eutheria,Eutheria,Unknown,,,,,,,,,,,,,,,,,,,,,,,,,
Bta-Mir-3085,None,MIR-3085,CUGGCUG,None,None,NC_037353.1,19015686,19015746,-,Eutheria,Eutheria,Yes,,,1,,,,,,,,,,,,,,,,,,,,,,
Bta-Mir-3431,bta-mir-3431,MIR-3431,CUCAGUC,MIMAT0017394,None,NC_037357.1,34445022,34445083,-,B. taurus,B. taurus,No,,,1,,,,,,,,,,,,,,,,,,,,,,
Bta-Mir-3432,bta-mir-3432a-2,MIR-3432,GCGGGAU,MIMAT0017396,None,NC_037352.1,33897408,33897467,-,B. taurus,B. taurus,No,,1,,,,,,,,,,,,,,,,,,,,,,,
Bta-Mir-3613,bta-mir-3613a,MIR-3613,GUUGUAC,MIMAT0024574,None,NC_037339.1,19447849,19447907,-,Theria,Theria,No,,,1,,,,,,,,,,,,,,,,,,,,,,
Bta-Mir-3660,bta-mir-3660,MIR-3660,CUGACAG,None,MIMAT0025555,NC_037334.1,89558112,89558171,-,B. taurus,B. taurus,No,,,1,,,,,,,,,,,,,,,,,,,,,,
Bta-Mir-3956-v1,bta-mir-3956,MIR-3956,UACGUGG,MIMAT0025544,None,NC_037348.1,65932749,65932833,#ERROR!,B. taurus,B. taurus,No,,,,,,,,,,,,,,,,,,,,,,,,,
Bta-Mir-3956-v2,bta-mir-3956,MIR-3956,ACGUGGA,MIMAT0025544,None,NC_037348.1,65932750,65932832,#ERROR!,B. taurus,B. taurus,No,,,,,,,,,,,,,,,,,,,,,,,,,
Bta-Mir-3957,bta-mir-3957,MIR-3957,CGCACAG,MIMAT0025548,None,NC_037348.1,65953387,65953445,#ERROR!,B. taurus,B. taurus,No,,,1,,,,,,,,,,,,,,,,,,,,,,
Bta-Mir-6119,bta-mir-6119,MIR-6119,GAGGUAA,MIMAT0024588,MIMAT0024589,NC_037357.1,4150900,4150963,-,B. taurus,B. taurus,No,,,,,,,,,,,,,,,,,,,,,,,,,
Bta-Mir-6525,bta-mir-6525,MIR-6525,UGGGGAA,MIMAT0025554,None,NC_037331.1,113652717,113652776,-,B. taurus,B. taurus,No,,,,,,,,,,,,,,,,,,,,,,,,,
Bta-Mir-6529,bta-mir-6529a,MIR-6529,AGAGAUC,MIMAT0025565,None,NC_037328.1,64851612,64851672,-,Eutheria,Eutheria,No,,,1,,,,,,,,,,,,,,,,,,,,,,
Bta-Mir-6715,None,MIR-6715,CAAACCA,None,None,NC_037353.1,32830993,32831050,#ERROR!,Eutheria,Eutheria,No,,,1,,,,,,,,,,,,,,,,,,,,,,
Bta-Mir-7180,None,MIR-7180,GUGGCCU,None,None,NC_037343.1,32263798,32263855,-,Eutheria,Eutheria,Yes,1,,,,,,,,,,,,,,,,,,,,,,,,
Bta-Mir-7858,bta-mir-7858,MIR-7858,AGGAUUU,None,MIMAT0030433,NC_037347.1,10263064,10263122,-,B. taurus,B. taurus,No,,,1,,,,,,,,,,,,,,,,,,,,,,
Bta-Mir-7859,bta-mir-7859,MIR-7859,AAAACUG,None,MIMAT0030434,NC_037337.1,85267238,85267295,#ERROR!,B. taurus,B. taurus,No,1,,1,,,,,,,,,,,,,,,,,,,,,,
Bta-Mir-7861-v1,bta-mir-7861,MIR-7861,CACUCAG,None,MIMAT0030441,NC_037340.1,13066646,13066703,-,B. taurus,B. taurus,No,,,,,,,,,,,,,,,,,,,,,,,,,
Bta-Mir-7861-v2,bta-mir-7861,MIR-7861,ACACUCA,None,MIMAT0030441,NC_037340.1,13066645,13066704,-,B. taurus,B. taurus,Unknown,1,,1,,,,,,,,,,,,,,,,,,,,,,
Bta-Mir-7862,bta-mir-7862,MIR-7862,ACAGCUC,None,MIMAT0030442,NC_037336.1,60574890,60574953,-,B. taurus,B. taurus,No,,,1,,,,,,,,,,,,,,,,,,,,,,
Bta-Mir-9851,None,MIR-9851,GGCACCA,None,None,NC_037353.1,37221499,37221555,-,Eutheria,Eutheria,No,,,1,,,,,,,,,,,,,,,,,,,,,,
Bta-Mir-10182,bta-mir-10182,MIR-10182,CGGCCCG,MIMAT0040940,MIMAT0040941,NC_037328.1,74829785,74829844,#ERROR!,B. taurus,B. taurus,No,,,1,,,,,,,,,,,,,,,,,,,,,,
Bta-Mir-11968-P1,bta-mir-11986b,MIR-11968,UUUCCAA,MIMAT0046621,None,NC_037347.1,10264042,10264099,-,B. taurus,B. taurus,No,,,,,,,,,,,,,,,,,,,,,,,,,
Bta-Mir-11968-P2,bta-mir-11986c,MIR-11968,AACUGAG,None,MIMAT0046638,NC_037357.1,37488593,37488652,-,B. taurus,B. taurus,No,,,,,,,,,,,,,,,,,,,,,,,,,
Bta-Mir-11989,bta-mir-11989,MIR-11989,CCCAGGG,MIMAT0046628,None,NC_037337.1,20965616,20965670,#ERROR!,B. taurus,B. taurus,Unknown,,,,,,,,,,,,,,,,,,,,,,,,,
Bta-Mir-11995,bta-mir-11995,MIR-11995,UAGCAGA,MIMAT0046648,None,NC_037348.1,2254585,2254643,#ERROR!,B. taurus,B. taurus,No,,,1,,,,,,,,,,,,,,,,,,,,,,
Bta-Novel-1,None,BTA-NOVEL-1,UCUGAGA,None,None,NC_037329.1,4721963,4722025,#ERROR!,B. taurus,B. taurus,No,,,,,,,,,,,,,,,,,,,,,,,,,
Bta-Novel-2,None,BTA-NOVEL-2,CUGGUGG,None,None,NC_037355.1,33236705,33236762,-,B. taurus,B. taurus,No,,,,,,,,,,,,,,,,,,,,,,,,,