MirGeneDB ID â–²,MiRBase ID,Family,Seed,5p accession,3p accession,Chromosome,Start,End,Strand,Node of origin (locus),Node of origin (family),3' NTU,UG,UGUG,CNNC,Bl,Ce,Co,He,Hy,Ki,Ki,Li,Lu,Ov,Sk,Te,Te
Cfa-Let-7-P1b,cfa-let-7e,LET-7,GAGGUAG,MIMAT0006608,None,chr1,105400740,105400806,-,Gnathostomata,Bilateria,No,,,,,,,,,,,,,,,,
Cfa-Let-7-P1c,cfa-let-7c,LET-7,GAGGUAG,MIMAT0006669,None,chr31,13259522,13259588,#ERROR!,Gnathostomata,Bilateria,No,,,1,,,,,,,,,,,,,
Cfa-Let-7-P1d,cfa-let-7a-2,LET-7,GAGGUAG,MIMAT0006594,None,chr5,12052802,12052868,#ERROR!,Gnathostomata,Bilateria,No,,,1,,,,,,,,,,,,,
Cfa-Let-7-P2a1,None,LET-7,GAGGUAG,None,None,chr1,97904315,97904386,-,Gnathostomata,Bilateria,Yes,,,,,,,,,,,,,,,,
Cfa-Let-7-P2a2,cfa-let-7a-1,LET-7,GAGGUAG,MIMAT0006594,None,chr10,20034320,20034387,-,Gnathostomata,Bilateria,Yes,,,,,,,,,,,,,,,,
Cfa-Let-7-P2a3,None,LET-7,GAGGUAG,None,None,chrX,45254537,45254607,-,Gnathostomata,Bilateria,Yes,,,1,,,,,,,,,,,,,
Cfa-Let-7-P2b1,cfa-let-7f,LET-7,GAGGUAG,MIMAT0006610,None,chr1,97903932,97904008,-,Gnathostomata,Bilateria,Yes,,1,1,,,,,,,,,,,,,
Cfa-Let-7-P2b2,cfa-let-7b,LET-7,GAGGUAG,MIMAT0009836,None,chr10,20033392,20033467,-,Gnathostomata,Bilateria,Yes,,,,,,,,,,,,,,,,
Cfa-Let-7-P2b3,cfa-mir-98,LET-7,GAGGUAG,MIMAT0006756,None,chrX,45253694,45253772,-,Gnathostomata,Bilateria,Yes,1,1,,,,,,,,,,,,,,
Cfa-Let-7-P2c1,cfa-let-7d,LET-7,GAGGUAG,None,MIMAT0034396,chr1,97902046,97902120,-,Gnathostomata,Bilateria,Yes,,,1,,,,,,,,,,,,,
Cfa-Let-7-P2c2,None,LET-7,GAGGUAG,None,None,WIGL01283032.1,159,235,-,Gnathostomata,Bilateria,Yes,,,1,,,,,,,,,,,,,
Cfa-Let-7-P2c3,cfa-let-7g,LET-7,GAGGUAG,MIMAT0006637,None,chr20,37501074,37501151,#ERROR!,Gnathostomata,Bilateria,Yes,,,1,,,,,,,,,,,,,
Cfa-Mir-1-P1,cfa-mir-1-2,MIR-1,GGAAUGU,None,MIMAT0006656,chr7,66214379,66214439,#ERROR!,Gnathostomata,Bilateria,No,,,1,,,,,,,,,,,,,
Cfa-Mir-1-P2,cfa-mir-206,MIR-1,GGAAUGU,None,MIMAT0006606,chr12,19805523,19805582,#ERROR!,Gnathostomata,Bilateria,No,1,,1,,,,,,,,,,,,,
Cfa-Mir-1-P3,cfa-mir-1-1,MIR-1,GGAAUGU,None,MIMAT0006656,chr24,46481077,46481137,#ERROR!,Gnathostomata,Bilateria,No,,,1,,,,,,,,,,,,,
Cfa-Mir-7-P1,cfa-mir-7-2,MIR-7,GGAAGAC,MIMAT0006634,None,chr3,51802454,51802515,#ERROR!,Gnathostomata,Bilateria,No,1,,1,,,,,,,,,,,,,
Cfa-Mir-7-P2,cfa-mir-7-1,MIR-7,GGAAGAC,MIMAT0006634,None,chr1,75509765,75509828,#ERROR!,Gnathostomata,Bilateria,No,,,1,,,,,,,,,,,,,
Cfa-Mir-7-P4,cfa-mir-7-3,MIR-7,GGAAGAC,MIMAT0006634,None,chr20,54993205,54993263,-,Gnathostomata,Bilateria,No,,,1,,,,,,,,,,,,,
Cfa-Mir-8-P1a,cfa-mir-200b,MIR-8,AAUACUG,MIMAT0009864,None,chr5,56368408,56368466,#ERROR!,Vertebrata,Bilateria,No,,,1,,,,,,,,,,,,,
Cfa-Mir-8-P1b,cfa-mir-200c,MIR-8,AAUACUG,None,MIMAT0006664,chr27,38082097,38082159,-,Vertebrata,Bilateria,No,1,1,1,,,,,,,,,,,,,
Cfa-Mir-8-P2a,cfa-mir-200a,MIR-8,AACACUG,MIMAT0009865,None,chr5,56369078,56369138,#ERROR!,Vertebrata,Bilateria,No,1,,1,,,,,,,,,,,,,
Cfa-Mir-8-P2b,cfa-mir-141,MIR-8,AACACUG,None,MIMAT0009876,chr27,38081675,38081739,-,Vertebrata,Bilateria,No,,,1,,,,,,,,,,,,,
Cfa-Mir-8-P3a,cfa-mir-429,MIR-8,AAUACUG,None,MIMAT0001539,chr5,56370524,56370582,#ERROR!,Vertebrata,Bilateria,No,,,1,,,,,,,,,,,,,
Cfa-Mir-9-P1,cfa-mir-9-3,MIR-9,CUUUGGU,MIMAT0006674,None,chr3,52410840,52410901,#ERROR!,Gnathostomata,Bilateria,No,,1,1,,,,,,,,,,,,,
Cfa-Mir-9-P2,cfa-mir-9-2,MIR-9,CUUUGGU,MIMAT0006674,None,chr3,19997697,19997756,#ERROR!,Gnathostomata,Bilateria,No,,1,1,,,,,,,,,,,,,
Cfa-Mir-9-P3,cfa-mir-9-1,MIR-9,CUUUGGU,MIMAT0006674,None,chr7,41509404,41509465,#ERROR!,Gnathostomata,Bilateria,No,,1,1,,,,,,,,,,,,,
Cfa-Mir-10-P1b-v1,cfa-mir-10b,MIR-10,ACCCUGU,MIMAT0009837,None,chr36,19958930,19958991,#ERROR!,Gnathostomata,Eumetazoa,No,,1,1,,,,,,,,,,,,,
Cfa-Mir-10-P1b-v2,cfa-mir-10b,MIR-10,CCCUGUA,MIMAT0009837,None,chr36,19958931,19958990,#ERROR!,Gnathostomata,Eumetazoa,No,,,,,,,,,,,,,,,,
Cfa-Mir-10-P1c-v1,cfa-mir-10a,MIR-10,ACCCUGU,MIMAT0006737,None,chr9,24842171,24842233,-,Gnathostomata,Eumetazoa,No,,,1,,,,,,,,,,,,,
Cfa-Mir-10-P1c-v2,cfa-mir-10a,MIR-10,CCCUGUA,MIMAT0006737,None,chr9,24842172,24842232,-,Gnathostomata,Eumetazoa,No,1,,,,,,,,,,,,,,,
Cfa-Mir-10-P2b,cfa-mir-99b,MIR-10,ACCCGUA,MIMAT0006607,None,chr1,105400925,105400984,-,Gnathostomata,Eumetazoa,Yes,1,,,,,,,,,,,,,,,
Cfa-Mir-10-P2c,cfa-mir-99a-1,MIR-10,ACCCGUA,MIMAT0006668,None,chr31,13258782,13258840,#ERROR!,Gnathostomata,Eumetazoa,Yes,1,1,,,,,,,,,,,,,,
Cfa-Mir-10-P2d,cfa-mir-99a-2,MIR-10,ACCCGUA,MIMAT0006668,None,chr5,12047369,12047425,#ERROR!,Gnathostomata,Eumetazoa,No,,1,,,,,,,,,,,,,,
Cfa-Mir-10-P3b,cfa-mir-125a,MIR-10,CCCUGAG,MIMAT0006609,None,chr1,105400273,105400332,-,Gnathostomata,Eumetazoa,No,1,,1,,,,,,,,,,,,,
Cfa-Mir-10-P3c,cfa-mir-125b-2,MIR-10,CCCUGAG,MIMAT0006670,None,chr31,13304980,13305040,#ERROR!,Gnathostomata,Eumetazoa,No,,,1,,,,,,,,,,,,,
Cfa-Mir-10-P3d,cfa-mir-125b-1,MIR-10,CCCUGAG,MIMAT0006670,None,chr5,12097672,12097733,#ERROR!,Gnathostomata,Eumetazoa,No,1,1,1,,,,,,,,,,,,,
Cfa-Mir-15-P1a,cfa-mir-15a,MIR-15,AGCAGCA,MIMAT0006647,None,chr22,1846880,1846938,#ERROR!,Gnathostomata,Olfactores,No,,,,,,,,,,,,,,,,
Cfa-Mir-15-P1b,cfa-mir-15b,MIR-15,AGCAGCA,MIMAT0006676,None,chr34,26460663,26460722,#ERROR!,Gnathostomata,Olfactores,No,,,,,,,,,,,,,,,,
Cfa-Mir-15-P1c,cfa-mir-424,MIR-15,AGCAGCA,None,MIMAT0006745,chrX,105183436,105183494,-,Gnathostomata,Olfactores,No,,1,,,,,,,,,,,,,,
Cfa-Mir-15-P1d,cfa-mir-497,MIR-15,AGCAGCA,MIMAT0006691,None,chr5,32045764,32045825,-,Gnathostomata,Olfactores,No,,,1,,,,,,,,,,,,,
Cfa-Mir-15-P2a,cfa-mir-16-1,MIR-15,AGCAGCA,MIMAT0006648,None,chr22,1847020,1847084,#ERROR!,Gnathostomata,Olfactores,No,1,,1,,,,,,,,,,,,,
Cfa-Mir-15-P2b,cfa-mir-16-2,MIR-15,AGCAGCA,MIMAT0006648,None,chr34,26460807,26460871,#ERROR!,Gnathostomata,Olfactores,No,,,1,,,,,,,,,,,,,
Cfa-Mir-15-P2c,cfa-mir-503,MIR-15,AGCAGCG,MIMAT0006746,None,chrX,105183139,105183201,-,Gnathostomata,Olfactores,No,,,1,,,,,,,,,,,,,
Cfa-Mir-15-P2d,cfa-mir-195,MIR-15,AGCAGCA,MIMAT0006692,None,chr5,32045450,32045510,-,Gnathostomata,Olfactores,No,,,1,,,,,,,,,,,,,
Cfa-Mir-17-P1a,cfa-mir-17,MIR-17,AAAGUGC,None,MIMAT0006649,chr22,42478013,42478072,#ERROR!,Gnathostomata,Vertebrata,No,,,1,,,,,,,,,,,,,
Cfa-Mir-17-P1c,cfa-mir-106a,MIR-17,AAAGUGC,MIMAT0006749,None,chrX,104896517,104896575,-,Gnathostomata,Vertebrata,No,,,,,,,,,,,,,,,,
Cfa-Mir-17-P1d,cfa-mir-106b,MIR-17,AAAGUGC,MIMAT0006695,None,chr6,9498558,9498617,#ERROR!,Gnathostomata,Vertebrata,No,,,1,,,,,,,,,,,,,
Cfa-Mir-17-P2a,cfa-mir-18a,MIR-17,AAGGUGC,MIMAT0009832,None,chr22,42478151,42478215,#ERROR!,Gnathostomata,Vertebrata,No,,,1,,,,,,,,,,,,,
Cfa-Mir-17-P2c,cfa-mir-18b,MIR-17,AAGGUGC,MIMAT0009831,None,chrX,104896344,104896408,-,Gnathostomata,Vertebrata,No,,,1,,,,,,,,,,,,,
Cfa-Mir-17-P4a,cfa-mir-20a,MIR-17,AAAGUGC,MIMAT0006651,None,chr22,42478462,42478520,#ERROR!,Gnathostomata,Vertebrata,No,,1,1,,,,,,,,,,,,,
Cfa-Mir-17-P4c,cfa-mir-20b,MIR-17,AAAGUGC,MIMAT0009830,None,chrX,104896094,104896154,-,Gnathostomata,Vertebrata,No,,,,,,,,,,,,,,,,
Cfa-Mir-17-P4d,cfa-mir-93,MIR-17,AAAGUGC,MIMAT0006696,None,chr6,9498780,9498841,#ERROR!,Gnathostomata,Vertebrata,No,,1,1,,,,,,,,,,,,,
Cfa-Mir-19-P1a,cfa-mir-19a,MIR-19,GUGCAAA,None,MIMAT0006650,chr22,42478298,42478355,#ERROR!,Gnathostomata,Vertebrata,No,1,,1,,,,,,,,,,,,,
Cfa-Mir-19-P2a,cfa-mir-19b-1,MIR-19,GUGCAAA,None,MIMAT0006652,chr22,42478597,42478657,#ERROR!,Gnathostomata,Vertebrata,No,,1,,,,,,,,,,,,,,
Cfa-Mir-19-P2c,cfa-mir-19b-2,MIR-19,GUGCAAA,None,MIMAT0006652,chrX,104895961,104896026,-,Gnathostomata,Vertebrata,No,1,,,,,,,,,,,,,,,
Cfa-Mir-21,cfa-mir-21,MIR-21,AGCUUAU,MIMAT0006741,None,chr9,34340550,34340609,#ERROR!,Vertebrata,Vertebrata,No,,,,,,,,,,,,,,,,
Cfa-Mir-22-P1b,cfa-mir-22,MIR-22,AGCUGCC,None,MIMAT0006733,chr9,45852534,45852593,-,Vertebrata,Bilateria,No,,1,1,,,,,,,,,,,,,
Cfa-Mir-23-P2,cfa-mir-23b,MIR-23,UCACAUU,None,MIMAT0006612,chr1,71678349,71678408,-,Gnathostomata,Vertebrata,Yes,1,1,1,,,,,,,,,,,,,
Cfa-Mir-23-P3,cfa-mir-23a,MIR-23,UCACAUU,None,MIMAT0006640,chr20,48620332,48620390,#ERROR!,Gnathostomata,Vertebrata,No,1,,1,,,,,,,,,,,,,
Cfa-Mir-24-P2,cfa-mir-24-1,MIR-24,GGCUCAG,None,MIMAT0006614,chr1,71677609,71677668,-,Gnathostomata,Vertebrata,Yes,,,,,,,,,,,,,,,,
Cfa-Mir-24-P3,cfa-mir-24-2,MIR-24,GGCUCAG,None,MIMAT0006614,chr20,48620685,48620744,#ERROR!,Gnathostomata,Vertebrata,Yes,,,,,,,,,,,,,,,,
Cfa-Mir-26-P1,cfa-mir-26a-1,MIR-26,UCAAGUA,MIMAT0006595,None,chr23,7747073,7747133,#ERROR!,Gnathostomata,Vertebrata,No,,1,,,,,,,,,,,,,,
Cfa-Mir-26-P2,cfa-mir-26b,MIR-26,UCAAGUA,MIMAT0006678,None,chr37,25054488,25054544,#ERROR!,Gnathostomata,Vertebrata,No,1,1,1,,,,,,,,,,,,,
Cfa-Mir-26-P4,cfa-mir-26a-2,MIR-26,UCAAGUA,MIMAT0006595,None,chr10,1880513,1880572,-,Gnathostomata,Vertebrata,No,,,1,,,,,,,,,,,,,
Cfa-Mir-27-P2,cfa-mir-27b,MIR-27,UCACAGU,None,MIMAT0006613,chr1,71678117,71678179,-,Gnathostomata,Vertebrata,No,,1,,,,,,,,,,,,,,
Cfa-Mir-27-P3,cfa-mir-27a,MIR-27,UCACAGU,None,MIMAT0006641,chr20,48620555,48620616,#ERROR!,Gnathostomata,Vertebrata,No,,,1,,,,,,,,,,,,,
Cfa-Mir-28-P1,cfa-mir-28,MIR-28,AGGAGCU,None,MIMAT0006675,chr34,20971517,20971578,#ERROR!,Eutheria,Eutheria,No,,,1,,,,,,,,,,,,,
Cfa-Mir-28-P2,cfa-mir-151,MIR-28,CGAGGAG,MIMAT0006615,None,chr13,35353689,35353744,-,Eutheria,Eutheria,No,,1,1,,,,,,,,,,,,,
Cfa-Mir-28-P3,cfa-mir-708,MIR-28,AGGAGCU,MIMAT0006643,None,chr21,19542577,19542645,#ERROR!,Eutheria,Eutheria,No,1,,,,,,,,,,,,,,,
Cfa-Mir-29-P1b-v1,cfa-mir-29b-1,MIR-29,AGCACCA,None,MIMAT0006625,chr14,6184458,6184521,#ERROR!,Gnathostomata,Bilateria,No,,,1,,,,,,,,,,,,,
Cfa-Mir-29-P1b-v2,cfa-mir-29b-1,MIR-29,UAGCACC,None,MIMAT0006625,chr14,6184459,6184520,#ERROR!,Gnathostomata,Bilateria,No,,,1,,,,,,,,,,,,,
Cfa-Mir-29-P1d-v1,cfa-mir-29b-2,MIR-29,AGCACCA,None,MIMAT0006625,chr7,6651878,6651942,-,Gnathostomata,Bilateria,No,,,1,,,,,,,,,,,,,
Cfa-Mir-29-P1d-v2,cfa-mir-29b-2,MIR-29,UAGCACC,None,MIMAT0006625,chr7,6651879,6651941,-,Gnathostomata,Bilateria,No,,,1,,,,,,,,,,,,,
Cfa-Mir-29-P2b,cfa-mir-29a,MIR-29,AGCACCA,None,MIMAT0006626,chr14,6184844,6184903,#ERROR!,Gnathostomata,Bilateria,No,,,1,,,,,,,,,,,,,
Cfa-Mir-29-P2d7,cfa-mir-29c-1,MIR-29,AGCACCA,None,MIMAT0006705,chr7,6651339,6651396,-,C. familiaris,Bilateria,No,,,1,,,,,,,,,,,,,
Cfa-Mir-29-P2d8,None,MIR-29,AGCACCA,None,None,chr7,6588010,6588067,-,C. familiaris,Bilateria,No,,,1,,,,,,,,,,,,,
Cfa-Mir-30-P1a,cfa-mir-30d,MIR-30,GUAAACA,MIMAT0006616,None,chr13,30910306,30910365,-,Gnathostomata,Vertebrata,No,,,1,,,,,,,,,,,,,
Cfa-Mir-30-P1b,cfa-mir-30a,MIR-30,GUAAACA,MIMAT0006604,None,chr12,33783894,33783956,-,Gnathostomata,Vertebrata,No,1,1,1,,,,,,,,,,,,,
Cfa-Mir-30-P1d,cfa-mir-30e,MIR-30,GUAAACA,None,MIMAT0006627,chr15,2283306,2283369,-,Gnathostomata,Vertebrata,No,,,,,,,,,,,,,,,,
Cfa-Mir-30-P2a,cfa-mir-30b,MIR-30,GUAAACA,MIMAT0006617,None,chr13,30906038,30906097,-,Gnathostomata,Vertebrata,No,,,1,,,,,,,,,,,,,
Cfa-Mir-30-P2b,cfa-mir-30c-2,MIR-30,GUAAACA,MIMAT0006605,None,chr12,33757899,33757960,-,Gnathostomata,Vertebrata,No,1,1,1,,,,,,,,,,,,,
Cfa-Mir-30-P2d,cfa-mir-30c-1,MIR-30,GUAAACA,MIMAT0006605,None,chr15,2280050,2280110,-,Gnathostomata,Vertebrata,No,,1,1,,,,,,,,,,,,,
Cfa-Mir-31,cfa-mir-31,MIR-31,GGCAAGA,MIMAT0006599,None,chr11,40904438,40904496,-,Bilateria,Bilateria,No,,,1,,,,,,,,,,,,,
Cfa-Mir-32,cfa-mir-32,MIR-32,AUUGCAC,MIMAT0006597,None,chr11,64197130,64197191,-,Gnathostomata,Gnathostomata,No,1,1,,,,,,,,,,,,,,
Cfa-Mir-33-P1,cfa-mir-33b,MIR-33,UGCAUUG,MIMAT0009862,None,chr5,41685180,41685238,#ERROR!,Gnathostomata,Bilateria,No,,,1,,,,,,,,,,,,,
Cfa-Mir-33-P3,cfa-mir-33a,MIR-33,UGCAUUG,MIMAT0006593,None,chr10,23456613,23456673,-,Gnathostomata,Bilateria,Yes,,1,1,,,,,,,,,,,,,
Cfa-Mir-34-P1,cfa-mir-34a,MIR-34,GGCAGUG,MIMAT0006690,None,chr5,62485832,62485897,-,Gnathostomata,Bilateria,No,1,1,,,,,,,,,,,,,,
Cfa-Mir-34-P2a,cfa-mir-34b,MIR-34,GGCAGUG,MIMAT0009838,None,chr5,21558697,21558755,-,Gnathostomata,Bilateria,No,,,1,,,,,,,,,,,,,
Cfa-Mir-34-P2b,cfa-mir-34c,MIR-34,GGCAGUG,MIMAT0006693,None,chr5,21558106,21558160,-,Gnathostomata,Bilateria,No,1,,1,,,,,,,,,,,,,
Cfa-Mir-34-P3b,cfa-mir-449b,MIR-34,GGCAGUG,None,MIMAT0034406,chr2,42542085,42542145,-,Gnathostomata,Bilateria,Yes,,,1,,,,,,,,,,,,,
Cfa-Mir-34-P3c,cfa-mir-449a,MIR-34,GGCAGUG,MIMAT0001544,None,chr2,42541963,42542024,-,Gnathostomata,Bilateria,No,,,,,,,,,,,,,,,,
Cfa-Mir-92-P1a,cfa-mir-92a-1,MIR-92,AUUGCAC,None,MIMAT0006653,chr22,42478714,42478772,#ERROR!,Gnathostomata,Bilateria,No,,1,,,,,,,,,,,,,,
Cfa-Mir-92-P1c,cfa-mir-92a-2,MIR-92,AUUGCAC,None,MIMAT0006653,chrX,104895826,104895886,-,Gnathostomata,Bilateria,No,,1,,,,,,,,,,,,,,
Cfa-Mir-92-P1d,cfa-mir-92b,MIR-92,AUUGCAC,None,MIMAT0006703,chr7,42338480,42338542,-,Gnathostomata,Bilateria,No,,,1,,,,,,,,,,,,,
Cfa-Mir-92-P2a,cfa-mir-367,MIR-92,AUUGCAC,MIMAT0009859,None,chr32,32428908,32428967,-,Gnathostomata,Bilateria,No,,,1,,,,,,,,,,,,,
Cfa-Mir-92-P2c,cfa-mir-363,MIR-92,AUUGCAC,None,MIMAT0006750,chrX,104895658,104895722,-,Gnathostomata,Bilateria,No,1,,,,,,,,,,,,,,,
Cfa-Mir-92-P2d,cfa-mir-25,MIR-92,AUUGCAC,None,MIMAT0006697,chr6,9498993,9499051,#ERROR!,Gnathostomata,Bilateria,No,1,,1,,,,,,,,,,,,,
Cfa-Mir-95-P1,cfa-mir-95,MIR-95,UCAACGG,None,MIMAT0009878,chr3,59867532,59867588,-,Eutheria,Eutheria,No,,,,,,,,,,,,,,,,
Cfa-Mir-95-P2,cfa-mir-421,MIR-95,UCAACAG,None,MIMAT0006755,chrX,57550054,57550110,-,Eutheria,Eutheria,No,1,,,,,,,,,,,,,,,
Cfa-Mir-95-P3-v1,cfa-mir-545,MIR-95,CAACAAA,MIMAT0009911,None,chrX,57590222,57590284,-,Eutheria,Eutheria,No,,,,,,,,,,,,,,,,
Cfa-Mir-95-P3-v2,cfa-mir-545,MIR-95,UCAACAA,MIMAT0009911,None,chrX,57590223,57590282,-,Eutheria,Eutheria,No,,,1,,,,,,,,,,,,,
Cfa-Mir-95-P4,None,MIR-95,AAGUCUU,None,None,chrX,87401652,87401714,#ERROR!,Eutheria,Eutheria,No,,,,,,,,,,,,,,,,
Cfa-Mir-96-P1,cfa-mir-96,MIR-96,UUGGCAC,MIMAT0009861,None,chr14,7068767,7068830,#ERROR!,Bilateria,Bilateria,No,,1,1,,,,,,,,,,,,,
Cfa-Mir-96-P2,cfa-mir-182,MIR-96,UUGGCAA,MIMAT0009841,None,chr14,7072722,7072786,#ERROR!,Bilateria,Bilateria,No,1,,,,,,,,,,,,,,,
Cfa-Mir-96-P3-v1,cfa-mir-183,MIR-96,AUGGCAC,MIMAT0006621,None,chr14,7068542,7068603,#ERROR!,Bilateria,Bilateria,Yes,,1,1,,,,,,,,,,,,,
Cfa-Mir-96-P3-v2,cfa-mir-183,MIR-96,UGGCACU,MIMAT0006621,None,chr14,7068543,7068602,#ERROR!,Bilateria,Bilateria,No,,,1,,,,,,,,,,,,,
Cfa-Mir-101-P1-v1,cfa-mir-101-1,MIR-101,ACAGUAC,None,MIMAT0006600,chr5,45184772,45184830,#ERROR!,Vertebrata,Vertebrata,No,,1,1,,,,,,,,,,,,,
Cfa-Mir-101-P1-v2,cfa-mir-101-1,MIR-101,UACAGUA,None,MIMAT0006600,chr5,45184773,45184829,#ERROR!,Vertebrata,Vertebrata,No,,,,,,,,,,,,,,,,
Cfa-Mir-101-P2-v1,cfa-mir-101-2,MIR-101,ACAGUAC,None,MIMAT0006600,chr1,93194326,93194384,#ERROR!,Vertebrata,Vertebrata,No,1,,,,,,,,,,,,,,,
Cfa-Mir-101-P2-v2,cfa-mir-101-2,MIR-101,UACAGUA,None,MIMAT0006600,chr1,93194327,93194383,#ERROR!,Vertebrata,Vertebrata,No,,,,,,,,,,,,,,,,
Cfa-Mir-103-P1,cfa-mir-107,MIR-103,GCAGCAU,None,MIMAT0006666,chr28,4484651,4484710,-,Gnathostomata,Deuterostomia,No,,,1,,,,,,,,,,,,,
Cfa-Mir-103-P2,cfa-mir-103-2,MIR-103,GCAGCAU,None,MIMAT0006687,chr24,17468361,17468420,-,Gnathostomata,Deuterostomia,No,,,1,,,,,,,,,,,,,
Cfa-Mir-103-P4,cfa-mir-103-1,MIR-103,GCAGCAU,None,MIMAT0006687,chr4,43182878,43182937,#ERROR!,Gnathostomata,Deuterostomia,No,,,1,,,,,,,,,,,,,
Cfa-Mir-105-P1,cfa-mir-105b,MIR-105,CAAAUGC,MIMAT0010198,None,chrX,120405359,120405416,-,Eutheria,Eutheria,No,1,,1,,,,,,,,,,,,,
Cfa-Mir-105-P2,cfa-mir-105a,MIR-105,CAAAUGC,MIMAT0009879,None,chrX,120403205,120403263,-,Eutheria,Eutheria,No,,,1,,,,,,,,,,,,,
Cfa-Mir-122,cfa-mir-122,MIR-122,GGAGUGU,MIMAT0006619,None,chr1,17593858,17593915,-,Vertebrata,Vertebrata,No,,1,1,,,,,,,,,,,,,
Cfa-Mir-124-P1-v1,cfa-mir-124-2,MIR-124,AAGGCAC,None,MIMAT0006657,chr29,14264388,14264446,#ERROR!,Gnathostomata,Bilateria,No,,,1,,,,,,,,,,,,,
Cfa-Mir-124-P1-v2,cfa-mir-124-2,MIR-124,UAAGGCA,None,MIMAT0006657,chr29,14264388,14264445,#ERROR!,Gnathostomata,Bilateria,No,,,1,,,,,,,,,,,,,
Cfa-Mir-124-P2-v1,cfa-mir-124-1,MIR-124,AAGGCAC,None,MIMAT0006657,chr25,28188263,28188323,#ERROR!,Gnathostomata,Bilateria,No,,,1,,,,,,,,,,,,,
Cfa-Mir-124-P2-v2,cfa-mir-124-1,MIR-124,UAAGGCA,None,MIMAT0006657,chr25,28188263,28188322,#ERROR!,Gnathostomata,Bilateria,No,,,,,,,,,,,,,,,,
Cfa-Mir-124-P3-v1,cfa-mir-124-3,MIR-124,AAGGCAC,None,MIMAT0006657,chr24,46916731,46916790,#ERROR!,Gnathostomata,Bilateria,No,1,,1,,,,,,,,,,,,,
Cfa-Mir-124-P3-v2,cfa-mir-124-3,MIR-124,UAAGGCA,None,MIMAT0006657,chr24,46916731,46916789,#ERROR!,Gnathostomata,Bilateria,No,1,,1,,,,,,,,,,,,,
Cfa-Mir-126-P2-v1,cfa-mir-126,MIR-126,CGUACCG,MIMAT0006730,None,chr9,48879438,48879496,-,Vertebrata,Olfactores,No,1,1,1,,,,,,,,,,,,,
Cfa-Mir-126-P2-v2,cfa-mir-126,MIR-126,AUUAUUA,MIMAT0006730,None,chr9,48879438,48879496,-,Vertebrata,Olfactores,No,1,,1,,,,,,,,,,,,,
Cfa-Mir-126-P2-v3,cfa-mir-126,MIR-126,UCGUACC,MIMAT0006730,None,chr9,48879438,48879496,-,Vertebrata,Olfactores,No,1,1,1,,,,,,,,,,,,,
Cfa-Mir-127,cfa-mir-127,MIR-127,CGGAUCC,None,MIMAT0006713,chr8,69104942,69104997,#ERROR!,Eutheria,Eutheria,No,,,1,,,,,,,,,,,,,
Cfa-Mir-128-P1,cfa-mir-128-2,MIR-128,CACAGUG,None,MIMAT0006633,chr23,5826463,5826520,#ERROR!,Gnathostomata,Vertebrata,No,1,1,1,,,,,,,,,,,,,
Cfa-Mir-128-P2,cfa-mir-128-1,MIR-128,CACAGUG,None,MIMAT0006633,chr19,38435956,38436011,#ERROR!,Gnathostomata,Vertebrata,No,1,,1,,,,,,,,,,,,,
Cfa-Mir-129-P1,cfa-mir-129-2,MIR-129,UUUUUGC,MIMAT0006623,None,chr18,26154533,26154596,-,Gnathostomata,Chordata,No,1,1,1,,,,,,,,,,,,,
Cfa-Mir-129-P2,cfa-mir-129-1,MIR-129,UUUUUGC,MIMAT0006623,None,chr14,8165109,8165174,-,Gnathostomata,Chordata,No,,1,1,,,,,,,,,,,,,
Cfa-Mir-130-P1c,cfa-mir-130a,MIR-130,AGUGCAA,None,MIMAT0006631,chr18,38543618,38543679,-,Gnathostomata,Vertebrata,Yes,1,,,,,,,,,,,,,,,
Cfa-Mir-130-P2a,cfa-mir-301b,MIR-130,AGUGCAA,None,MIMAT0009854,chr26,30924110,30924169,#ERROR!,Gnathostomata,Vertebrata,No,1,1,,,,,,,,,,,,,,
Cfa-Mir-130-P2b,cfa-mir-301a,MIR-130,AGUGCAA,None,MIMAT0009853,chr9,33724582,33724643,-,Gnathostomata,Vertebrata,No,,,1,,,,,,,,,,,,,
Cfa-Mir-130-P3b,cfa-mir-454,MIR-130,AGUGCAA,None,MIMAT0009927,chr9,33714194,33714258,-,Gnathostomata,Vertebrata,No,,1,,,,,,,,,,,,,,
Cfa-Mir-130-P4a,cfa-mir-130b,MIR-130,AGUGCAA,None,MIMAT0006659,chr26,30924432,30924491,#ERROR!,Gnathostomata,Vertebrata,No,,1,1,,,,,,,,,,,,,
Cfa-Mir-132-P1,cfa-mir-132,MIR-132,AACAGUC,None,MIMAT0006732,chr9,46153532,46153589,-,Vertebrata,Vertebrata,No,,1,,,,,,,,,,,,,,
Cfa-Mir-132-P2,cfa-mir-212,MIR-132,AACAGUC,MIMAT0006731,None,chr9,46153913,46153974,-,Vertebrata,Vertebrata,No,,,1,,,,,,,,,,,,,
Cfa-Mir-133-P1-v1,cfa-mir-133a,MIR-133,UUGGUCC,None,MIMAT0009834,chr7,66217500,66217559,#ERROR!,Gnathostomata,Bilateria,No,,,1,,,,,,,,,,,,,
Cfa-Mir-133-P1-v2,cfa-mir-133a,MIR-133,UGGUCCC,None,MIMAT0009834,chr7,66217500,66217559,#ERROR!,Gnathostomata,Bilateria,No,,,1,,,,,,,,,,,,,
Cfa-Mir-133-P2-v1,cfa-mir-133b,MIR-133,UUGGUCC,None,MIMAT0009835,chrUn_JH374091,8456,8514,-,Gnathostomata,Bilateria,No,1,,,,,,,,,,,,,,,
Cfa-Mir-133-P2-v2,cfa-mir-133b,MIR-133,UGGUCCC,None,MIMAT0009835,chrUn_JH374091,8456,8514,-,Gnathostomata,Bilateria,No,1,,,,,,,,,,,,,,,
Cfa-Mir-133-P3-v1,cfa-mir-133c,MIR-133,UUGGUCC,None,MIMAT0009833,chr24,46490514,46490573,#ERROR!,Gnathostomata,Bilateria,No,,,1,,,,,,,,,,,,,
Cfa-Mir-133-P3-v2,cfa-mir-133c,MIR-133,UGGUCCC,None,MIMAT0009833,chr24,46490514,46490573,#ERROR!,Gnathostomata,Bilateria,No,,,1,,,,,,,,,,,,,
Cfa-Mir-134,cfa-mir-134,MIR-134,GUGACUG,MIMAT0009883,None,chr8,69283503,69283563,#ERROR!,Eutheria,Eutheria,No,,,1,,,,,,,,,,,,,
Cfa-Mir-135-P1,cfa-mir-135a-1,MIR-135,AUGGCUU,MIMAT0010196,None,chr20,37461833,37461892,#ERROR!,Gnathostomata,Chordata,No,,,1,,,,,,,,,,,,,
Cfa-Mir-135-P2,cfa-mir-135a-2,MIR-135,AUGGCUU,MIMAT0010196,MIMAT0006628,chr15,37181420,37181479,#ERROR!,Gnathostomata,Chordata,No,,,1,,,,,,,,,,,,,
Cfa-Mir-135-P4,cfa-mir-135b,MIR-135,AUGGCUU,MIMAT0009839,None,chr38,1926572,1926632,-,Gnathostomata,Chordata,No,,,1,,,,,,,,,,,,,
Cfa-Mir-136-v1,cfa-mir-136,MIR-136,AUCAUCG,MIMAT0006714,None,chr8,69106615,69106670,#ERROR!,Eutheria,Eutheria,No,1,,,,,,,,,,,,,,,
Cfa-Mir-136-v2,cfa-mir-136,MIR-136,UCAUCGU,MIMAT0006714,None,chr8,69106615,69106670,#ERROR!,Eutheria,Eutheria,No,1,,,,,,,,,,,,,,,
Cfa-Mir-137-P1-v1,cfa-mir-137,MIR-137,UAUUGCU,None,MIMAT0006702,chr6,51640474,51640532,#ERROR!,Gnathostomata,Bilateria,No,,,1,,,,,,,,,,,,,
Cfa-Mir-137-P1-v2,cfa-mir-137,MIR-137,AUUGCUU,None,MIMAT0006702,chr6,51640473,51640533,#ERROR!,Gnathostomata,Bilateria,No,1,,1,,,,,,,,,,,,,
Cfa-Mir-138-P1,cfa-mir-138a,MIR-138,GCUGGUG,MIMAT0006654,None,chr23,2223137,2223197,-,Vertebrata,Vertebrata,No,1,,1,,,,,,,,,,,,,
Cfa-Mir-138-P2,cfa-mir-138b,MIR-138,GCUGGUG,MIMAT0006646,None,chr2,59454084,59454151,-,Vertebrata,Vertebrata,No,1,,1,,,,,,,,,,,,,
Cfa-Mir-139,cfa-mir-139,MIR-139,CUACAGU,None,MIMAT0006645,chr21,25597024,25597082,#ERROR!,Gnathostomata,Gnathostomata,No,,1,,,,,,,,,,,,,,
Cfa-Mir-140-P1-v1,cfa-mir-140,MIR-140,CCACAGG,None,MIMAT0006689,chr5,79814255,79814316,-,Gnathostomata,Vertebrata,No,,,1,,,,,,,,,,,,,
Cfa-Mir-140-P1-v2,cfa-mir-140,MIR-140,ACCACAG,None,MIMAT0006689,chr5,79814255,79814316,-,Gnathostomata,Vertebrata,No,,,1,,,,,,,,,,,,,
Cfa-Mir-142-P1-v1,cfa-mir-142,MIR-142,AUAAAGU,MIMAT0006736,None,chr9,32977395,32977453,-,Gnathostomata,Vertebrata,No,,,1,,,,,,,,,,,,,
Cfa-Mir-142-P1-v2,cfa-mir-142,MIR-142,UAGUGUU,MIMAT0006736,None,chr9,32977395,32977453,-,Gnathostomata,Vertebrata,No,,,1,,,,,,,,,,,,,
Cfa-Mir-142-P1-v3,cfa-mir-142,MIR-142,GUAGUGU,MIMAT0006736,None,chr9,32977395,32977453,-,Gnathostomata,Vertebrata,No,,,1,,,,,,,,,,,,,
Cfa-Mir-142-P1-v4,cfa-mir-142,MIR-142,CCAUAAA,MIMAT0006736,None,chr9,32977393,32977455,-,Gnathostomata,Vertebrata,No,,,,,,,,,,,,,,,,
Cfa-Mir-143,cfa-mir-143,MIR-143,GAGAUGA,None,MIMAT0006682,chr4,59534535,59534589,-,Vertebrata,Vertebrata,Yes,,,,,,,,,,,,,,,,
Cfa-Mir-144-v1,cfa-mir-144,MIR-144,ACAGUAU,None,MIMAT0006734,chr9,43031036,43031093,-,Vertebrata,Vertebrata,No,,,,,,,,,,,,,,,,
Cfa-Mir-144-v2,cfa-mir-144,MIR-144,GAUAUCA,None,MIMAT0006734,chr9,43031036,43031093,-,Vertebrata,Vertebrata,No,,,,,,,,,,,,,,,,
Cfa-Mir-145,cfa-mir-145,MIR-145,UCCAGUU,MIMAT0009863,None,chr4,59533141,59533200,-,Vertebrata,Vertebrata,Yes,,,1,,,,,,,,,,,,,
Cfa-Mir-146-P1,cfa-mir-146b,MIR-146,GAGAACU,MIMAT0006667,None,chr28,14940550,14940609,#ERROR!,Gnathostomata,Vertebrata,No,1,,1,,,,,,,,,,,,,
Cfa-Mir-146-P4,cfa-mir-146a,MIR-146,GAGAACU,MIMAT0006684,None,chr4,50248598,50248654,-,Gnathostomata,Vertebrata,No,1,1,1,,,,,,,,,,,,,
Cfa-Mir-147-P1-v1,cfa-mir-147,MIR-147,UGUGCGG,None,MIMAT0009874,chr30,11800635,11800694,#ERROR!,C. familiaris,Vertebrata,No,,,1,,,,,,,,,,,,,
Cfa-Mir-147-P1-v2,cfa-mir-147,MIR-147,GUGUGCG,None,MIMAT0009874,chr30,11800636,11800693,#ERROR!,C. familiaris,Vertebrata,No,,,1,,,,,,,,,,,,,
Cfa-Mir-147-P2-v1,None,MIR-147,UGUGCGG,None,None,chr15,58855318,58855377,#ERROR!,C. familiaris,Vertebrata,No,,,1,,,,,,,,,,,,,
Cfa-Mir-147-P2-v2,None,MIR-147,GUGUGCG,None,None,chr15,58855319,58855376,#ERROR!,C. familiaris,Vertebrata,No,,,1,,,,,,,,,,,,,
Cfa-Mir-148-P1,cfa-mir-148a,MIR-148,CAGUGCA,None,MIMAT0006622,chr14,39301847,39301906,-,Gnathostomata,Vertebrata,No,1,,1,,,,,,,,,,,,,
Cfa-Mir-148-P3,cfa-mir-152,MIR-148,CAGUGCA,None,MIMAT0006738,chr9,24335161,24335219,-,Gnathostomata,Vertebrata,No,1,,1,,,,,,,,,,,,,
Cfa-Mir-148-P4,cfa-mir-148b,MIR-148,CAGUGCA,None,MIMAT0006663,chr27,975146,975206,-,Gnathostomata,Vertebrata,No,,1,1,,,,,,,,,,,,,
Cfa-Mir-149,cfa-mir-149,MIR-149,CUGGCUC,MIMAT0009884,None,chr25,50483534,50483593,#ERROR!,Eutheria,Eutheria,No,,1,,,,,,,,,,,,,,
Cfa-Mir-150,cfa-mir-150,MIR-150,CUCCCAA,MIMAT0006602,None,chr1,106998756,106998812,#ERROR!,Gnathostomata,Gnathostomata,No,,,1,,,,,,,,,,,,,
Cfa-Mir-153-P1,cfa-mir-153,MIR-153,UGCAUAG,None,MIMAT0009840,chr16,19932384,19932444,-,Gnathostomata,Bilateria,No,,,1,,,,,,,,,,,,,
Cfa-Mir-153-P2,None,MIR-153,UGCAUAG,None,None,TRACE1933465398,394,453,-,Gnathostomata,Bilateria,No,,,1,,,,,,,,,,,,,
Cfa-Mir-154-P2-v1,cfa-mir-299,MIR-154,AUGUGGG,MIMAT0009885,None,chr8,69255553,69255607,#ERROR!,Eutheria,Eutheria,No,,,,,,,,,,,,,,,,
Cfa-Mir-154-P2-v2,cfa-mir-299,MIR-154,UAUGUGG,MIMAT0009885,None,chr8,69255554,69255606,#ERROR!,Eutheria,Eutheria,No,,,1,,,,,,,,,,,,,
Cfa-Mir-154-P3a-v1,cfa-mir-323,MIR-154,ACAUUAC,None,MIMAT0006718,chr8,69257494,69257549,#ERROR!,Eutheria,Eutheria,No,1,,1,,,,,,,,,,,,,
Cfa-Mir-154-P3a-v2,cfa-mir-323,MIR-154,CACAUUA,None,MIMAT0006718,chr8,69257494,69257549,#ERROR!,Eutheria,Eutheria,No,1,,1,,,,,,,,,,,,,
Cfa-Mir-154-P3b,None,MIR-154,CCAAUAC,None,None,chr8,69285042,69285098,#ERROR!,Eutheria,Eutheria,No,1,,1,,,,,,,,,,,,,
Cfa-Mir-154-P4a,cfa-mir-329b,MIR-154,ACACACC,None,MIMAT0009899,chr8,69258540,69258597,#ERROR!,Eutheria,Eutheria,No,,,1,,,,,,,,,,,,,
Cfa-Mir-154-P4b,cfa-mir-329a,MIR-154,AGGUUUU,MIMAT0006719,None,chr8,69258856,69258913,#ERROR!,Eutheria,Eutheria,Unknown,,,1,,,,,,,,,,,,,
Cfa-Mir-154-P5,cfa-mir-369,MIR-154,AUAAUAC,None,MIMAT0006727,chr8,69294073,69294128,#ERROR!,Eutheria,Eutheria,No,1,,1,,,,,,,,,,,,,
Cfa-Mir-154-P6,cfa-mir-377,MIR-154,UCACACA,MIMAT0009890,None,chr8,69290943,69291002,#ERROR!,Eutheria,Eutheria,No,,,,,,,,,,,,,,,,
Cfa-Mir-154-P7,cfa-mir-379,MIR-154,GGUAGAC,MIMAT0006715,None,chr8,69253808,69253866,#ERROR!,Eutheria,Eutheria,No,,,1,,,,,,,,,,,,,
Cfa-Mir-154-P8,cfa-mir-380,MIR-154,AUGUAAU,None,MIMAT0006717,chr8,69256764,69256820,#ERROR!,Eutheria,Eutheria,No,,,,,,,,,,,,,,,,
Cfa-Mir-154-P9,cfa-mir-381,MIR-154,AUACAAG,None,MIMAT0009891,chr8,69274990,69275052,#ERROR!,Eutheria,Eutheria,No,1,,,,,,,,,,,,,,,
Cfa-Mir-154-P10,cfa-mir-382,MIR-154,AAGUUGU,None,MIMAT0006724,chr8,69283122,69283179,#ERROR!,Eutheria,Eutheria,No,,,1,,,,,,,,,,,,,
Cfa-Mir-154-P12,cfa-mir-410,MIR-154,AUAUAAC,None,MIMAT0006728,chr8,69294377,69294432,#ERROR!,Eutheria,Eutheria,No,,,1,,,,,,,,,,,,,
Cfa-Mir-154-P13,cfa-mir-411,MIR-154,AGUAGAC,MIMAT0006716,None,chr8,69255095,69255150,#ERROR!,Eutheria,Eutheria,No,,,1,,,,,,,,,,,,,
Cfa-Mir-154-P14,None,MIR-154,GGUCGAC,None,None,WIGL01203464.1,1357,1411,-,Eutheria,Eutheria,No,,1,1,,,,,,,,,,,,,
Cfa-Mir-154-P15,cfa-mir-485,MIR-154,GAGGCUG,MIMAT0006725,None,chr8,69284239,69284297,#ERROR!,Eutheria,Eutheria,No,,,1,,,,,,,,,,,,,
Cfa-Mir-154-P16,cfa-mir-487a,MIR-154,AUCAUAC,None,MIMAT0009902,chr8,69281090,69281147,#ERROR!,Eutheria,Eutheria,No,,,1,,,,,,,,,,,,,
Cfa-Mir-154-P17,cfa-mir-487b,MIR-154,AUCGUAC,None,MIMAT0006723,chr8,69275495,69275554,#ERROR!,Eutheria,Eutheria,No,,,,,,,,,,,,,,,,
Cfa-Mir-154-P18,cfa-mir-494,MIR-154,GAAACAU,None,MIMAT0009905,chr8,69261399,69261454,#ERROR!,Eutheria,Eutheria,No,,,1,,,,,,,,,,,,,
Cfa-Mir-154-P19,cfa-mir-495,MIR-154,AACAAAC,None,MIMAT0006721,chr8,69265169,69265226,#ERROR!,Eutheria,Eutheria,No,,,1,,,,,,,,,,,,,
Cfa-Mir-154-P20,cfa-mir-496,MIR-154,GAGUAUU,None,MIMAT0009906,chr8,69289429,69289482,#ERROR!,Eutheria,Eutheria,No,,,1,,,,,,,,,,,,,
Cfa-Mir-154-P21,cfa-mir-539,MIR-154,GAGAAAU,MIMAT0009909,None,chr8,69276318,69276381,#ERROR!,Eutheria,Eutheria,No,1,,1,,,,,,,,,,,,,
Cfa-Mir-154-P22,cfa-mir-543,MIR-154,AACAUUC,None,MIMAT0006720,chr8,69263406,69263463,#ERROR!,Eutheria,Eutheria,No,,,1,,,,,,,,,,,,,
Cfa-Mir-154-P23,None,MIR-154,AUGUCUG,None,None,chr8,69270653,69270709,#ERROR!,Eutheria,Eutheria,No,,,,,,,,,,,,,,,,
Cfa-Mir-154-P24,None,MIR-154,UAAUACA,None,None,chr8,69278524,69278583,#ERROR!,Eutheria,Eutheria,No,,,1,,,,,,,,,,,,,
Cfa-Mir-154-P25,None,MIR-154,AUAUUAU,None,None,chr8,69295123,69295178,#ERROR!,Eutheria,Eutheria,No,,,1,,,,,,,,,,,,,
Cfa-Mir-154-P26,cfa-mir-758,MIR-154,UUGUGAC,None,MIMAT0009925,chr8,69257795,69257852,#ERROR!,Eutheria,Eutheria,No,,,1,,,,,,,,,,,,,
Cfa-Mir-154-P27,cfa-mir-889,MIR-154,UAAUAUC,None,MIMAT0034387,chr8,69276881,69276939,#ERROR!,Eutheria,Eutheria,No,,,1,,,,,,,,,,,,,
Cfa-Mir-154-P28,cfa-mir-1185,MIR-154,UAUACAG,None,MIMAT0034383,chr8,69273238,69273297,#ERROR!,Eutheria,Eutheria,No,,,,,,,,,,,,,,,,
Cfa-Mir-154-P29,None,MIR-154,GGAUGGU,None,None,chr8,69261834,69261895,#ERROR!,Eutheria,Eutheria,Unknown,,,,,,,,,,,,,,,,
Cfa-Mir-154-P30,None,MIR-154,AGGACAC,None,None,chr8,69257332,69257387,#ERROR!,Eutheria,Eutheria,No,,,1,,,,,,,,,,,,,
Cfa-Mir-154-P31,None,MIR-154,GUUGAUC,None,None,chr8,69280668,69280721,#ERROR!,Eutheria,Eutheria,No,,,1,,,,,,,,,,,,,
Cfa-Mir-154-P33,cfa-mir-3958,MIR-154,GAUAUUG,None,MIMAT0034388,chr8,69267179,69267234,#ERROR!,Laurasiatheria,Eutheria,No,,,1,,,,,,,,,,,,,
Cfa-Mir-154-P34,cfa-mir-300,MIR-154,AUGCAAG,MIMAT0009929,None,chr8,69271824,69271885,#ERROR!,Eutheria,Eutheria,No,,1,,,,,,,,,,,,,,
Cfa-Mir-154-P35,None,MIR-154,AAAAUAC,None,None,chr8,69266325,69266382,#ERROR!,Eutheria,Eutheria,No,,,1,,,,,,,,,,,,,
Cfa-Mir-154-P36,cfa-mir-409,MIR-154,GGUUACC,None,MIMAT0006726,chr8,69293782,69293835,#ERROR!,Eutheria,Eutheria,No,1,,1,,,,,,,,,,,,,
Cfa-Mir-155,cfa-mir-155,MIR-155,UAAUGCU,MIMAT0006671,None,chr31,21078768,21078828,#ERROR!,Vertebrata,Vertebrata,No,,,,,,,,,,,,,,,,
Cfa-Mir-181-P1a,cfa-mir-181a-1,MIR-181,ACAUUCA,MIMAT0006707,None,chr7,4055465,4055526,#ERROR!,Gnathostomata,Vertebrata,No,,,1,,,,,,,,,,,,,
Cfa-Mir-181-P1b,cfa-mir-181a-2,MIR-181,ACAUUCA,MIMAT0006707,None,chr9,58302547,58302606,-,Gnathostomata,Vertebrata,No,,,1,,,,,,,,,,,,,
Cfa-Mir-181-P1c,cfa-mir-181c,MIR-181,ACAUUCA,MIMAT0006635,None,chr20,48593343,48593403,-,Gnathostomata,Vertebrata,No,,,1,,,,,,,,,,,,,
Cfa-Mir-181-P2a,cfa-mir-181b-1,MIR-181,ACAUUCA,MIMAT0006708,None,chr7,4055651,4055710,#ERROR!,Gnathostomata,Vertebrata,Yes,,,,,,,,,,,,,,,,
Cfa-Mir-181-P2b,cfa-mir-181b-2,MIR-181,ACAUUCA,MIMAT0006708,None,chr9,58301314,58301373,-,Gnathostomata,Vertebrata,No,1,,,,,,,,,,,,,,,
Cfa-Mir-181-P2c,cfa-mir-181d,MIR-181,ACAUUCA,MIMAT0006636,None,chr20,48593159,48593221,-,Gnathostomata,Vertebrata,No,,1,,,,,,,,,,,,,,
Cfa-Mir-184,cfa-mir-184,MIR-184,GGACGGA,None,MIMAT0009842,chr3,57914449,57914509,-,Bilateria,Bilateria,No,,,1,,,,,,,,,,,,,
Cfa-Mir-185,cfa-mir-185,MIR-185,GGAGAGA,MIMAT0006660,None,chr26,29296014,29296069,-,Eutheria,Eutheria,No,,,1,,,,,,,,,,,,,
Cfa-Mir-186,cfa-mir-186,MIR-186,AAAGAAU,MIMAT0006694,None,chr6,74881615,74881675,#ERROR!,Mammalia,Mammalia,No,1,,1,,,,,,,,,,,,,
Cfa-Mir-187,cfa-mir-187,MIR-187,CGUGUCU,None,MIMAT0009843,chr7,54261947,54262004,#ERROR!,Osteichthyes,Osteichthyes,Yes,,,1,,,,,,,,,,,,,
Cfa-Mir-188-P1,cfa-mir-188,MIR-188,AUCCCUU,MIMAT0009880,None,chrX,42775072,42775131,#ERROR!,Eutheria,Eutheria,No,1,,,,,,,,,,,,,,,
Cfa-Mir-188-P2,cfa-mir-532,MIR-188,AUGCCUU,MIMAT0006758,None,chrX,42774680,42774738,#ERROR!,Eutheria,Eutheria,No,1,,1,,,,,,,,,,,,,
Cfa-Mir-188-P3,cfa-mir-660,MIR-188,ACCCAUU,MIMAT0006760,None,chrX,42783965,42784023,#ERROR!,Eutheria,Eutheria,No,1,,1,,,,,,,,,,,,,
Cfa-Mir-190-P1,cfa-mir-190a,MIR-190,GAUAUGU,MIMAT0009872,None,chr30,27433136,27433194,#ERROR!,Gnathostomata,Bilateria,No,1,,1,,,,,,,,,,,,,
Cfa-Mir-190-P3,cfa-mir-190b,MIR-190,GAUAUGU,MIMAT0009873,None,chr7,43037540,43037599,#ERROR!,Gnathostomata,Bilateria,No,1,,,,,,,,,,,,,,,
Cfa-Mir-191,cfa-mir-191,MIR-191,AACGGAA,MIMAT0006638,None,chr20,40144135,40144198,#ERROR!,Gnathostomata,Gnathostomata,No,,,1,,,,,,,,,,,,,
Cfa-Mir-192-P1,cfa-mir-215,MIR-192,UGACCUA,MIMAT0009848,None,chr38,14895116,14895175,-,Vertebrata,Vertebrata,No,1,,1,,,,,,,,,,,,,
Cfa-Mir-192-P2,cfa-mir-192,MIR-192,UGACCUA,MIMAT0006632,None,chr18,52281129,52281193,#ERROR!,Vertebrata,Vertebrata,Yes,,,,,,,,,,,,,,,,
Cfa-Mir-193-P1a,cfa-mir-193b,MIR-193,ACUGGCC,MIMAT0006699,None,chr6,28878050,28878108,-,Vertebrata,Bilateria,No,1,,1,,,,,,,,,,,,,
Cfa-Mir-193-P1b,cfa-mir-193a,MIR-193,GGGUCUU,MIMAT0006735,None,chr9,41316481,41316536,-,Vertebrata,Bilateria,No,,,1,,,,,,,,,,,,,
Cfa-Mir-193-P2a,cfa-mir-365-1,MIR-193,AAUGCCC,None,MIMAT0001540,chr6,28873146,28873206,-,Vertebrata,Bilateria,Yes,,,1,,,,,,,,,,,,,
Cfa-Mir-193-P2b,cfa-mir-365-2,MIR-193,AAUGCCC,None,MIMAT0001540,chr9,41303114,41303174,-,Vertebrata,Bilateria,No,,,1,,,,,,,,,,,,,
Cfa-Mir-194-P1,cfa-mir-194,MIR-194,GUAACAG,MIMAT0006681,None,chr38,14895401,14895458,-,Vertebrata,Vertebrata,No,1,,1,,,,,,,,,,,,,
Cfa-Mir-194-P2,None,MIR-194,GUAACAG,None,None,chr18,52280929,52280986,#ERROR!,Vertebrata,Vertebrata,No,1,1,1,,,,,,,,,,,,,
Cfa-Mir-196-P1,cfa-mir-196b,MIR-196,AGGUAGU,MIMAT0006620,None,chr14,40344005,40344062,-,Gnathostomata,Olfactores,No,,,1,,,,,,,,,,,,,
Cfa-Mir-196-P3,cfa-mir-196a-1,MIR-196,AGGUAGU,MIMAT0006662,None,chr9,24895683,24895742,-,Gnathostomata,Olfactores,Unknown,,,1,,,,,,,,,,,,,
Cfa-Mir-196-P4,cfa-mir-196a-2,MIR-196,AGGUAGU,MIMAT0006662,None,chr27,1270718,1270776,-,Gnathostomata,Olfactores,No,,,1,,,,,,,,,,,,,
Cfa-Mir-197,cfa-mir-197,MIR-197,UCACCAC,None,MIMAT0006698,chr6,42271719,42271779,-,Eutheria,Eutheria,No,,,,,,,,,,,,,,,,
Cfa-Mir-199-P1-v1,cfa-mir-199-2,MIR-199,CAGUAGU,None,MIMAT0006642,chr7,26812765,26812825,#ERROR!,Gnathostomata,Vertebrata,No,,,1,,,,,,,,,,,,,
Cfa-Mir-199-P1-v2,cfa-mir-199-2,MIR-199,ACAGUAG,None,MIMAT0006642,chr7,26812765,26812825,#ERROR!,Gnathostomata,Vertebrata,No,,,1,,,,,,,,,,,,,
Cfa-Mir-199-P1-v3,cfa-mir-199-2,MIR-199,AGUAGUC,None,MIMAT0006642,chr7,26812765,26812825,#ERROR!,Gnathostomata,Vertebrata,No,,,1,,,,,,,,,,,,,
Cfa-Mir-199-P2-v1,cfa-mir-199-3,MIR-199,CAGUAGU,None,MIMAT0006642,chr9,55262353,55262413,#ERROR!,Gnathostomata,Vertebrata,No,,,,,,,,,,,,,,,,
Cfa-Mir-199-P2-v2,cfa-mir-199-3,MIR-199,ACAGUAG,None,MIMAT0006642,chr9,55262353,55262413,#ERROR!,Gnathostomata,Vertebrata,No,,,,,,,,,,,,,,,,
Cfa-Mir-199-P2-v3,cfa-mir-199-3,MIR-199,AGUAGUC,None,MIMAT0006642,chr9,55262353,55262413,#ERROR!,Gnathostomata,Vertebrata,No,,,,,,,,,,,,,,,,
Cfa-Mir-199-P3-v1,cfa-mir-199-1,MIR-199,CAGUAGU,None,MIMAT0006642,chr20,50410923,50410985,#ERROR!,Gnathostomata,Vertebrata,No,,,1,,,,,,,,,,,,,
Cfa-Mir-199-P3-v2,cfa-mir-199-1,MIR-199,ACAGUAG,None,MIMAT0006642,chr20,50410923,50410985,#ERROR!,Gnathostomata,Vertebrata,No,,,1,,,,,,,,,,,,,
Cfa-Mir-199-P3-v3,cfa-mir-199-1,MIR-199,AGUAGUC,None,MIMAT0006642,chr20,50410923,50410985,#ERROR!,Gnathostomata,Vertebrata,No,,,1,,,,,,,,,,,,,
Cfa-Mir-202,cfa-mir-202,MIR-202,UCCUAUG,MIMAT0009844,None,chr28,40842081,40842138,-,Vertebrata,Vertebrata,No,,,1,,,,,,,,,,,,,
Cfa-Mir-203-v1,cfa-mir-203,MIR-203,UGAAAUG,None,MIMAT0009866,chr8,71774264,71774323,#ERROR!,Vertebrata,Vertebrata,No,,,1,,,,,,,,,,,,,
Cfa-Mir-203-v2,cfa-mir-203,MIR-203,GAAAUGU,None,MIMAT0009866,chr8,71774264,71774323,#ERROR!,Vertebrata,Vertebrata,Yes,,,1,,,,,,,,,,,,,
Cfa-Mir-204-P1,cfa-mir-211,MIR-204,UCCCUUU,MIMAT0009867,None,chr3,37882681,37882738,#ERROR!,Gnathostomata,Vertebrata,Unknown,1,,1,,,,,,,,,,,,,
Cfa-Mir-204-P2,cfa-mir-204,MIR-204,UCCCUUU,MIMAT0006598,None,chr1,86818494,86818553,#ERROR!,Gnathostomata,Vertebrata,No,1,,1,,,,,,,,,,,,,
Cfa-Mir-205-P4,cfa-mir-205,MIR-205,CCUUCAU,MIMAT0009845,None,chr7,8090517,8090575,#ERROR!,Gnathostomata,Vertebrata,No,,,1,,,,,,,,,,,,,
Cfa-Mir-208-P1,cfa-mir-208b,MIR-208,UAAGACG,None,MIMAT0009869,chr8,3665170,3665226,-,Vertebrata,Vertebrata,No,,,1,,,,,,,,,,,,,
Cfa-Mir-208-P2,cfa-mir-208a,MIR-208,UAAGACG,None,MIMAT0009868,chr8,3636925,3636981,-,Vertebrata,Vertebrata,No,,,1,,,,,,,,,,,,,
Cfa-Mir-210,cfa-mir-210,MIR-210,UGUGCGU,None,MIMAT0009846,chr18,25675471,25675530,-,Bilateria,Bilateria,No,,,1,,,,,,,,,,,,,
Cfa-Mir-214-v1,cfa-mir-214,MIR-214,CAGCAGG,None,MIMAT0009847,chr7,26818588,26818650,#ERROR!,Gnathostomata,Gnathostomata,No,,,,,,,,,,,,,,,,
Cfa-Mir-214-v2,cfa-mir-214,MIR-214,ACAGCAG,None,MIMAT0009847,chr7,26818588,26818650,#ERROR!,Gnathostomata,Gnathostomata,No,,,,,,,,,,,,,,,,
Cfa-Mir-216-P2a,cfa-mir-216b,MIR-216,AAUCUCU,MIMAT0006592,None,chr10,56772853,56772914,-,Vertebrata,Bilateria,No,,1,,,,,,,,,,,,,,
Cfa-Mir-216-P2b,cfa-mir-216a,MIR-216,AAUCUCA,MIMAT0009849,None,chr10,56761455,56761516,-,Vertebrata,Bilateria,No,,,,,,,,,,,,,,,,
Cfa-Mir-217-v1,cfa-mir-217,MIR-217,ACUGCAU,MIMAT0009850,None,chr10,56754576,56754634,-,Chordata,Chordata,No,,,1,,,,,,,,,,,,,
Cfa-Mir-217-v2,cfa-mir-217,MIR-217,UACUGCA,MIMAT0009850,None,chr10,56754575,56754635,-,Chordata,Chordata,No,,,1,,,,,,,,,,,,,
Cfa-Mir-218-P2,cfa-mir-218-1,MIR-218,UGUGCUU,MIMAT0006672,None,chr3,89044709,89044772,-,Gnathostomata,Vertebrata,No,,,1,,,,,,,,,,,,,
Cfa-Mir-218-P4,cfa-mir-218-2,MIR-218,UGUGCUU,MIMAT0006672,None,chr4,43010775,43010838,#ERROR!,Gnathostomata,Vertebrata,No,,,1,,,,,,,,,,,,,
Cfa-Mir-219-P2,cfa-mir-219-2,MIR-219,GAUUGUC,MIMAT0006611,MIMAT0006729,chr9,55139107,55139171,#ERROR!,Gnathostomata,Bilateria,No,,,1,,,,,,,,,,,,,
Cfa-Mir-219-P2-as,None,MIR-219,GAAUUGC,None,None,chr9,55139105,55139169,-,Eutheria,Bilateria,No,,,,,,,,,,,,,,,,
Cfa-Mir-219-P3,cfa-mir-219-1,MIR-219,GAUUGUC,MIMAT0006611,None,chr12,2670928,2670991,#ERROR!,Gnathostomata,Bilateria,No,,,1,,,,,,,,,,,,,
Cfa-Mir-221-P1a,cfa-mir-222,MIR-221,GCUACAU,None,MIMAT0009851,chrX,39524537,39524600,-,Gnathostomata,Vertebrata,No,,1,1,,,,,,,,,,,,,
Cfa-Mir-221-P2a,cfa-mir-221,MIR-221,GCUACAU,None,MIMAT0006757,chrX,39523889,39523951,-,Gnathostomata,Vertebrata,No,,,,,,,,,,,,,,,,
Cfa-Mir-223,cfa-mir-223,MIR-223,GUCAGUU,None,MIMAT0009852,chrX,50838156,50838220,#ERROR!,Vertebrata,Vertebrata,No,,,1,,,,,,,,,,,,,
Cfa-Mir-224,cfa-mir-224,MIR-224,AAGUCAC,MIMAT0006744,None,chrX,119925345,119925413,-,Eutheria,Eutheria,No,,,1,,,,,,,,,,,,,
Cfa-Mir-296,None,MIR-296,AGGGCAC,None,None,chr24,43570198,43570254,-,Eutheria,Eutheria,Unknown,,1,1,,,,,,,,,,,,,
Cfa-Mir-320,cfa-mir-320,MIR-320,AAAGCUG,None,MIMAT0006658,chr25,35016676,35016729,#ERROR!,Eutheria,Eutheria,No,,,,,,,,,,,,,,,,
Cfa-Mir-324,cfa-mir-324,MIR-324,GCAUCCC,MIMAT0009896,None,chr5,32192284,32192340,-,Eutheria,Eutheria,No,,,1,,,,,,,,,,,,,
Cfa-Mir-325,cfa-mir-325,MIR-325,UUAUUGA,MIMAT0009897,None,chrX,59443950,59444009,-,Theria,Theria,No,,,,,,,,,,,,,,,,
Cfa-Mir-326,cfa-mir-326,MIR-326,CUCUGGG,None,MIMAT0009894,chr21,23240477,23240537,#ERROR!,Eutheria,Eutheria,Yes,,,1,,,,,,,,,,,,,
Cfa-Mir-328,cfa-mir-328,MIR-328,UGGCCCU,None,MIMAT0006688,chr5,82166209,82166269,#ERROR!,Eutheria,Eutheria,Yes,,,,,,,,,,,,,,,,
Cfa-Mir-330-v1,cfa-mir-330,MIR-330,AAAGCAC,MIMAT0009893,None,chr1,109922155,109922218,#ERROR!,Eutheria,Eutheria,No,1,,,,,,,,,,,,,,,
Cfa-Mir-330-v2,cfa-mir-330,MIR-330,CAAAGCA,MIMAT0009893,None,chr1,109922155,109922218,#ERROR!,Eutheria,Eutheria,No,1,,,,,,,,,,,,,,,
Cfa-Mir-331,cfa-mir-331,MIR-331,CCCCUGG,None,MIMAT0009895,chr15,35234775,35234830,#ERROR!,Eutheria,Eutheria,No,1,,1,,,,,,,,,,,,,
Cfa-Mir-335,cfa-mir-335,MIR-335,CAAGAGC,MIMAT0006624,None,chr14,6444861,6444918,-,Eutheria,Eutheria,No,,,,,,,,,,,,,,,,
Cfa-Mir-338-P2,cfa-mir-338,MIR-338,CCAGCAU,None,MIMAT0006739,chr9,918652,918710,#ERROR!,Vertebrata,Vertebrata,No,,,1,,,,,,,,,,,,,
Cfa-Mir-338-P2-as,None,MIR-338,CAACAAA,None,None,chr9,918648,918710,-,Amniota,Vertebrata,Yes,,,1,,,,,,,,,,,,,
Cfa-Mir-339,cfa-mir-339-1,MIR-339,CCCUGUC,MIMAT0011134,None,chr6,15853520,15853576,#ERROR!,Eutheria,Eutheria,Yes,,,1,,,,,,,,,,,,,
Cfa-Mir-340,cfa-mir-340,MIR-340,UAUAAAG,MIMAT0009892,None,chr11,1704597,1704661,#ERROR!,Theria,Theria,No,1,,1,,,,,,,,,,,,,
Cfa-Mir-342,cfa-mir-342,MIR-342,CUCACAC,None,MIMAT0006709,chr8,68424654,68424720,#ERROR!,Eutheria,Eutheria,No,,,1,,,,,,,,,,,,,
Cfa-Mir-345,cfa-mir-345,MIR-345,CUGACUC,None,MIMAT0006710,chr8,68592448,68592505,#ERROR!,Eutheria,Eutheria,Yes,,1,1,,,,,,,,,,,,,
Cfa-Mir-346,cfa-mir-346,MIR-346,GUCUGCC,MIMAT0009898,None,chr4,34073351,34073410,-,Eutheria,Eutheria,No,,,1,,,,,,,,,,,,,
Cfa-Mir-350,cfa-mir-350,MIR-350,UCACAAA,None,MIMAT0006704,chr7,34314836,34314896,-,Eutheria,Eutheria,No,,1,1,,,,,,,,,,,,,
Cfa-Mir-361-v1,cfa-mir-361,MIR-361,UAUCAGA,MIMAT0006751,None,chrX,66698698,66698760,-,Eutheria,Eutheria,No,1,,,,,,,,,,,,,,,
Cfa-Mir-361-v2,cfa-mir-361,MIR-361,CCCCCAG,MIMAT0006751,None,chrX,66698699,66698759,-,Eutheria,Eutheria,No,,,,,,,,,,,,,,,,
Cfa-Mir-362-P1,cfa-mir-362,MIR-362,AUCCUUG,MIMAT0009886,None,chrX,42780369,42780427,#ERROR!,Eutheria,Eutheria,No,1,,1,,,,,,,,,,,,,
Cfa-Mir-362-P2-v1,cfa-mir-500,MIR-362,AAUCCUU,None,MIMAT0006759,chrX,42779871,42779932,#ERROR!,Eutheria,Eutheria,No,,,1,,,,,,,,,,,,,
Cfa-Mir-362-P2-v2,cfa-mir-500,MIR-362,AUGCACC,None,MIMAT0006759,chrX,42779872,42779931,#ERROR!,Eutheria,Eutheria,No,1,,1,,,,,,,,,,,,,
Cfa-Mir-362-P4,cfa-mir-502,MIR-362,AUGCACC,None,MIMAT0006761,chrX,42785601,42785660,#ERROR!,Eutheria,Eutheria,No,1,1,1,,,,,,,,,,,,,
Cfa-Mir-362-P5,None,MIR-362,AAUCCUU,None,None,chrX,42781869,42781930,#ERROR!,Eutheria,Eutheria,No,1,,1,,,,,,,,,,,,,
Cfa-Mir-370,cfa-mir-370,MIR-370,CCUGCUG,None,MIMAT0009889,chr8,69132798,69132854,#ERROR!,Boreoeutheria,Boreoeutheria,No,,,1,,,,,,,,,,,,,
Cfa-Mir-374-P1,cfa-mir-374a,MIR-374,UAUAAUA,MIMAT0006753,None,chrX,57590394,57590445,-,Eutheria,Eutheria,No,,,,,,,,,,,,,,,,
Cfa-Mir-374-P2,cfa-mir-374b,MIR-374,UAUAAUA,MIMAT0006754,None,chrX,57550217,57550268,-,Eutheria,Eutheria,No,,,,,,,,,,,,,,,,
Cfa-Mir-375,cfa-mir-375,MIR-375,UUGUUCG,None,MIMAT0009871,chr37,25568060,25568116,-,Bilateria,Bilateria,No,,,1,,,,,,,,,,,,,
Cfa-Mir-376-P1,cfa-mir-376a-1,MIR-376,UAGAUUC,None,MIMAT0006722,chr8,69271259,69271316,#ERROR!,Eutheria,Eutheria,No,,,1,,,,,,,,,,,,,
Cfa-Mir-376-P2,cfa-mir-376b,MIR-376,UCAUAGA,None,MIMAT0009887,chr8,69270881,69270938,#ERROR!,Eutheria,Eutheria,No,,,1,,,,,,,,,,,,,
Cfa-Mir-376-P3,cfa-mir-376a-2,MIR-376,UCAUAGA,None,MIMAT0006722,chr8,69270499,69270556,#ERROR!,Eutheria,Eutheria,No,,,1,,,,,,,,,,,,,
Cfa-Mir-376-P4,cfa-mir-376c,MIR-376,ACAUAGA,MIMAT0009888,None,chr8,69270115,69270172,#ERROR!,Eutheria,Eutheria,No,,1,1,,,,,,,,,,,,,
Cfa-Mir-376-P5,cfa-mir-376a-3,MIR-376,UCAUAGA,None,MIMAT0006722,chr8,69269753,69269810,#ERROR!,Eutheria,Eutheria,No,,,,,,,,,,,,,,,,
Cfa-Mir-378,cfa-mir-378,MIR-378,CUGGACU,None,MIMAT0006683,chr4,59276347,59276406,-,Eutheria,Eutheria,No,,,1,,,,,,,,,,,,,
Cfa-Mir-383-v1,cfa-mir-383,MIR-383,GAUCAGA,MIMAT0006629,None,chr16,38173722,38173783,-,Tetrapoda,Tetrapoda,No,,,,,,,,,,,,,,,,
Cfa-Mir-383-v2,cfa-mir-383,MIR-383,AGAUCAG,MIMAT0006629,None,chr16,38173722,38173784,-,Tetrapoda,Tetrapoda,Yes,,,,,,,,,,,,,,,,
Cfa-Mir-384,cfa-mir-384,MIR-384,GUAAACA,None,MIMAT0006752,chrX,59390415,59390477,-,Eutheria,Eutheria,No,,,1,,,,,,,,,,,,,
Cfa-Mir-423,cfa-mir-423a,MIR-423,GAGGGGC,MIMAT0006742,None,chr9,44155913,44155971,#ERROR!,Eutheria,Eutheria,No,,,,,,,,,,,,,,,,
Cfa-Mir-425,cfa-mir-425,MIR-425,AUGACAC,MIMAT0006639,None,chr20,40144613,40144675,#ERROR!,Gnathostomata,Gnathostomata,No,,,,,,,,,,,,,,,,
Cfa-Mir-430-P1,cfa-mir-302b,MIR-430,AAGUGCU,MIMAT0009856,None,chr32,32429504,32429565,-,Gnathostomata,Vertebrata,No,,,,,,,,,,,,,,,,
Cfa-Mir-430-P2,cfa-mir-302c,MIR-430,AAGUGCU,MIMAT0009857,None,chr32,32429369,32429428,-,Gnathostomata,Vertebrata,Unknown,,1,,,,,,,,,,,,,,
Cfa-Mir-430-P3,cfa-mir-302a,MIR-430,AAGUGCU,MIMAT0009855,None,chr32,32429212,32429272,-,Gnathostomata,Vertebrata,No,,,,,,,,,,,,,,,,
Cfa-Mir-430-P4,cfa-mir-302d,MIR-430,AAGUGCU,MIMAT0009858,None,chr32,32429036,32429096,-,Gnathostomata,Vertebrata,No,,1,1,,,,,,,,,,,,,
Cfa-Mir-430-P5d1,cfa-mir-371,MIR-430,CUCAAAA,MIMAT0007747,None,chr1,103606523,103606582,#ERROR!,C. familiaris,Vertebrata,No,,,,,,,,,,,,,,,,
Cfa-Mir-430-P5d2,None,MIR-430,CUCAAAA,None,None,chr1,103406620,103406679,#ERROR!,C. familiaris,Vertebrata,No,,,,,,,,,,,,,,,,
Cfa-Mir-430-P7d1,None,MIR-430,AAGUGCU,None,None,chr1,103606026,103606080,-,C. familiaris,Vertebrata,Unknown,,,1,,,,,,,,,,,,,
Cfa-Mir-430-P7d2,None,MIR-430,AAGUGCU,None,None,chr1,103406123,103406177,-,C. familiaris,Vertebrata,Unknown,,,1,,,,,,,,,,,,,
Cfa-Mir-431,None,MIR-431,GUCUUGC,None,None,chr8,69102958,69103021,#ERROR!,Eutheria,Eutheria,Yes,,,1,,,,,,,,,,,,,
Cfa-Mir-432,cfa-mir-432,MIR-432,CUUGGAG,MIMAT0009904,None,chr8,69106428,69106496,#ERROR!,Eutheria,Eutheria,No,,,1,,,,,,,,,,,,,
Cfa-Mir-433,cfa-mir-433,MIR-433,UCAUGAU,None,MIMAT0006712,chr8,69103838,69103911,#ERROR!,Eutheria,Eutheria,No,1,,1,,,,,,,,,,,,,
Cfa-Mir-448,cfa-mir-448,MIR-448,UGCAUAU,None,MIMAT0001535,chrX,87558074,87558151,#ERROR!,Eutheria,Eutheria,Yes,1,,1,,,,,,,,,,,,,
Cfa-Mir-450-P1,None,MIR-450,UUUGCGA,None,None,chrX,105177590,105177646,-,Eutheria,Eutheria,No,,,,,,,,,,,,,,,,
Cfa-Mir-450-P2,cfa-mir-450a,MIR-450,UUUGCGA,MIMAT0001548,None,chrX,105177456,105177512,-,Eutheria,Eutheria,No,,,,,,,,,,,,,,,,
Cfa-Mir-450-P3,cfa-mir-450b,MIR-450,UUUGCAA,MIMAT0006748,None,chrX,105177287,105177344,-,Eutheria,Eutheria,No,,,,,,,,,,,,,,,,
Cfa-Mir-451,cfa-mir-451,MIR-451,AACCGUU,MIMAT0009870,,chr9,43030875,43030916,-,Vertebrata,Vertebrata,NA,1,,,,,,,,,,,,,,,
Cfa-Mir-452-v1,cfa-mir-452,MIR-452,ACUGUUU,MIMAT0009900,None,chrX,119926390,119926450,-,Eutheria,Eutheria,No,1,,1,,,,,,,,,,,,,
Cfa-Mir-452-v2,cfa-mir-452,MIR-452,GUUUGCA,MIMAT0009900,None,chrX,119926391,119926447,-,Eutheria,Eutheria,No,,,,,,,,,,,,,,,,
Cfa-Mir-455,cfa-mir-455,MIR-455,AUGUGCC,MIMAT0006603,None,chr11,68461911,68461968,#ERROR!,Vertebrata,Vertebrata,No,,,,,,,,,,,,,,,,
Cfa-Mir-459,cfa-mir-802,MIR-459,CAGUAAC,MIMAT0009928,None,chr31,31005215,31005275,#ERROR!,Vertebrata,Vertebrata,No,,,1,,,,,,,,,,,,,
Cfa-Mir-483,cfa-mir-483,MIR-483,GGACGGG,None,MIMAT0009901,chr18,46298398,46298459,-,Theria,Theria,No,,,1,,,,,,,,,,,,,
Cfa-Mir-486,cfa-mir-486,MIR-486,CCUGUAC,MIMAT0011132,MIMAT0032036,chr16,23958965,23959027,#ERROR!,Eutheria,Eutheria,No,,,1,,,,,,,,,,,,,
Cfa-Mir-488,cfa-mir-488,MIR-488,UGAAAGG,MIMAT0009903,None,chr7,22597966,22598024,#ERROR!,Eutheria,Eutheria,Yes,,,1,,,,,,,,,,,,,
Cfa-Mir-489,cfa-mir-489,MIR-489,UGACAUC,None,MIMAT0009860,chr14,18980191,18980250,-,Osteichthyes,Osteichthyes,No,,,1,,,,,,,,,,,,,
Cfa-Mir-490,cfa-mir-490,MIR-490,AACCUGG,None,MIMAT0009875,chr16,11628315,11628374,-,Amniota,Amniota,No,,,1,,,,,,,,,,,,,
Cfa-Mir-491,cfa-mir-491,MIR-491,GUGGGGA,None,MIMAT0006601,chr11,40300966,40301021,#ERROR!,Eutheria,Eutheria,No,1,,,,,,,,,,,,,,,
Cfa-Mir-493,cfa-mir-493,MIR-493,UGUACAU,None,MIMAT0006711,chr8,69094351,69094413,#ERROR!,Eutheria,Eutheria,No,1,,,,,,,,,,,,,,,
Cfa-Mir-499,cfa-mir-499,MIR-499,UAAGACU,MIMAT0006655,None,chr24,24029549,24029607,#ERROR!,Vertebrata,Vertebrata,No,1,,1,,,,,,,,,,,,,
Cfa-Mir-504-v1,cfa-mir-504,MIR-504,GACCCUG,MIMAT0009907,None,chrX,108693075,108693133,-,Eutheria,Eutheria,No,,1,1,,,,,,,,,,,,,
Cfa-Mir-504-v2,cfa-mir-504,MIR-504,ACCCUGG,MIMAT0009907,None,chrX,108693076,108693132,-,Eutheria,Eutheria,No,,1,,,,,,,,,,,,,,
Cfa-Mir-505-v1,cfa-mir-505,MIR-505,GUCAACA,MIMAT0009908,None,chrX,109866459,109866517,-,Eutheria,Eutheria,No,,,,,,,,,,,,,,,,
Cfa-Mir-505-v2,cfa-mir-505,MIR-505,UCAACAC,MIMAT0009908,None,chrX,109866459,109866517,-,Eutheria,Eutheria,No,,,,,,,,,,,,,,,,
Cfa-Mir-506-P1,cfa-mir-506,MIR-506,GAAUGGC,MIMAT0034422,None,chrX,115652425,115652482,-,Eutheria,Eutheria,No,1,,1,,,,,,,,,,,,,
Cfa-Mir-506-P2d,cfa-mir-507a,MIR-506,GAUUGGC,None,MIMAT0034432,chrX,115652721,115652779,-,C. familiaris,Eutheria,No,1,,1,,,,,,,,,,,,,
Cfa-Mir-506-P2e,cfa-mir-507b,MIR-506,UUGGCAC,None,MIMAT0034416,chrX,115665393,115665450,-,C. familiaris,Eutheria,No,,,1,,,,,,,,,,,,,
Cfa-Mir-506-P3a,cfa-mir-508a,MIR-506,CUGUCAC,MIMAT0034419,None,chrX,115658398,115658456,-,C. familiaris,Eutheria,No,1,,,,,,,,,,,,,,,
Cfa-Mir-506-P3b,cfa-mir-508b,MIR-506,CUGUCAC,None,MIMAT0034425,chrX,115658609,115658666,-,C. familiaris,Eutheria,No,1,,,,,,,,,,,,,,,
Cfa-Mir-506-P7,cfa-mir-514,MIR-506,ACUCCAG,None,MIMAT0009877,chrX,115688019,115688076,-,Eutheria,Eutheria,No,,1,1,,,,,,,,,,,,,
Cfa-Mir-542-v1,cfa-mir-542,MIR-542,GUGACAG,None,MIMAT0006747,chrX,105178359,105178417,-,Eutheria,Eutheria,No,,,1,,,,,,,,,,,,,
Cfa-Mir-542-v2,cfa-mir-542,MIR-542,UGUGACA,None,MIMAT0006747,chrX,105178360,105178416,-,Eutheria,Eutheria,No,,,1,,,,,,,,,,,,,
Cfa-Mir-544-P1,cfa-mir-544,MIR-544,CUUGUUA,None,MIMAT0009910,chr8,69277674,69277731,#ERROR!,C. familiaris,Eutheria,No,,,1,,,,,,,,,,,,,
Cfa-Mir-544-P2,None,MIR-544,CUUGUUA,None,None,chr12,49638412,49638468,-,C. familiaris,Eutheria,No,1,,1,,,,,,,,,,,,,
Cfa-Mir-551-P1,cfa-mir-551a,MIR-551,CGACCCA,None,MIMAT0009912,chr5,58112721,58112780,-,Vertebrata,Vertebrata,No,,,1,,,,,,,,,,,,,
Cfa-Mir-551-P2,cfa-mir-551b,MIR-551,CGACCCA,None,MIMAT0009913,chr34,33292516,33292575,#ERROR!,Vertebrata,Vertebrata,Yes,,,1,,,,,,,,,,,,,
Cfa-Mir-574,cfa-mir-574,MIR-574,ACGCUCA,None,MIMAT0006673,chr3,73494062,73494119,-,Eutheria,Eutheria,No,1,,1,,,,,,,,,,,,,
Cfa-Mir-582-v1,cfa-mir-582,MIR-582,UACAGUU,MIMAT0009916,None,chr2,46497282,46497341,-,Eutheria,Eutheria,No,,,,,,,,,,,,,,,,
Cfa-Mir-582-v2,cfa-mir-582,MIR-582,ACAGUUG,MIMAT0009916,None,chr2,46497283,46497340,-,Eutheria,Eutheria,No,,,,,,,,,,,,,,,,
Cfa-Mir-590,cfa-mir-590,MIR-590,AAUUUUA,None,MIMAT0006700,chr6,6186538,6186598,-,Mammalia,Mammalia,No,,,1,,,,,,,,,,,,,
Cfa-Mir-592,cfa-mir-592,MIR-592,UGUGUCA,MIMAT0009918,None,chr14,9182255,9182314,#ERROR!,Eutheria,Eutheria,No,,1,1,,,,,,,,,,,,,
Cfa-Mir-599,cfa-mir-599,MIR-599,UUGAUAA,None,MIMAT0009919,chr13,1538941,1538999,-,Sarcopterygii,Sarcopterygii,Unknown,,,,,,,,,,,,,,,,
Cfa-Mir-615,cfa-mir-615,MIR-615,CCGAGCC,MIMAT0009920,None,chr27,1230453,1230515,-,Eutheria,Eutheria,No,,,1,,,,,,,,,,,,,
Cfa-Mir-628,cfa-mir-628,MIR-628,UGCUGAC,MIMAT0009921,None,chr30,20769721,20769781,-,Eutheria,Eutheria,No,1,,1,,,,,,,,,,,,,
Cfa-Mir-652,cfa-mir-652,MIR-652,AUGGCGC,None,MIMAT0006743,chrX,83271857,83271918,#ERROR!,Eutheria,Eutheria,Yes,1,,1,,,,,,,,,,,,,
Cfa-Mir-653,cfa-mir-653,MIR-653,UGAAACA,MIMAT0009924,None,chr14,18979485,18979543,-,Eutheria,Eutheria,No,,,,,,,,,,,,,,,,
Cfa-Mir-671,cfa-mir-671,MIR-671,GGAAGCC,None,MIMAT0009926,chr16,15278792,15278851,#ERROR!,Theria,Theria,No,,,,,,,,,,,,,,,,
Cfa-Mir-675,None,MIR-675,UGUAUGC,None,None,chr18,46206405,46206461,-,Theria,Theria,No,1,,,,,,,,,,,,,,,
Cfa-Mir-676,cfa-mir-676,MIR-676,CGUCCUA,MIMAT0006762,None,chrX,54495387,54495443,#ERROR!,Eutheria,Eutheria,Yes,,,,,,,,,,,,,,,,
Cfa-Mir-744,None,MIR-744,GCGGGGC,None,None,chr5,36178245,36178323,#ERROR!,Eutheria,Eutheria,No,1,,,,,,,,,,,,,,,
Cfa-Mir-769,cfa-mir-769,MIR-769,GAGACCU,None,MIMAT0034400,chr1,109618366,109618426,-,Eutheria,Eutheria,No,,1,,,,,,,,,,,,,,
Cfa-Mir-873-v1,None,MIR-873,GCAGGAA,None,None,chr11,46838187,46838245,-,Mammalia,Mammalia,No,,,1,,,,,,,,,,,,,
Cfa-Mir-873-v2,None,MIR-873,CAGGAAC,None,None,chr11,46838188,46838244,-,Mammalia,Mammalia,No,,,1,,,,,,,,,,,,,
Cfa-Mir-874,cfa-mir-874,MIR-874,UGCCCUG,None,MIMAT0009930,chr11,25355364,25355423,-,Eutheria,Eutheria,No,1,,1,,,,,,,,,,,,,
Cfa-Mir-875,cfa-mir-875,MIR-875,AUACCUC,MIMAT0009931,None,chr13,1539088,1539144,-,Vertebrata,Vertebrata,Unknown,,,1,,,,,,,,,,,,,
Cfa-Mir-876,cfa-mir-876,MIR-876,GGUGGUU,MIMAT0009932,None,chr11,46819474,46819532,-,Eutheria,Eutheria,No,1,,1,,,,,,,,,,,,,
Cfa-Mir-877,None,MIR-877,UAGAGGA,None,None,chr12,406900,406984,#ERROR!,Eutheria,Eutheria,Yes,,,,,,,,,,,,,,,,
Cfa-Mir-885,cfa-mir-885,MIR-885,CCAUUAC,MIMAT0009933,None,chr20,7968539,7968592,#ERROR!,Eutheria,Eutheria,No,,,,,,,,,,,,,,,,
Cfa-Mir-935-v1,None,MIR-935,AGUUACC,None,None,chr1,103250645,103250704,-,Eutheria,Eutheria,No,,,1,,,,,,,,,,,,,
Cfa-Mir-935-v2,None,MIR-935,CAGUUAC,None,None,chr1,103250645,103250704,-,Eutheria,Eutheria,No,,,1,,,,,,,,,,,,,
Cfa-Mir-1247,None,MIR-1247,CCCGUCC,None,None,WIGL01005664.1,610,667,#ERROR!,Eutheria,Eutheria,No,,,1,,,,,,,,,,,,,
Cfa-Mir-1249,cfa-mir-1249,MIR-1249,CGCCCUU,None,MIMAT0034321,chr10,20818841,20818899,#ERROR!,Eutheria,Eutheria,No,,,1,,,,,,,,,,,,,
Cfa-Mir-1251,None,MIR-1251,CUCUAGC,None,None,chr15,37111042,37111100,#ERROR!,Theria,Theria,Yes,,,,,,,,,,,,,,,,
Cfa-Mir-1271,cfa-mir-1271,MIR-1271,UUGGCAC,MIMAT0006685,None,chr4,36951021,36951078,-,Eutheria,Eutheria,No,,,,,,,,,,,,,,,,
Cfa-Mir-1277,None,MIR-1277,AUAUAUA,None,None,chrX,90605742,90605799,#ERROR!,Eutheria,Eutheria,No,,1,,,,,,,,,,,,,,
Cfa-Mir-1296,cfa-mir-1296,MIR-1296,UAGGGCC,MIMAT0034413,None,chr4,15180118,15180182,-,Eutheria,Eutheria,No,,,1,,,,,,,,,,,,,
Cfa-Mir-1298,None,MIR-1298,UCAUUCG,None,None,chrX,87468912,87468985,#ERROR!,Eutheria,Eutheria,No,,,1,,,,,,,,,,,,,
Cfa-Mir-1301,cfa-mir-1301,MIR-1301,UGCAGCU,None,MIMAT0034337,chr17,19575834,19575893,-,Eutheria,Eutheria,No,1,,1,,,,,,,,,,,,,
Cfa-Mir-1306,cfa-mir-1306,MIR-1306,CACCUCC,MIMAT0006661,None,chr26,29255668,29255728,-,Gnathostomata,Gnathostomata,Yes,,1,1,,,,,,,,,,,,,
Cfa-Mir-1307,cfa-mir-1307,MIR-1307,CGACCGG,None,MIMAT0006665,chr28,15765926,15765987,-,Eutheria,Eutheria,No,,,,,,,,,,,,,,,,
Cfa-Mir-1343,cfa-mir-1343,MIR-1343,UCCUGGG,None,MIMAT0034357,chr18,32990120,32990178,-,Eutheria,Eutheria,No,,,1,,,,,,,,,,,,,
Cfa-Mir-1388,None,MIR-1388,GGACUGU,None,None,chr24,47411218,47411275,-,Gnathostomata,Gnathostomata,No,,1,1,,,,,,,,,,,,,
Cfa-Mir-1835,cfa-mir-1835,MIR-1835,GCACCCU,MIMAT0006596,None,chr10,27296054,27296114,#ERROR!,C. familiaris,C. familiaris,No,1,,1,,,,,,,,,,,,,
Cfa-Mir-1838,cfa-mir-1838,MIR-1838,CACCAGC,MIMAT0006644,None,chr21,20592019,20592076,#ERROR!,C. familiaris,C. familiaris,No,,1,1,,,,,,,,,,,,,
Cfa-Mir-1840,cfa-mir-1840,MIR-1840,GUUAGGG,None,MIMAT0006679,chr37,25734791,25734851,#ERROR!,C. familiaris,C. familiaris,No,,,1,,,,,,,,,,,,,
Cfa-Mir-1842-v1,cfa-mir-1842,MIR-1842,UGGCUCU,MIMAT0006701,None,chr6,38759034,38759094,#ERROR!,Eutheria,Eutheria,No,1,,,,,,,,,,,,,,,
Cfa-Mir-1842-v2,cfa-mir-1842,MIR-1842,GGCUCUG,MIMAT0006701,None,chr6,38759035,38759094,#ERROR!,Eutheria,Eutheria,No,,,,,,,,,,,,,,,,
Cfa-Mir-1844,cfa-mir-1844,MIR-1844,GGACUAC,MIMAT0006740,None,chr9,32760904,32760963,#ERROR!,C. familiaris,C. familiaris,No,,,,,,,,,,,,,,,,
Cfa-Mir-1911,None,MIR-1911,GAGUACC,None,None,chrX,87505482,87505540,#ERROR!,Eutheria,Eutheria,No,1,,1,,,,,,,,,,,,,
Cfa-Mir-1912,None,MIR-1912,ACCCAGA,None,None,chrX,87400543,87400597,#ERROR!,Eutheria,Eutheria,No,,,,,,,,,,,,,,,,
Cfa-Mir-2114,cfa-mir-2114,MIR-2114,AGUCCCU,MIMAT0034427,None,chrX,118541359,118541416,#ERROR!,Eutheria,Eutheria,No,,,1,,,,,,,,,,,,,
Cfa-Mir-2355,None,MIR-2355,UCCCCAG,None,None,chr37,15549132,15549198,-,Eutheria,Eutheria,No,,,1,,,,,,,,,,,,,
Cfa-Mir-2387,cfa-mir-2387,MIR-2387,GGAAGGC,None,MIMAT0034370,chr6,5910334,5910388,-,Boreoeutheria,Boreoeutheria,No,,,1,,,,,,,,,,,,,
Cfa-Mir-2483,cfa-mir-2483,MIR-2483,GUCAACC,MIMAT0034421,None,chrX,96560910,96560965,-,Eutheria,Eutheria,No,1,,,,,,,,,,,,,,,
Cfa-Mir-3059,None,MIR-3059,UUCCUCU,None,None,chr15,28107144,28107201,-,Eutheria,Eutheria,Yes,,,,,,,,,,,,,,,,
Cfa-Mir-3085,None,MIR-3085,CUGGCUG,None,None,chr28,11089083,11089143,-,Eutheria,Eutheria,Yes,,,1,,,,,,,,,,,,,
Cfa-Mir-3613,None,MIR-3613,GUUGUAC,None,None,VSDE02000093.1,2150431,2150489,#ERROR!,Theria,Theria,No,,,1,,,,,,,,,,,,,
Cfa-Mir-6529,cfa-mir-6529,MIR-6529,AGAGAUC,None,MIMAT0034278,chr33,23649328,23649388,-,Eutheria,Eutheria,No,,,1,,,,,,,,,,,,,
Cfa-Mir-6715,None,MIR-6715,CAGGCAC,None,None,chr28,23373855,23373911,#ERROR!,Eutheria,Eutheria,No,,,1,,,,,,,,,,,,,
Cfa-Mir-7180,cfa-mir-7180,MIR-7180,GUGGCCU,None,MIMAT0034382,chr7,35996333,35996390,#ERROR!,Eutheria,Eutheria,Yes,1,,,,,,,,,,,,,,,
Cfa-Mir-8859-P1,cfa-mir-8859b,MIR-8859,CCGCGCC,None,MIMAT0034358,chr18,46690581,46690638,-,C. familiaris,C. familiaris,No,,,1,,,,,,,,,,,,,
Cfa-Mir-8859-P2,cfa-mir-8859a,MIR-8859,GGAUCGG,None,MIMAT0034354,chr18,46690410,46690471,-,C. familiaris,C. familiaris,No,,,1,,,,,,,,,,,,,
Cfa-Mir-8902,cfa-mir-8902,MIR-8902,AUCCAUU,MIMAT0034412,None,chr4,50474028,50474084,#ERROR!,C. familiaris,C. familiaris,Yes,1,,1,,,,,,,,,,,,,
Cfa-Mir-8908-P1a1,cfa-mir-8908a-1,MIR-8908,AUUAGGA,MIMAT0034428,MIMAT0034429,chrX,114689813,114689872,-,C. familiaris,C. familiaris,No,,,,,,,,,,,,,,,,
Cfa-Mir-8908-P1a2,cfa-mir-8908a-3,MIR-8908,AUUAGGA,MIMAT0034428,MIMAT0034429,chrX,114684100,114684159,-,C. familiaris,C. familiaris,No,1,,,,,,,,,,,,,,,
Cfa-Mir-8908-P1b,cfa-mir-8908a-2,MIR-8908,AUUAGGA,None,MIMAT0034429,chrX,114687030,114687089,-,C. familiaris,C. familiaris,No,,,,,,,,,,,,,,,,
Cfa-Mir-8908-P1c,cfa-mir-8908a-4,MIR-8908,AUUAGGA,MIMAT0034428,MIMAT0034429,chrX,114680911,114680970,-,C. familiaris,C. familiaris,No,1,,,,,,,,,,,,,,,
Cfa-Mir-8908-P1d,None,MIR-8908,UUAGGAC,None,None,chrUn_JH373668,22740,22799,#ERROR!,C. familiaris,C. familiaris,Unknown,1,,,,,,,,,,,,,,,
Cfa-Mir-8908-P2,cfa-mir-8908b,MIR-8908,AUUCAGG,None,MIMAT0034415,chrX,114678505,114678561,-,C. familiaris,C. familiaris,No,1,,1,,,,,,,,,,,,,
Cfa-Mir-8908-P3,cfa-mir-8908c,MIR-8908,AUUAGCA,None,MIMAT0034433,chrX,114675836,114675892,-,C. familiaris,C. familiaris,No,1,,1,,,,,,,,,,,,,
Cfa-Mir-8908-P4a1,cfa-mir-8908d-1,MIR-8908,UUAGCGC,None,MIMAT0034420,chrX,114688877,114688935,-,C. familiaris,C. familiaris,No,,,,,,,,,,,,,,,,
Cfa-Mir-8908-P4a2,cfa-mir-8908d-2,MIR-8908,UUAGCGC,None,MIMAT0034420,chrX,114679976,114680034,-,C. familiaris,C. familiaris,No,,,,,,,,,,,,,,,,
Cfa-Mir-8908-P4b,cfa-mir-8908d-3,MIR-8908,UAGCGCC,None,MIMAT0034420,chrX,114686169,114686227,-,C. familiaris,C. familiaris,No,,,,,,,,,,,,,,,,
Cfa-Mir-8908-P4c,None,MIR-8908,UAGCGCC,None,None,chrUn_JH373668,23687,23747,#ERROR!,C. familiaris,C. familiaris,No,,,1,,,,,,,,,,,,,
Cfa-Mir-8908-P5,cfa-mir-8908e,MIR-8908,GCAUAGG,MIMAT0034426,None,chrX,114676848,114676903,-,C. familiaris,C. familiaris,No,1,,1,,,,,,,,,,,,,
Cfa-Mir-8908-P6,cfa-mir-8908f,MIR-8908,AGUGACU,MIMAT0034418,None,chrX,114717103,114717160,-,C. familiaris,C. familiaris,No,1,,1,,,,,,,,,,,,,
Cfa-Mir-8908-P7,None,MIR-8908,UUAGCAU,None,None,chrUn_JH373668,10366,10422,#ERROR!,C. familiaris,C. familiaris,No,1,,1,,,,,,,,,,,,,
Cfa-Mir-8908-P8,None,MIR-8908,AUCCAGA,None,None,chrUn_JH373668,13007,13063,#ERROR!,C. familiaris,C. familiaris,No,,,1,,,,,,,,,,,,,
Cfa-Mir-9851,None,MIR-9851,GGCACCA,None,None,chr28,27372109,27372165,-,Eutheria,Eutheria,No,,,1,,,,,,,,,,,,,
Cfa-Novel-1,None,CFA-NOVEL-1,GAGCAUU,None,None,chr1,71774336,71774393,-,C. familiaris,C. familiaris,Yes,,,,,,,,,,,,,,,,
Cfa-Novel-2,None,CFA-NOVEL-2,CCAGGGC,None,None,chr10,16859592,16859655,-,C. familiaris,C. familiaris,No,,,,,,,,,,,,,,,,
Cfa-Novel-3,None,CFA-NOVEL-3,CUCCAUU,None,None,chr11,63290160,63290220,#ERROR!,C. familiaris,C. familiaris,No,,,,,,,,,,,,,,,,
Cfa-Novel-4,None,CFA-NOVEL-4,GGGAUCU,None,None,chr15,23529219,23529285,-,C. familiaris,C. familiaris,No,,,,,,,,,,,,,,,,
Cfa-Novel-5,None,CFA-NOVEL-5,AGUGAGG,None,None,chr16,19323168,19323224,-,C. familiaris,C. familiaris,Yes,,,,,,,,,,,,,,,,
Cfa-Novel-6,None,CFA-NOVEL-6,CAUUCCC,None,None,chr16,20758531,20758592,-,C. familiaris,C. familiaris,No,,,,,,,,,,,,,,,,
Cfa-Novel-7,None,CFA-NOVEL-7,UGGGGAC,None,None,chr20,1756519,1756572,#ERROR!,C. familiaris,C. familiaris,Yes,1,,,,,,,,,,,,,,,
Cfa-Novel-8,None,CFA-NOVEL-8,GGGCAGG,None,None,chr20,50060114,50060170,#ERROR!,C. familiaris,C. familiaris,Yes,,,,,,,,,,,,,,,,
Cfa-Novel-9,None,CFA-NOVEL-9,GCGGGGG,None,None,chr20,57016350,57016409,-,C. familiaris,C. familiaris,Yes,,,,,,,,,,,,,,,,
Cfa-Novel-10,None,CFA-NOVEL-10,UCAGUCU,None,None,chr24,22892649,22892709,-,C. familiaris,C. familiaris,No,,,1,,,,,,,,,,,,,
Cfa-Novel-11,None,CFA-NOVEL-11,CUCCUGG,None,None,chr28,21274743,21274813,-,C. familiaris,C. familiaris,Yes,,,1,,,,,,,,,,,,,
Cfa-Novel-12,None,CFA-NOVEL-12,CUGAGAG,None,None,chr3,15387060,15387122,#ERROR!,C. familiaris,C. familiaris,No,,,1,,,,,,,,,,,,,
Cfa-Novel-13,None,CFA-NOVEL-13,UCAGAGC,None,None,chr3,35437742,35437806,#ERROR!,C. familiaris,C. familiaris,No,1,,,,,,,,,,,,,,,
Cfa-Novel-14,None,CFA-NOVEL-14,AUCUUGA,None,None,chr3,89188779,89188838,-,C. familiaris,C. familiaris,No,,,1,,,,,,,,,,,,,
Cfa-Novel-15,None,CFA-NOVEL-15,UCAUCAU,None,None,chr30,27388078,27388136,#ERROR!,C. familiaris,C. familiaris,No,,,1,,,,,,,,,,,,,
Cfa-Novel-16,None,CFA-NOVEL-16,AACCAGG,None,None,chr5,15196614,15196677,#ERROR!,C. familiaris,C. familiaris,No,,,1,,,,,,,,,,,,,
Cfa-Novel-17,None,CFA-NOVEL-17,GGCAGCA,None,None,chr6,12879003,12879059,-,C. familiaris,C. familiaris,Yes,,,,,,,,,,,,,,,,
Cfa-Novel-18,None,CFA-NOVEL-18,ACUGGAG,None,None,chr7,449942,450014,#ERROR!,C. familiaris,C. familiaris,No,,,1,,,,,,,,,,,,,
Cfa-Novel-21,None,CFA-NOVEL-21,UUCUCAU,None,None,chrX,13777803,13777884,#ERROR!,C. familiaris,C. familiaris,No,,,,,,,,,,,,,,,,
Cfa-Novel-22,None,CFA-NOVEL-22,ACAGAGA,None,None,chrX,55489338,55489394,#ERROR!,C. familiaris,C. familiaris,No,1,,,,,,,,,,,,,,,
Cfa-Novel-23,None,CFA-NOVEL-23,CCAGCAG,None,None,chrX,32945420,32945483,-,C. familiaris,C. familiaris,No,,,1,,,,,,,,,,,,,
Cfa-Novel-24,None,CFA-NOVEL-24,ACGUUGG,None,None,chrX,37879009,37879064,-,C. familiaris,C. familiaris,No,,,,,,,,,,,,,,,,