MirGeneDB ID â–²,MiRBase ID,Family,Seed,5p accession,3p accession,Chromosome,Start,End,Strand,Node of origin (locus),Node of origin (family),3' NTU,UG,UGUG,CNNC,Sk,To,Wh
Aca-Let-7-P1b,aca-let-7c-2,LET-7,GAGGUAG,MIMAT0021696,MIMAT0021698,GL343604.1,264168,264235,#ERROR!,Gnathostomata,Bilateria,No,,,,,,
Aca-Let-7-P1c,aca-let-7c-1,LET-7,GAGGUAG,MIMAT0021696,MIMAT0021697,3,154032188,154032254,-,Gnathostomata,Bilateria,No,,,1,,,
Aca-Let-7-P1d,None,LET-7,GAGGUAG,None,None,LGa,2619239,2619305,-,Gnathostomata,Bilateria,No,,,1,,,
Aca-Let-7-P2a1,aca-let-7a,LET-7,GAGGUAG,MIMAT0021692,MIMAT0021693,GL343225.1,748901,748972,-,Gnathostomata,Bilateria,Yes,,,1,,,
Aca-Let-7-P2a2,None,LET-7,GAGGUAG,None,None,5,83533341,83533411,-,Gnathostomata,Bilateria,Yes,,,,,,
Aca-Let-7-P2a3,aca-let-7f-1,LET-7,GAGGUAG,MIMAT0021703,MIMAT0021704,1,205026175,205026245,-,Gnathostomata,Bilateria,Yes,1,,,,,
Aca-Let-7-P2a4,aca-let-7e,LET-7,GAGGUAG,MIMAT0021701,MIMAT0021702,4,123683614,123683684,-,Gnathostomata,Bilateria,Yes,,1,,,,
Aca-Let-7-P2b1,aca-let-7f-2,LET-7,GAGGUAG,MIMAT0021703,MIMAT0021705,GL343225.1,748300,748376,-,Gnathostomata,Bilateria,Yes,,,1,,,
Aca-Let-7-P2b2,aca-let-7b,LET-7,GAGGUAG,MIMAT0021694,MIMAT0021695,5,83532331,83532407,-,Gnathostomata,Bilateria,Yes,,,1,,,
Aca-Let-7-P2b3,aca-mir-98,LET-7,GAGGUAG,MIMAT0021994,MIMAT0021995,1,205025693,205025770,-,Gnathostomata,Bilateria,Yes,,1,,,,
Aca-Let-7-P2b4,None,LET-7,GAGGUAG,None,None,4,123683315,123683391,-,Gnathostomata,Bilateria,Yes,,1,,,,
Aca-Let-7-P2c1,aca-let-7d,LET-7,GAGGUAG,MIMAT0021699,MIMAT0021700,GL343225.1,747549,747623,-,Gnathostomata,Bilateria,Yes,,,1,,,
Aca-Let-7-P2c2,aca-let-7i,LET-7,GAGGUAG,MIMAT0021707,MIMAT0021708,5,51075559,51075635,-,Gnathostomata,Bilateria,Yes,,,1,,,
Aca-Let-7-P2c3,aca-let-7g,LET-7,GAGGUAG,MIMAT0021706,None,2,153332770,153332847,#ERROR!,Gnathostomata,Bilateria,Yes,,,1,,,
Aca-Mir-1-P1,aca-mir-1a-1,MIR-1,GGAAUGU,MIMAT0021839,MIMAT0021840,4,38859458,38859518,#ERROR!,Gnathostomata,Bilateria,No,,,1,,,
Aca-Mir-1-P2,aca-mir-206,MIR-1,GGAAUGU,MIMAT0021857,MIMAT0021858,1,122853042,122853101,#ERROR!,Gnathostomata,Bilateria,No,,,1,,,
Aca-Mir-1-P3,aca-mir-1a-2,MIR-1,GGAAUGU,MIMAT0021841,MIMAT0021840,4,151823211,151823271,#ERROR!,Gnathostomata,Bilateria,No,,,,,,
Aca-Mir-1-P4,aca-mir-1b,MIR-1,GGAAUGU,MIMAT0021842,MIMAT0021843,GL343308.1,91131,91193,#ERROR!,Gnathostomata,Bilateria,No,,,,,,
Aca-Mir-7-P1,aca-mir-7-3,MIR-7,GGAAGAC,MIMAT0021983,None,GL343844.1,159580,159643,-,Gnathostomata,Bilateria,No,1,,1,,,
Aca-Mir-7-P2,aca-mir-7-2,MIR-7,GGAAGAC,MIMAT0021983,MIMAT0021985,2,42574659,42574722,#ERROR!,Gnathostomata,Bilateria,No,,,1,,,
Aca-Mir-7-P4,aca-mir-7-1,MIR-7,GGAAGAC,MIMAT0021983,MIMAT0021984,G889P69796FC23,216,278,#ERROR!,Gnathostomata,Bilateria,No,,,1,,,
Aca-Mir-8-P1a,aca-mir-200b,MIR-8,AAUACUG,MIMAT0021846,MIMAT0021847,GL343647.1,274657,274716,#ERROR!,Vertebrata,Bilateria,No,1,1,1,,,
Aca-Mir-8-P2a,aca-mir-200a,MIR-8,AACACUG,MIMAT0021844,MIMAT0021845,GL343647.1,276664,276724,#ERROR!,Vertebrata,Bilateria,No,1,,1,,,
Aca-Mir-8-P3a,aca-mir-429,MIR-8,AAUACUG,MIMAT0021956,MIMAT0021957,GL343647.1,283347,283406,#ERROR!,Vertebrata,Bilateria,No,,,,,,
Aca-Mir-9-P1,aca-mir-9-2,MIR-9,CUUUGGU,MIMAT0021990,None,GL343444.1,370606,370667,#ERROR!,Gnathostomata,Bilateria,No,,1,1,,,
Aca-Mir-9-P2,aca-mir-9-1,MIR-9,CUUUGGU,MIMAT0021990,MIMAT0021991,2,21613005,21613064,-,Gnathostomata,Bilateria,No,,1,1,,,
Aca-Mir-9-P4,aca-mir-9-3,MIR-9,CUUUGGU,MIMAT0021990,MIMAT0021992,G889P613971RN1,310,369,-,Gnathostomata,Bilateria,No,,1,1,,,
Aca-Mir-10-P1b-v1,aca-mir-10b,MIR-10,ACCCUGU,MIMAT0021719,MIMAT0021720,GL343356.1,481996,482057,-,Gnathostomata,Eumetazoa,No,,1,1,,,
Aca-Mir-10-P1b-v2,aca-mir-10b,MIR-10,CCCUGUA,MIMAT0021719,MIMAT0021720,GL343356.1,481997,482056,-,Gnathostomata,Eumetazoa,No,,,,,,
Aca-Mir-10-P1c-v1,aca-mir-10a,MIR-10,ACCCUGU,MIMAT0021717,MIMAT0021718,6,75570727,75570788,-,Gnathostomata,Eumetazoa,No,,,1,,,
Aca-Mir-10-P1c-v2,aca-mir-10a,MIR-10,CCCUGUA,MIMAT0021717,MIMAT0021718,6,75570728,75570787,-,Gnathostomata,Eumetazoa,No,1,,,,,
Aca-Mir-10-P1d-v1,aca-mir-10c,MIR-10,ACCCUGU,MIMAT0021721,MIMAT0021722,2,71991631,71991690,-,Gnathostomata,Eumetazoa,No,,1,,,,
Aca-Mir-10-P1d-v2,aca-mir-10c,MIR-10,CCCUGUA,MIMAT0021721,MIMAT0021722,2,71991632,71991689,-,Gnathostomata,Eumetazoa,No,,,,,,
Aca-Mir-10-P2b,aca-mir-99b,MIR-10,ACCCGUA,MIMAT0021998,MIMAT0021999,GL343604.1,262460,262519,#ERROR!,Gnathostomata,Eumetazoa,No,1,,,,,
Aca-Mir-10-P2c,aca-mir-99a,MIR-10,ACCCGUA,MIMAT0021996,MIMAT0021997,3,154034472,154034530,-,Gnathostomata,Eumetazoa,Yes,1,1,,,,
Aca-Mir-10-P2d,aca-mir-100,MIR-10,ACCCGUA,MIMAT0021709,None,LGa,2624872,2624928,-,Gnathostomata,Eumetazoa,Yes,1,,,,,
Aca-Mir-10-P3b,aca-mir-125a,MIR-10,CCCUGAG,MIMAT0021727,MIMAT0021728,GL343604.1,274397,274456,#ERROR!,Gnathostomata,Eumetazoa,No,,,1,,,
Aca-Mir-10-P3c,aca-mir-125b-2,MIR-10,CCCUGAG,MIMAT0021729,None,3,153990143,153990203,-,Gnathostomata,Eumetazoa,No,,,1,,,
Aca-Mir-10-P3d,aca-mir-125b-1,MIR-10,CCCUGAG,MIMAT0021729,None,LGa,2579072,2579133,-,Gnathostomata,Eumetazoa,No,1,,1,,,
Aca-Mir-15-P1b,aca-mir-15a,MIR-15,AGCAGCA,MIMAT0021792,MIMAT0021793,3,13039125,13039184,-,Gnathostomata,Olfactores,No,,1,,,,
Aca-Mir-15-P1c,aca-mir-15b,MIR-15,AGCAGCA,MIMAT0021790,MIMAT0021791,GL343761.1,167260,167318,#ERROR!,Gnathostomata,Olfactores,No,,,,,,
Aca-Mir-15-P2b,aca-mir-16a,MIR-15,AGCAGCA,MIMAT0021799,MIMAT0021800,3,13038975,13039038,-,Gnathostomata,Olfactores,No,,,1,,,
Aca-Mir-15-P2c,aca-mir-16b,MIR-15,AGCAGCA,MIMAT0021801,MIMAT0021802,GL343761.1,168393,168458,#ERROR!,Gnathostomata,Olfactores,No,1,,1,,,
Aca-Mir-15-P2d,aca-mir-457,MIR-15,AGCAGCA,MIMAT0021967,MIMAT0021968,G889P6440RM16,292,356,-,Gnathostomata,Olfactores,No,,1,1,,,
Aca-Mir-17-P1a,aca-mir-17,MIR-17,AAAGUGC,MIMAT0021803,MIMAT0021804,GL343584.1,108268,108328,#ERROR!,Gnathostomata,Vertebrata,No,1,,1,,,
Aca-Mir-17-P1c,None,MIR-17,AAAGUGC,None,None,GL344214.1,22328,22385,#ERROR!,Gnathostomata,Vertebrata,No,,1,1,,,
Aca-Mir-17-P2a,None,MIR-17,AAGGUGC,None,None,GL343584.1,108405,108469,#ERROR!,Gnathostomata,Vertebrata,No,,,1,,,
Aca-Mir-17-P2c,aca-mir-18b,MIR-17,AAGGUGC,MIMAT0021819,MIMAT0021820,GL344214.1,22479,22543,#ERROR!,Gnathostomata,Vertebrata,No,,,,,,
Aca-Mir-17-P4a,aca-mir-20a,MIR-17,AAAGUGC,MIMAT0021861,MIMAT0021862,GL343584.1,108699,108757,#ERROR!,Gnathostomata,Vertebrata,No,,,1,,,
Aca-Mir-17-P4c,aca-mir-20b,MIR-17,AAAGUGC,MIMAT0021863,MIMAT0021864,GL344214.1,24042,24104,#ERROR!,Gnathostomata,Vertebrata,No,,,1,,,
Aca-Mir-19-P1a,aca-mir-19a,MIR-19,GUGCAAA,MIMAT0021836,MIMAT0021837,GL343584.1,108539,108596,#ERROR!,Gnathostomata,Vertebrata,No,1,,1,,,
Aca-Mir-19-P2a,aca-mir-19b,MIR-19,GUGCAAA,None,MIMAT0021838,GL343584.1,108837,108897,#ERROR!,Gnathostomata,Vertebrata,No,,1,,,,
Aca-Mir-19-P2c,None,MIR-19,GUGCAAA,None,None,GL344214.1,24242,24302,#ERROR!,Gnathostomata,Vertebrata,No,,,,,,
Aca-Mir-21,aca-mir-21,MIR-21,AGCUUAU,MIMAT0021865,MIMAT0021866,GL343470.1,228468,228527,-,Vertebrata,Vertebrata,No,,,,,,
Aca-Mir-22-P1b,None,MIR-22,AGCUGCC,None,None,SRR150218727584143,38,101,#ERROR!,Vertebrata,Bilateria,No,,,1,,,
Aca-Mir-23-P2,aca-mir-23b,MIR-23,UCACAUU,MIMAT0021897,MIMAT0021898,2,40592005,40592064,-,Gnathostomata,Vertebrata,Yes,,1,1,,,
Aca-Mir-23-P3,aca-mir-23a,MIR-23,UCACAUU,MIMAT0021895,MIMAT0021896,2,29158348,29158408,-,Gnathostomata,Vertebrata,No,1,,1,,,
Aca-Mir-24-P2,aca-mir-24-2,MIR-24,GGCUCAG,MIMAT0021901,MIMAT0021900,2,40591325,40591384,-,Gnathostomata,Vertebrata,Yes,,,,,,
Aca-Mir-24-P3,aca-mir-24-1,MIR-24,GGCUCAG,MIMAT0021899,MIMAT0021900,2,29157652,29157711,-,Gnathostomata,Vertebrata,Yes,,,,,,
Aca-Mir-26-P1,aca-mir-26-2,MIR-26,UCAAGUA,MIMAT0021902,MIMAT0021904,6,1202369,1202429,-,Gnathostomata,Vertebrata,No,,1,,,,
Aca-Mir-26-P2,aca-mir-26-1,MIR-26,UCAAGUA,MIMAT0021902,MIMAT0021903,1,88581323,88581383,-,Gnathostomata,Vertebrata,No,,1,1,,,
Aca-Mir-26-P4,None,MIR-26,UCAAGUA,None,None,2,67040511,67040571,-,Gnathostomata,Vertebrata,No,,,,,,
Aca-Mir-27-P2,aca-mir-27b,MIR-27,UCACAGU,MIMAT0021907,MIMAT0021908,2,40591779,40591841,-,Gnathostomata,Vertebrata,No,,1,,,,
Aca-Mir-27-P3,aca-mir-27a,MIR-27,UCACAGU,MIMAT0021905,MIMAT0021906,2,29157937,29157998,-,Gnathostomata,Vertebrata,No,,,1,,,
Aca-Mir-29-P1b-v1,aca-mir-29b-2,MIR-29,AGCACCA,None,MIMAT0021914,5,1037468,1037531,-,Gnathostomata,Bilateria,No,,,1,,,
Aca-Mir-29-P1b-v2,aca-mir-29b-2,MIR-29,UAGCACC,None,MIMAT0021914,5,1037469,1037530,-,Gnathostomata,Bilateria,No,,,1,,,
Aca-Mir-29-P1d-v1,aca-mir-29b-1,MIR-29,AGCACCA,None,MIMAT0021914,GL343255.1,1940195,1940259,#ERROR!,Gnathostomata,Bilateria,No,,,1,,,
Aca-Mir-29-P1d-v2,aca-mir-29b-1,MIR-29,UAGCACC,None,MIMAT0021914,GL343255.1,1940196,1940258,#ERROR!,Gnathostomata,Bilateria,No,,,1,,,
Aca-Mir-29-P2b,aca-mir-29a-1,MIR-29,AGCACCA,MIMAT0021911,MIMAT0021912,5,1036151,1036210,-,Gnathostomata,Bilateria,No,,,1,,,
Aca-Mir-29-P2d,aca-mir-29a-2,MIR-29,AGCACCA,MIMAT0021913,MIMAT0021912,GL343255.1,1943488,1943547,#ERROR!,Gnathostomata,Bilateria,No,,,1,,,
Aca-Mir-30-P1a,aca-mir-30d,MIR-30,GUAAACA,MIMAT0021926,MIMAT0021927,4,1751122,1751178,-,Gnathostomata,Vertebrata,No,,,1,,,
Aca-Mir-30-P1b,aca-mir-30a,MIR-30,GUAAACA,MIMAT0021920,MIMAT0021921,1,168155618,168155681,-,Gnathostomata,Vertebrata,No,1,1,1,,,
Aca-Mir-30-P1d,aca-mir-30e,MIR-30,GUAAACA,MIMAT0021928,MIMAT0021929,GL343308.1,250303,250366,#ERROR!,Gnathostomata,Vertebrata,No,,1,1,,,
Aca-Mir-30-P2a,aca-mir-30b,MIR-30,GUAAACA,MIMAT0021922,MIMAT0021923,4,1747987,1748046,-,Gnathostomata,Vertebrata,No,1,,1,,,
Aca-Mir-30-P2b,aca-mir-30c-1,MIR-30,GUAAACA,MIMAT0021924,MIMAT0021925,1,168132518,168132581,-,Gnathostomata,Vertebrata,No,,1,1,,,
Aca-Mir-30-P2d,None,MIR-30,GUAAACA,None,None,GL343308.1,254254,254314,#ERROR!,Gnathostomata,Vertebrata,No,,1,1,,,
Aca-Mir-31,aca-mir-31,MIR-31,GGCAAGA,MIMAT0021930,MIMAT0021931,2,61607441,61607499,#ERROR!,Bilateria,Bilateria,No,,,1,,,
Aca-Mir-32,aca-mir-32,MIR-32,AUUGCAC,MIMAT0021932,MIMAT0021933,6,57468294,57468355,#ERROR!,Gnathostomata,Gnathostomata,No,1,1,,,,
Aca-Mir-33-P1,aca-mir-33-2,MIR-33,UGCAUUG,MIMAT0021934,MIMAT0021936,GL343500.1,19241,19299,#ERROR!,Gnathostomata,Bilateria,No,1,1,1,,,
Aca-Mir-33-P3,aca-mir-33-1,MIR-33,UGCAUUG,MIMAT0021934,MIMAT0021935,5,26778873,26778933,#ERROR!,Gnathostomata,Bilateria,No,,1,,,,
Aca-Mir-34-P1,aca-mir-34b,MIR-34,GGCAGUG,MIMAT0021941,MIMAT0021942,GL343701.1,93370,93435,-,Gnathostomata,Bilateria,No,1,1,1,,,
Aca-Mir-34-P2a,aca-mir-34c,MIR-34,GGCAGUG,MIMAT0021943,MIMAT0021944,GL343521.1,197485,197543,-,Gnathostomata,Bilateria,No,,,,,,
Aca-Mir-34-P2b,aca-mir-34a,MIR-34,GGCAGUG,MIMAT0021939,MIMAT0021940,GL343521.1,196053,196106,-,Gnathostomata,Bilateria,No,1,,1,,,
Aca-Mir-34-P3a,aca-mir-449b,MIR-34,GGCAGUG,MIMAT0021959,None,2,2663692,2663757,#ERROR!,Gnathostomata,Bilateria,No,,,,,,
Aca-Mir-34-P3c,aca-mir-449a,MIR-34,GGCAGUG,MIMAT0021958,None,2,2665578,2665639,#ERROR!,Gnathostomata,Bilateria,Unknown,1,,,,,
Aca-Mir-34-P3d,aca-mir-449c,MIR-34,GGCAGUG,MIMAT0022014,MIMAT0022015,2,2666240,2666298,#ERROR!,Gnathostomata,Bilateria,No,1,,1,,,
Aca-Mir-92-P1a,aca-mir-92a-1,MIR-92,AUUGCAC,None,MIMAT0021993,GL343584.1,108950,109010,#ERROR!,Gnathostomata,Bilateria,No,,,,,,
Aca-Mir-92-P1c,aca-mir-92a-2,MIR-92,AUUGCAC,None,MIMAT0021993,GL344214.1,24446,24508,#ERROR!,Gnathostomata,Bilateria,No,,1,1,,,
Aca-Mir-92-P2a,aca-mir-367,MIR-92,AUUGCAC,None,MIMAT0021949,5,142964152,142964211,#ERROR!,Gnathostomata,Bilateria,No,1,,,,,
Aca-Mir-92-P2c,aca-mir-363,MIR-92,AUUGCAC,MIMAT0021945,MIMAT0021946,GL344214.1,24606,24670,#ERROR!,Gnathostomata,Bilateria,No,1,,,,,
Aca-Mir-96-P2,aca-mir-182,MIR-96,UUGGCAA,MIMAT0021811,MIMAT0021812,G889P619112RE16,188,252,#ERROR!,Bilateria,Bilateria,No,,,,,,
Aca-Mir-101-P1-v1,aca-mir-101-1,MIR-101,ACAGUAC,MIMAT0021710,MIMAT0021711,4,98411454,98411512,#ERROR!,Vertebrata,Vertebrata,No,,1,1,,,
Aca-Mir-101-P1-v2,aca-mir-101-1,MIR-101,UACAGUA,MIMAT0021710,MIMAT0021711,4,98411455,98411511,#ERROR!,Vertebrata,Vertebrata,No,,,,,,
Aca-Mir-101-P2-v1,aca-mir-101-2,MIR-101,ACAGUAC,MIMAT0021712,MIMAT0021711,2,52137657,52137715,#ERROR!,Vertebrata,Vertebrata,No,1,,,,,
Aca-Mir-101-P2-v2,aca-mir-101-2,MIR-101,UACAGUA,MIMAT0021712,MIMAT0021711,2,52137658,52137714,#ERROR!,Vertebrata,Vertebrata,No,,,,,,
Aca-Mir-103-P1,aca-mir-107,MIR-103,GCAGCAU,MIMAT0021713,MIMAT0021714,GL343219.1,2879,2938,-,Gnathostomata,Deuterostomia,No,,,1,,,
Aca-Mir-103-P2,None,MIR-103,GCAGCAU,None,None,G889P66450RD9,417,476,#ERROR!,Gnathostomata,Deuterostomia,No,,,1,,,
Aca-Mir-103-P4,aca-mir-103,MIR-103,GCAGCAU,MIMAT0021715,MIMAT0021716,2,189292162,189292221,#ERROR!,Gnathostomata,Deuterostomia,No,,,1,,,
Aca-Mir-122,aca-mir-122,MIR-122,GGAGUGU,MIMAT0021723,MIMAT0021724,GL343213.1,2690958,2691015,#ERROR!,Vertebrata,Vertebrata,No,,,1,,,
Aca-Mir-124-P1-v1,aca-mir-124a-1,MIR-124,AAGGCAC,None,MIMAT0021725,4,29946105,29946163,#ERROR!,Gnathostomata,Bilateria,No,,,1,,,
Aca-Mir-124-P1-v2,aca-mir-124a-1,MIR-124,UAAGGCA,None,MIMAT0021725,4,29946105,29946162,#ERROR!,Gnathostomata,Bilateria,No,,,1,,,
Aca-Mir-124-P2-v1,aca-mir-124b,MIR-124,AAGGCAC,None,MIMAT0021726,4,40554196,40554256,-,Gnathostomata,Bilateria,No,,,1,,,
Aca-Mir-124-P2-v2,aca-mir-124b,MIR-124,UAAGGCA,None,MIMAT0021726,4,40554197,40554256,-,Gnathostomata,Bilateria,No,,,,,,
Aca-Mir-124-P3-v1,aca-mir-124a-2,MIR-124,AAGGCAC,None,MIMAT0021725,4,153195204,153195263,#ERROR!,Gnathostomata,Bilateria,No,,,1,,,
Aca-Mir-124-P3-v2,aca-mir-124a-2,MIR-124,UAAGGCA,None,MIMAT0021725,4,153195204,153195262,#ERROR!,Gnathostomata,Bilateria,No,,,,,,
Aca-Mir-124-P4-v1,aca-mir-124a-3,MIR-124,AAGGCAC,None,MIMAT0021725,GL344007.1,104544,104603,-,Gnathostomata,Bilateria,No,,,1,,,
Aca-Mir-124-P4-v2,aca-mir-124a-3,MIR-124,UAAGGCA,None,MIMAT0021725,GL344007.1,104545,104603,-,Gnathostomata,Bilateria,No,,,1,,,
Aca-Mir-126-P2-v1,aca-mir-126,MIR-126,CGUACCG,MIMAT0021730,MIMAT0021731,GL344924.1,6937,6995,-,Vertebrata,Olfactores,No,,1,1,,,
Aca-Mir-126-P2-v2,aca-mir-126,MIR-126,AUUAUUA,MIMAT0021730,MIMAT0021731,GL344924.1,6937,6995,-,Vertebrata,Olfactores,No,,,1,,,
Aca-Mir-126-P2-v3,aca-mir-126,MIR-126,UCGUACC,MIMAT0021730,MIMAT0021731,GL344924.1,6937,6995,-,Vertebrata,Olfactores,No,,1,1,,,
Aca-Mir-128-P1,aca-mir-128-1,MIR-128,CACAGUG,MIMAT0021732,MIMAT0021733,6,42720755,42720812,#ERROR!,Gnathostomata,Vertebrata,No,1,1,,,,
Aca-Mir-128-P2,aca-mir-128-2,MIR-128,CACAGUG,None,MIMAT0021733,1,96668164,96668219,#ERROR!,Gnathostomata,Vertebrata,No,1,,1,,,
Aca-Mir-129-P2,aca-mir-129a,MIR-129,UUUUUGC,MIMAT0021734,MIMAT0021735,GL343800.1,76647,76712,-,Gnathostomata,Chordata,No,,1,1,,,
Aca-Mir-129-P4,aca-mir-129b,MIR-129,UUUUUGC,MIMAT0021736,MIMAT0021737,6,79191978,79192046,-,Gnathostomata,Chordata,No,,,1,,,
Aca-Mir-130-P1a,aca-mir-130c,MIR-130,AGUGCAA,None,MIMAT0021744,GL343282.1,1201646,1201704,-,Gnathostomata,Vertebrata,No,1,,1,,,
Aca-Mir-130-P1b,aca-mir-130a-2,MIR-130,AGUGCAA,MIMAT0021741,MIMAT0021740,GL343684.1,340820,340882,-,Gnathostomata,Vertebrata,No,,,,,,
Aca-Mir-130-P1c,aca-mir-130a-1,MIR-130,AGUGCAA,MIMAT0021739,MIMAT0021740,1,91616120,91616181,-,Gnathostomata,Vertebrata,Yes,,,1,,,
Aca-Mir-130-P2a,aca-mir-301b,MIR-130,AGUGCAA,MIMAT0021917,MIMAT0021918,GL343282.1,1200201,1200263,-,Gnathostomata,Vertebrata,No,1,,,,,
Aca-Mir-130-P2b,aca-mir-301a,MIR-130,CUCUGAC,MIMAT0021915,MIMAT0021916,GL343684.1,336512,336573,-,Gnathostomata,Vertebrata,No,1,,1,,,
Aca-Mir-130-P3a,aca-mir-454,MIR-130,AGUGCAA,MIMAT0021962,MIMAT0021963,GL343282.1,1189904,1189968,-,Gnathostomata,Vertebrata,No,,,,,,
Aca-Mir-130-P4a,aca-mir-130b,MIR-130,AGUGCAA,MIMAT0021742,MIMAT0021743,GL343282.1,1188362,1188424,-,Gnathostomata,Vertebrata,No,,,1,,,
Aca-Mir-132-P1,aca-mir-132,MIR-132,CCGUGGC,MIMAT0021745,MIMAT0021746,G889P62040RG10,543,604,#ERROR!,Vertebrata,Vertebrata,No,,1,,,,
Aca-Mir-132-P2,aca-mir-212,MIR-132,CCUUGGC,MIMAT0021869,MIMAT0021870,G889P614625FH6,277,344,-,Vertebrata,Vertebrata,No,,,1,,,
Aca-Mir-133-P1-v1,aca-mir-133a-2,MIR-133,UUGGUCC,None,MIMAT0021749,4,38863230,38863289,#ERROR!,Gnathostomata,Bilateria,No,,,1,,,
Aca-Mir-133-P1-v2,aca-mir-133a-2,MIR-133,UGGUCCC,None,MIMAT0021749,4,38863230,38863289,#ERROR!,Gnathostomata,Bilateria,No,,,1,,,
Aca-Mir-133-P2-v1,None,MIR-133,UUGGUCC,None,None,1,122859611,122859669,#ERROR!,Gnathostomata,Bilateria,No,1,1,,,,
Aca-Mir-133-P2-v2,None,MIR-133,UGGUCCC,None,None,1,122859611,122859669,#ERROR!,Gnathostomata,Bilateria,No,1,,,,,
Aca-Mir-133-P3-v1,aca-mir-133a-1,MIR-133,UUGGUCC,None,MIMAT0021749,4,151864300,151864359,#ERROR!,Gnathostomata,Bilateria,No,,,,,,
Aca-Mir-133-P3-v2,aca-mir-133a-1,MIR-133,UGGUCCC,None,MIMAT0021749,4,151864300,151864359,#ERROR!,Gnathostomata,Bilateria,No,,,,,,
Aca-Mir-133-P4-v1,None,MIR-133,UUGGUCC,None,None,GL343308.1,91309,91366,#ERROR!,Gnathostomata,Bilateria,No,,,1,,,
Aca-Mir-133-P4-v2,None,MIR-133,UGGUCCC,None,None,GL343308.1,91309,91366,#ERROR!,Gnathostomata,Bilateria,No,,,1,,,
Aca-Mir-135-P1,aca-mir-135-1,MIR-135,AUGGCUU,MIMAT0021750,MIMAT0021751,2,153285359,153285419,#ERROR!,Gnathostomata,Chordata,No,,,1,,,
Aca-Mir-135-P2,aca-mir-135-2,MIR-135,AUGGCUU,MIMAT0021750,MIMAT0021752,5,29776333,29776392,-,Gnathostomata,Chordata,No,,,1,,,
Aca-Mir-135-P4,aca-mir-135-3,MIR-135,AUGGCUU,MIMAT0021750,MIMAT0021753,GL343228.1,62430,62490,-,Gnathostomata,Chordata,No,,,1,,,
Aca-Mir-137-P1-v1,aca-mir-137a,MIR-137,UAUUGCU,None,MIMAT0021754,4,92342051,92342109,-,Gnathostomata,Bilateria,No,,,1,,,
Aca-Mir-137-P1-v2,aca-mir-137a,MIR-137,AUUGCUU,None,MIMAT0021754,4,92342050,92342110,-,Gnathostomata,Bilateria,No,1,,1,,,
Aca-Mir-137-P3-v1,aca-mir-137b,MIR-137,UAUUGCU,MIMAT0021755,MIMAT0021756,2,79052114,79052172,-,Gnathostomata,Bilateria,No,,,1,,,
Aca-Mir-137-P3-v2,aca-mir-137b,MIR-137,AUUGCUU,MIMAT0021755,MIMAT0021756,2,79052113,79052173,-,Gnathostomata,Bilateria,No,,,1,,,
Aca-Mir-138-P1,aca-mir-138-2,MIR-138,GCUGGUG,MIMAT0021757,MIMAT0021759,1,193168238,193168298,#ERROR!,Vertebrata,Vertebrata,No,1,,1,,,
Aca-Mir-138-P2,aca-mir-138-1,MIR-138,GCUGGUG,MIMAT0021757,MIMAT0021758,GL343675.1,287395,287462,#ERROR!,Vertebrata,Vertebrata,No,,,1,,,
Aca-Mir-139,aca-mir-139,MIR-139,CUACAGU,MIMAT0021762,MIMAT0021763,GL343695.1,186505,186563,-,Gnathostomata,Gnathostomata,No,,,,,,
Aca-Mir-140-P1-v1,aca-mir-140,MIR-140,CCACAGG,MIMAT0021765,MIMAT0021766,GL343643.1,205834,205895,#ERROR!,Gnathostomata,Vertebrata,No,,,1,,,
Aca-Mir-140-P1-v2,aca-mir-140,MIR-140,ACCACAG,MIMAT0021765,MIMAT0021766,GL343643.1,205834,205895,#ERROR!,Gnathostomata,Vertebrata,No,,,1,,,
Aca-Mir-142-P2-v1,aca-mir-142,MIR-142,AUAAAGU,MIMAT0021767,MIMAT0021768,GL343287.1,1405171,1405231,-,Gnathostomata,Vertebrata,No,,,1,,,
Aca-Mir-142-P2-v2,aca-mir-142,MIR-142,UAGUGUU,MIMAT0021767,MIMAT0021768,GL343287.1,1405171,1405231,-,Gnathostomata,Vertebrata,No,,,1,,,
Aca-Mir-142-P2-v3,aca-mir-142,MIR-142,GUAGUGU,MIMAT0021767,MIMAT0021768,GL343287.1,1405171,1405231,-,Gnathostomata,Vertebrata,No,,,1,,,
Aca-Mir-142-P2-v4,aca-mir-142,MIR-142,CCAUAAA,MIMAT0021767,MIMAT0021768,GL343287.1,1405169,1405233,-,Gnathostomata,Vertebrata,No,,,,,,
Aca-Mir-143,aca-mir-143,MIR-143,GAGAUGA,MIMAT0021769,MIMAT0021770,2,122658943,122658997,-,Vertebrata,Vertebrata,Yes,,,,,,
Aca-Mir-144-v1,aca-mir-144,MIR-144,GAUAUCA,MIMAT0021771,MIMAT0021772,G889P68288RO14,342,398,-,Vertebrata,Vertebrata,No,,,,,,
Aca-Mir-144-v2,aca-mir-144,MIR-144,GAUAUCA,MIMAT0021771,MIMAT0021772,G889P68288RO14,342,398,-,Vertebrata,Vertebrata,No,,,,,,
Aca-Mir-145,aca-mir-145,MIR-145,UCCAGUU,MIMAT0021773,MIMAT0021774,2,122657708,122657767,-,Vertebrata,Vertebrata,No,,,1,,,
Aca-Mir-146-P1,aca-mir-146a,MIR-146,GAGAACU,MIMAT0021775,MIMAT0021776,3,39596510,39596569,#ERROR!,Gnathostomata,Vertebrata,No,1,,1,,,
Aca-Mir-146-P2,aca-mir-146b,MIR-146,GAGAACU,MIMAT0021777,MIMAT0021778,GL343301.1,1588682,1588746,#ERROR!,Gnathostomata,Vertebrata,Unknown,,,1,,,
Aca-Mir-147-v1,aca-mir-147,MIR-147,UGUGCGG,None,MIMAT0021779,GL343506.1,18028,18087,-,Vertebrata,Vertebrata,No,,,1,,,
Aca-Mir-147-v2,aca-mir-147,MIR-147,GUGUGCG,None,MIMAT0021779,GL343506.1,18029,18086,-,Vertebrata,Vertebrata,No,,,1,,,
Aca-Mir-148-P1,aca-mir-148a,MIR-148,CAGUGCA,MIMAT0021780,MIMAT0021781,6,31781720,31781779,-,Gnathostomata,Vertebrata,No,1,,1,,,
Aca-Mir-148-P4,aca-mir-148b,MIR-148,CAGUGCA,MIMAT0021782,MIMAT0021783,2,71202722,71202782,-,Gnathostomata,Vertebrata,No,,1,1,,,
Aca-Mir-150,aca-mir-150,MIR-150,CUCCCAA,MIMAT0021784,MIMAT0021785,6,80358830,80358889,-,Gnathostomata,Gnathostomata,No,,,,,,
Aca-Mir-153-P1,aca-mir-153-1,MIR-153,UGCAUAG,None,MIMAT0021786,6,6762624,6762684,-,Gnathostomata,Bilateria,No,,,1,,,
Aca-Mir-153-P2,aca-mir-153-2,MIR-153,UGCAUAG,MIMAT0021787,MIMAT0021786,1,95540877,95540935,#ERROR!,Gnathostomata,Bilateria,No,,,1,,,
Aca-Mir-155,aca-mir-155,MIR-155,UAAUGCU,MIMAT0021788,MIMAT0021789,3,148357602,148357662,-,Vertebrata,Vertebrata,No,,,,,,
Aca-Mir-181-P1a,aca-mir-181a-1,MIR-181,ACAUUCA,MIMAT0021809,None,GL343211.1,717096,717157,-,Gnathostomata,Vertebrata,No,1,,1,,,
Aca-Mir-181-P1b,aca-mir-181a-2,MIR-181,ACAUUCA,MIMAT0021809,None,GL343937.1,21130,21190,-,Gnathostomata,Vertebrata,No,,,,,,
Aca-Mir-181-P1c,aca-mir-181a-3,MIR-181,ACAUUCA,MIMAT0021809,None,2,77116241,77116302,-,Gnathostomata,Vertebrata,No,,,,,,
Aca-Mir-181-P2a,aca-mir-181b-2,MIR-181,ACAUUCA,MIMAT0021810,None,GL343211.1,716904,716963,-,Gnathostomata,Vertebrata,Yes,,,,,,
Aca-Mir-181-P2b,aca-mir-181b-1,MIR-181,ACAUUCA,MIMAT0021810,None,GL343937.1,20226,20285,-,Gnathostomata,Vertebrata,No,,,1,,,
Aca-Mir-181-P2c,None,MIR-181,ACAUUCA,None,None,2,77114305,77114366,-,Gnathostomata,Vertebrata,Unknown,,1,,,,
Aca-Mir-184,aca-mir-184,MIR-184,GGACGGA,MIMAT0021813,MIMAT0021814,G889P611669FJ19,581,641,#ERROR!,Bilateria,Bilateria,No,,,,,,
Aca-Mir-187,aca-mir-187,MIR-187,CGUGUCU,MIMAT0021815,MIMAT0021816,6,57644275,57644332,-,Osteichthyes,Osteichthyes,No,,,1,,,
Aca-Mir-190-P1,aca-mir-190a,MIR-190,GAUAUGU,MIMAT0021821,MIMAT0021822,GL344433.1,25406,25462,#ERROR!,Gnathostomata,Bilateria,No,1,,1,,,
Aca-Mir-190-P3,aca-mir-190b,MIR-190,GAUAUGU,MIMAT0021823,None,G889P63465RJ23,337,397,#ERROR!,Gnathostomata,Bilateria,Unknown,,,1,,,
Aca-Mir-191,aca-mir-191,MIR-191,AACGGAA,MIMAT0021824,MIMAT0021825,2,187865108,187865171,-,Gnathostomata,Gnathostomata,No,,,1,,,
Aca-Mir-192-P1,aca-mir-215,MIR-192,UGACCUA,MIMAT0021873,MIMAT0021874,1,243290668,243290728,-,Vertebrata,Vertebrata,No,,1,1,,,
Aca-Mir-193-P1b,aca-mir-193,MIR-193,GGGUCUU,MIMAT0021826,MIMAT0021827,GL343198.1,1030753,1030812,#ERROR!,Vertebrata,Bilateria,No,1,,,,,
Aca-Mir-193-P2b,aca-mir-365,MIR-193,AAUGCCC,MIMAT0021947,MIMAT0021948,GL343198.1,1087521,1087582,#ERROR!,Vertebrata,Bilateria,No,,,1,,,
Aca-Mir-194-P1,aca-mir-194-1,MIR-194,GUAACAG,MIMAT0021828,MIMAT0021829,1,243290942,243290997,-,Vertebrata,Vertebrata,No,,,,,,
Aca-Mir-194-P2,aca-mir-194-2,MIR-194,GUAACAG,MIMAT0021828,MIMAT0021830,GL343545.1,154421,154479,-,Vertebrata,Vertebrata,No,1,,,,,
Aca-Mir-196-P1,aca-mir-196a-1,MIR-196,AGGUAGU,MIMAT0021831,None,GL343275.1,1429558,1429620,#ERROR!,Gnathostomata,Olfactores,No,,,1,,,
Aca-Mir-196-P3,aca-mir-196c,MIR-196,AGGUAGU,MIMAT0021832,MIMAT0021833,6,75666553,75666613,-,Gnathostomata,Olfactores,No,,,1,,,
Aca-Mir-196-P4,aca-mir-196a-2,MIR-196,AGGUAGU,MIMAT0021831,None,2,72077189,72077246,-,Gnathostomata,Olfactores,No,,,1,,,
Aca-Mir-199-P1-v1,aca-mir-199a-2,MIR-199,CAGUAGU,MIMAT0021834,None,AAWZ02037129,4079,4139,#ERROR!,Gnathostomata,Vertebrata,No,,,1,,,
Aca-Mir-199-P1-v2,aca-mir-199a-2,MIR-199,ACAGUAG,MIMAT0021834,None,AAWZ02037129,4079,4139,#ERROR!,Gnathostomata,Vertebrata,No,,,1,,,
Aca-Mir-199-P1-v3,aca-mir-199a-2,MIR-199,AGUAGUC,MIMAT0021834,None,AAWZ02037129,4079,4139,#ERROR!,Gnathostomata,Vertebrata,No,,,1,,,
Aca-Mir-199-P2-v1,aca-mir-199b,MIR-199,CAGUAGU,MIMAT0021835,None,GL343763.1,95918,95978,#ERROR!,Gnathostomata,Vertebrata,No,,,1,,,
Aca-Mir-199-P2-v2,aca-mir-199b,MIR-199,ACAGUAG,MIMAT0021835,None,GL343763.1,95918,95978,#ERROR!,Gnathostomata,Vertebrata,No,,,1,,,
Aca-Mir-199-P2-v3,aca-mir-199b,MIR-199,AGUAGUC,MIMAT0021835,None,GL343763.1,95918,95978,#ERROR!,Gnathostomata,Vertebrata,No,,,1,,,
Aca-Mir-199-P3-v1,aca-mir-199a-1,MIR-199,CAGUAGU,MIMAT0021834,None,2,80766239,80766301,-,Gnathostomata,Vertebrata,No,,,1,,,
Aca-Mir-199-P3-v2,aca-mir-199a-1,MIR-199,ACAGUAG,MIMAT0021834,None,2,80766239,80766301,-,Gnathostomata,Vertebrata,No,,,1,,,
Aca-Mir-199-P3-v3,aca-mir-199a-1,MIR-199,AGUAGUC,MIMAT0021834,None,2,80766239,80766301,-,Gnathostomata,Vertebrata,No,,,1,,,
Aca-Mir-202,aca-mir-202,MIR-202,UCCUAUG,MIMAT0021848,MIMAT0021849,GL343262.1,426464,426521,-,Vertebrata,Vertebrata,No,,,,,,
Aca-Mir-203-v1,aca-mir-203,MIR-203,UGAAAUG,MIMAT0021851,MIMAT0021852,1,5622445,5622504,-,Vertebrata,Vertebrata,No,,,1,,,
Aca-Mir-203-v2,aca-mir-203,MIR-203,GAAAUGU,MIMAT0021851,MIMAT0021852,1,5622445,5622504,-,Vertebrata,Vertebrata,Yes,,,1,,,
Aca-Mir-204-P1,aca-mir-204a-1,MIR-204,UCCCUUU,MIMAT0021853,None,GL343428.1,107556,107613,-,Gnathostomata,Vertebrata,No,,,1,,,
Aca-Mir-204-P2,aca-mir-204a-2,MIR-204,UCCCUUU,MIMAT0021853,MIMAT0021854,2,48871989,48872048,#ERROR!,Gnathostomata,Vertebrata,No,1,,1,,,
Aca-Mir-205-P2,aca-mir-205b,MIR-205,CCUUCAU,MIMAT0021856,None,5,3605657,3605715,#ERROR!,Gnathostomata,Vertebrata,No,,,1,,,
Aca-Mir-205-P4,aca-mir-205a,MIR-205,CCUUCAU,MIMAT0021855,None,4,125660749,125660807,#ERROR!,Gnathostomata,Vertebrata,No,,,,,,
Aca-Mir-208-P2,aca-mir-208,MIR-208,UAAGACG,MIMAT0021859,MIMAT0021860,GL343680.1,158525,158584,#ERROR!,Vertebrata,Vertebrata,No,,,1,,,
Aca-Mir-210,aca-mir-210,MIR-210,UGUGCGU,MIMAT0021867,MIMAT0021868,1,74505535,74505595,#ERROR!,Bilateria,Bilateria,No,,,1,,,
Aca-Mir-214-v1,aca-mir-214,MIR-214,CAGCAGG,MIMAT0021871,MIMAT0021872,AAWZ02037129,14630,14692,#ERROR!,Gnathostomata,Gnathostomata,No,,,,,,
Aca-Mir-214-v2,aca-mir-214,MIR-214,ACAGCAG,MIMAT0021871,MIMAT0021872,AAWZ02037129,14630,14692,#ERROR!,Gnathostomata,Gnathostomata,No,,,,,,
Aca-Mir-216-P2a,aca-mir-216b,MIR-216,AAUCUCU,MIMAT0021876,MIMAT0021877,1,256248887,256248949,-,Vertebrata,Bilateria,No,,1,,,,
Aca-Mir-216-P2b,aca-mir-216a,MIR-216,AAUCUCA,MIMAT0021875,None,1,256236305,256236366,-,Vertebrata,Bilateria,No,,,,,,
Aca-Mir-217-v1,aca-mir-217,MIR-217,ACUGCAU,MIMAT0021878,MIMAT0021879,1,256233880,256233938,-,Chordata,Chordata,No,,,1,,,
Aca-Mir-217-v2,aca-mir-217,MIR-217,UACUGCA,MIMAT0021878,MIMAT0021879,1,256233879,256233939,-,Chordata,Chordata,No,,,1,,,
Aca-Mir-218-P2,aca-mir-218-1,MIR-218,UGUGCUU,MIMAT0021880,MIMAT0021881,5,75691624,75691687,-,Gnathostomata,Vertebrata,Unknown,,,1,,,
Aca-Mir-218-P4,aca-mir-218-2,MIR-218,UGUGCUU,MIMAT0021880,None,1,112860800,112860863,-,Gnathostomata,Vertebrata,Unknown,,,1,,,
Aca-Mir-219-P2,aca-mir-219-1,MIR-219,GAUUGUC,MIMAT0021884,MIMAT0021885,GL344072.1,36997,37061,#ERROR!,Gnathostomata,Bilateria,No,,,1,,,
Aca-Mir-219-P3,aca-mir-219-2,MIR-219,GAUUGUC,MIMAT0021884,MIMAT0021886,GL344404.1,891,949,-,Gnathostomata,Bilateria,No,1,,,,,
Aca-Mir-221-P1a,aca-mir-222a,MIR-221,GCUACAU,MIMAT0021891,MIMAT0021892,3,135997332,135997394,-,Gnathostomata,Vertebrata,No,,1,1,,,
Aca-Mir-221-P1b,None,MIR-221,GCUACAU,None,None,GL343528.1,405279,405342,#ERROR!,Gnathostomata,Vertebrata,Yes,,1,1,,,
Aca-Mir-221-P2a,aca-mir-221,MIR-221,GCUACAU,MIMAT0021889,MIMAT0021890,3,135996388,135996448,-,Gnathostomata,Vertebrata,No,,1,,,,
Aca-Mir-223,aca-mir-223,MIR-223,GUCAGUU,MIMAT0021893,MIMAT0021894,GL343465.1,618374,618439,#ERROR!,Vertebrata,Vertebrata,No,,,1,,,
Aca-Mir-338-P2,aca-mir-338,MIR-338,CCAGCAU,MIMAT0021937,MIMAT0021938,2,99499976,99500036,#ERROR!,Vertebrata,Vertebrata,No,1,,1,,,
Aca-Mir-375,aca-mir-375,MIR-375,UUGUUCG,MIMAT0021950,MIMAT0021951,1,87863754,87863811,-,Bilateria,Bilateria,No,,,1,,,
Aca-Mir-383-v1,aca-mir-383,MIR-383,GAUCAGA,MIMAT0021952,MIMAT0021953,5,106709396,106709457,-,Tetrapoda,Tetrapoda,No,,,,,,
Aca-Mir-383-v2,aca-mir-383,MIR-383,AGAUCAG,MIMAT0021952,MIMAT0021953,5,106709396,106709458,-,Tetrapoda,Tetrapoda,Yes,,,,,,
Aca-Mir-425,aca-mir-425,MIR-425,AUGACAC,MIMAT0021954,MIMAT0021955,2,187863035,187863096,-,Gnathostomata,Gnathostomata,No,,,,,,
Aca-Mir-430-P1,aca-mir-302b,MIR-430,AAGUGCU,None,MIMAT0021919,5,142962983,142963042,#ERROR!,Gnathostomata,Vertebrata,No,,1,,,,
Aca-Mir-430-P3,None,MIR-430,AAGUGCU,None,None,5,142963794,142963853,#ERROR!,Gnathostomata,Vertebrata,Unknown,,,,,,
Aca-Mir-451,aca-mir-451,MIR-451,AACCGUU,MIMAT0021960,,G889P68288RO14,156,197,-,Vertebrata,Vertebrata,NA,,,1,,,
Aca-Mir-455,aca-mir-455,MIR-455,AUGUGCC,MIMAT0021964,MIMAT0021965,GL343398.1,893168,893225,-,Vertebrata,Vertebrata,No,,,,,,
Aca-Mir-456,aca-mir-456,MIR-456,AGGCUGG,None,MIMAT0021966,1,231781997,231782057,-,Vertebrata,Vertebrata,Yes,,1,1,,,
Aca-Mir-458,aca-mir-458,MIR-458,UAGCUCU,None,MIMAT0021969,2,121791169,121791226,-,Osteichthyes,Osteichthyes,No,,,1,,,
Aca-Mir-460-P1,aca-mir-460a,MIR-460,CUGCAUU,MIMAT0021970,MIMAT0021971,GL343687.1,195346,195404,-,Osteichthyes,Osteichthyes,No,,,1,,,
Aca-Mir-460-P2,aca-mir-460b,MIR-460,CCUCAUU,MIMAT0021972,MIMAT0021973,GL343403.1,879933,879991,-,Osteichthyes,Osteichthyes,No,,,1,,,
Aca-Mir-489-v1,aca-mir-489,MIR-489,UGACAUC,MIMAT0021974,MIMAT0021975,6,21750917,21750976,-,Osteichthyes,Osteichthyes,No,,,1,,,
Aca-Mir-489-v2,aca-mir-489,MIR-489,GACAUCA,MIMAT0021974,MIMAT0021975,6,21750916,21750977,-,Osteichthyes,Osteichthyes,No,,,1,,,
Aca-Mir-490,aca-mir-490,MIR-490,AACCUGG,MIMAT0021976,MIMAT0021977,GL343419.1,442482,442543,-,Amniota,Amniota,No,,,1,,,
Aca-Mir-499,aca-mir-499,MIR-499,UAAGACU,MIMAT0021980,MIMAT0021981,4,135451083,135451142,#ERROR!,Vertebrata,Vertebrata,No,1,,,,,
Aca-Mir-551-P2,aca-mir-551,MIR-551,AAAUCAA,None,MIMAT0021982,3,8820011,8820071,-,Vertebrata,Vertebrata,Yes,,,,,,
Aca-Mir-726,aca-mir-726,MIR-726,UCACUAC,None,MIMAT0021986,2,88642252,88642312,-,Osteichthyes,Osteichthyes,Yes,,,1,,,
Aca-Mir-727-v1,aca-mir-727,MIR-727,CAGUCUU,MIMAT0021987,MIMAT0021988,3,28511685,28511750,#ERROR!,Osteichthyes,Osteichthyes,No,,,,,,
Aca-Mir-727-v2,aca-mir-727,MIR-727,UUGAGGC,MIMAT0021987,MIMAT0021988,3,28511687,28511748,#ERROR!,Osteichthyes,Osteichthyes,No,1,,,,,
Aca-Mir-737,None,MIR-737,UUUUUUU,None,None,GL343245.1,1554419,1554479,-,Osteichthyes,Osteichthyes,No,,,,,,
Aca-Mir-875,aca-mir-875,MIR-875,AUACCUC,MIMAT0021989,None,GL343394.1,622000,622056,#ERROR!,Vertebrata,Vertebrata,Unknown,,,1,,,
Aca-Mir-1306,aca-mir-1306,MIR-1306,CACCUCC,None,MIMAT0021738,GL343364.1,1070720,1070780,-,Gnathostomata,Gnathostomata,Yes,,1,1,,,
Aca-Mir-1329-v1,aca-mir-1329,MIR-1329,ACAGUGA,MIMAT0021747,MIMAT0021748,1,147380645,147380705,-,Vertebrata,Vertebrata,No,,,1,,,
Aca-Mir-1329-v2,aca-mir-1329,MIR-1329,CAGUGAU,MIMAT0021747,MIMAT0021748,1,147380646,147380704,-,Vertebrata,Vertebrata,No,,,1,,,
Aca-Mir-1388,aca-mir-1388,MIR-1388,GGACUGU,MIMAT0021760,MIMAT0021761,4,156036018,156036078,#ERROR!,Gnathostomata,Gnathostomata,No,1,1,,,,
Aca-Mir-1397,aca-mir-1397,MIR-1397,GCAUUGC,MIMAT0021764,None,3,116429089,116429146,-,Amniota,Amniota,Unknown,1,,,,,
Aca-Mir-1662,aca-mir-1662,MIR-1662,UGACAUC,MIMAT0021794,MIMAT0021795,6,2558253,2558313,#ERROR!,Tetrapoda,Tetrapoda,No,,,,,,
Aca-Mir-1677-o1,aca-mir-1677a,MIR-1677,GACUUCA,None,MIMAT0021796,5,15152952,15153008,#ERROR!,A. carolinensis,Diapsida,Unknown,,,,,,
Aca-Mir-1677-P7,aca-mir-1677b,MIR-1677,CCAAAGC,MIMAT0021797,MIMAT0021798,GL343197.1,2025980,2026037,#ERROR!,Lepidosauria,Diapsida,No,1,1,1,,,
Aca-Mir-1720,None,MIR-1720,GAUCACC,None,None,GL343844.1,159378,159439,-,Diapsida,Diapsida,Unknown,,1,1,,,
Aca-Mir-1788,aca-mir-1788,MIR-1788,AGGCAGC,MIMAT0021805,MIMAT0021806,1,87812135,87812194,-,Vertebrata,Vertebrata,Yes,,,1,,,
Aca-Mir-1805,aca-mir-1805,MIR-1805,GUAUUGG,MIMAT0021807,MIMAT0021808,3,110979911,110979971,#ERROR!,Tetrapoda,Tetrapoda,No,,,,,,
Aca-Mir-2188,aca-mir-2188,MIR-2188,AGGUCCA,MIMAT0021882,MIMAT0021883,GL343545.1,105074,105134,-,Gnathostomata,Gnathostomata,No,,,1,,,
Aca-Mir-2970,aca-mir-2970,MIR-2970,ACAGUCA,MIMAT0021909,MIMAT0021910,2,187861425,187861483,-,Sarcopterygii,Sarcopterygii,No,,,,,,
Aca-Mir-5396-P1,aca-mir-5396a,MIR-5396,CGCACAA,MIMAT0022003,None,1,69318558,69318617,#ERROR!,A. carolinensis,A. carolinensis,No,1,,,,,
Aca-Mir-5396-P2,aca-mir-5396b,MIR-5396,CACACAA,MIMAT0037580,MIMAT0037581,1,213792664,213792723,-,A. carolinensis,A. carolinensis,No,,,1,,,
Aca-Mir-5397,aca-mir-5397,MIR-5397,ACGCAGA,MIMAT0022004,MIMAT0022005,2,92804660,92804720,#ERROR!,A. carolinensis,A. carolinensis,No,,,1,,,
Aca-Mir-5399,aca-mir-5399,MIR-5399,UGCAAGA,MIMAT0022008,MIMAT0022009,3,25386690,25386749,-,A. carolinensis,A. carolinensis,No,1,,,,,
Aca-Mir-5402,aca-mir-5402,MIR-5402,CUUCUCU,MIMAT0022012,MIMAT0022013,GL343894.1,87890,87947,#ERROR!,A. carolinensis,A. carolinensis,No,,,,,,
Aca-Mir-5405,aca-mir-5405,MIR-5405,GUUUUAU,MIMAT0022018,MIMAT0022019,GL343207.1,3269097,3269153,#ERROR!,A. carolinensis,A. carolinensis,No,,,1,,,
Aca-Mir-5406,aca-mir-5406,MIR-5406,UUUAGAC,MIMAT0022020,MIMAT0022021,GL343282.1,1474914,1474970,-,A. carolinensis,A. carolinensis,No,,,1,,,
Aca-Mir-5407,aca-mir-5407,MIR-5407,UUCGGAU,MIMAT0022022,MIMAT0022023,GL343282.1,1475314,1475373,-,A. carolinensis,A. carolinensis,No,,,1,,,
Aca-Mir-5408,aca-mir-5408a,MIR-5408,UAUCUCC,MIMAT0022024,MIMAT0022025,GL343282.1,1472528,1472585,-,A. carolinensis,A. carolinensis,No,,,1,,,
Aca-Mir-5412,aca-mir-5412,MIR-5412,AGGGUCC,MIMAT0022030,MIMAT0022031,GL343214.1,285133,285189,-,A. carolinensis,A. carolinensis,No,,1,,,,
Aca-Mir-5417,aca-mir-5417,MIR-5417,CAUCCCA,None,MIMAT0022037,GL343364.1,1077044,1077099,-,A. carolinensis,A. carolinensis,No,1,,,,,
Aca-Mir-5426,aca-mir-5426,MIR-5426,ACUCUAA,MIMAT0022046,MIMAT0022047,3,195203204,195203265,#ERROR!,A. carolinensis,A. carolinensis,No,,,1,,,
Aca-Mir-5435,aca-mir-5435b,MIR-5435,AUGACCU,MIMAT0022090,MIMAT0022090,2,25825607,25825663,#ERROR!,A. carolinensis,A. carolinensis,No,,,,,,
Aca-Mir-5436,aca-mir-5436,MIR-5436,GCUCGCU,MIMAT0022057,MIMAT0022058,4,151844946,151845004,#ERROR!,A. carolinensis,A. carolinensis,No,1,,,,,
Aca-Mir-5452,aca-mir-5452,MIR-5452,GGCCCUC,MIMAT0022075,MIMAT0022076,GL343282.1,1468406,1468464,#ERROR!,A. carolinensis,A. carolinensis,No,,,,,,
Aca-Mir-9572,aca-mir-9572,MIR-9572,ACAGCCU,MIMAT0037576,MIMAT0037577,GL343262.1,1379996,1380056,-,A. carolinensis,A. carolinensis,No,1,,1,,,
Aca-Mir-9573,aca-mir-9573,MIR-9573,CAAAACU,MIMAT0037578,MIMAT0037579,3,176359718,176359772,-,A. carolinensis,A. carolinensis,No,1,,1,,,
Aca-Mir-9574,aca-mir-9574,MIR-9574,UUCAUCU,MIMAT0037582,MIMAT0037583,2,141270233,141270287,#ERROR!,A. carolinensis,A. carolinensis,No,,,,,,
Aca-Mir-9576,aca-mir-9576,MIR-9576,UUUUAUA,MIMAT0037586,MIMAT0037587,GL343418.1,621266,621323,-,A. carolinensis,A. carolinensis,No,,,1,,,