MirGeneDB ID â–²,MiRBase ID,Family,Seed,5p accession,3p accession,Chromosome,Start,End,Strand,Node of origin (locus),Node of origin (family),3' NTU,UG,UGUG,CNNC,To
Dno-Let-7-P1c,dno-let-7c-1,LET-7,GAGGUAG,MIMAT0047475,MIMAT0047479,JH568778,4084777,4084843,-,Gnathostomata,Bilateria,No,,,1,
Dno-Let-7-P1d,dno-let-7c-2,LET-7,GAGGUAG,MIMAT0047475,MIMAT0047476,JH568225,2292916,2292982,-,Gnathostomata,Bilateria,Unknown,,,1,
Dno-Let-7-P2a1,dno-let-7a,LET-7,GAGGUAG,MIMAT0047473,MIMAT0047474,JH563897,150586,150657,-,Gnathostomata,Bilateria,Yes,,,,
Dno-Let-7-P2a2,None,LET-7,GAGGUAG,None,None,568349984_name_G734P619790RC6_T0_mate_568356458,382,448,-,Gnathostomata,Bilateria,Yes,,,1,
Dno-Let-7-P2a3,dno-let-7f-2,LET-7,GAGGUAG,MIMAT0047482,MIMAT0047484,JH580953,950712,950782,#ERROR!,Gnathostomata,Bilateria,Yes,,,,
Dno-Let-7-P2b1,dno-let-7f-1,LET-7,GAGGUAG,MIMAT0047482,MIMAT0047483,JH563897,150195,150271,-,Gnathostomata,Bilateria,Yes,,1,1,
Dno-Let-7-P2b2,dno-let-7b,LET-7,GAGGUAG,MIMAT0047477,MIMAT0047478,JH566867,410,485,#ERROR!,Gnathostomata,Bilateria,Yes,,,1,
Dno-Let-7-P2b3,dno-mir-98,LET-7,GAGGUAG,MIMAT0047592,MIMAT0047593,JH580953,951667,951745,#ERROR!,Gnathostomata,Bilateria,Yes,1,1,,
Dno-Let-7-P2c1,dno-let-7d,LET-7,GAGGUAG,MIMAT0047480,MIMAT0047481,JH563897,148047,148121,-,Gnathostomata,Bilateria,Yes,,,1,
Dno-Let-7-P2c2,dno-let-7i,LET-7,GAGGUAG,MIMAT0047486,MIMAT0047487,JH570464,207043,207119,-,Gnathostomata,Bilateria,Yes,,,1,
Dno-Let-7-P2c3,dno-let-7g,LET-7,GAGGUAG,MIMAT0047485,None,JH567460,138459,138536,-,Gnathostomata,Bilateria,Yes,,,1,
Dno-Mir-1-P1,dno-mir-1-2,MIR-1,GGAAUGU,MIMAT0047490,MIMAT0047489,JH569334,345965,346025,-,Gnathostomata,Bilateria,No,,,1,
Dno-Mir-1-P2,dno-mir-206,MIR-1,GGAAUGU,MIMAT0047748,MIMAT0047749,JH569061,719151,719210,#ERROR!,Gnathostomata,Bilateria,No,1,,1,
Dno-Mir-1-P3,dno-mir-1-1,MIR-1,GGAAUGU,MIMAT0047488,MIMAT0047489,JH567234,192117,192176,#ERROR!,Gnathostomata,Bilateria,No,,,,
Dno-Mir-7-P1,dno-mir-7-2,MIR-7,GGAAGAC,MIMAT0047491,MIMAT0047493,JH580299,258004,258067,#ERROR!,Gnathostomata,Bilateria,Unknown,,,1,
Dno-Mir-7-P2,dno-mir-7-1,MIR-7,GGAAGAC,MIMAT0047491,MIMAT0047492,JH562976,1195409,1195472,#ERROR!,Gnathostomata,Bilateria,No,,,1,
Dno-Mir-7-P4,dno-mir-7-3,MIR-7,GGAAGAC,MIMAT0047491,MIMAT0047494,JH569150,409782,409841,#ERROR!,Gnathostomata,Bilateria,No,,,1,
Dno-Mir-8-P1a,dno-mir-200b,MIR-8,AAUACUG,MIMAT0047740,MIMAT0047741,JH582619,456846,456904,-,Vertebrata,Bilateria,No,,,1,
Dno-Mir-8-P2a,None,MIR-8,AACACUG,None,None,1755814140_name_237830476_mate_1755870925,802,862,#ERROR!,Vertebrata,Bilateria,No,,,,
Dno-Mir-8-P2b,dno-mir-141,MIR-8,AACACUG,MIMAT0047655,MIMAT0047656,JH562563,113742,113806,-,Vertebrata,Bilateria,No,,,1,
Dno-Mir-8-P3a,dno-mir-429,MIR-8,AAUACUG,MIMAT0047886,MIMAT0047887,JH582619,454909,454967,-,Vertebrata,Bilateria,No,,,,
Dno-Mir-9-P1,dno-mir-9-3,MIR-9,CUUUGGU,MIMAT0047495,MIMAT0047496,JH566228,425109,425170,-,Gnathostomata,Bilateria,No,,1,1,
Dno-Mir-9-P2,dno-mir-9-2,MIR-9,CUUUGGU,MIMAT0047495,MIMAT0047496,JH570378,3465279,3465338,-,Gnathostomata,Bilateria,No,,1,1,
Dno-Mir-9-P3,dno-mir-9-1,MIR-9,CUUUGGU,MIMAT0047495,MIMAT0047496,JH579858,636262,636323,#ERROR!,Gnathostomata,Bilateria,No,,1,1,
Dno-Mir-10-P1b-v1,dno-mir-10b,MIR-10,ACCCUGU,MIMAT0047499,MIMAT0047500,JH575655,3701009,3701070,#ERROR!,Gnathostomata,Eumetazoa,No,,1,1,
Dno-Mir-10-P1b-v2,dno-mir-10b,MIR-10,CCCUGUA,MIMAT0047499,MIMAT0047500,JH575655,3701010,3701069,#ERROR!,Gnathostomata,Eumetazoa,No,,,,
Dno-Mir-10-P1c-v1,dno-mir-10a,MIR-10,ACCCUGU,MIMAT0047497,MIMAT0047498,JH562571,188561,188623,-,Gnathostomata,Eumetazoa,No,,,1,
Dno-Mir-10-P1c-v2,dno-mir-10a,MIR-10,CCCUGUA,MIMAT0047497,MIMAT0047498,JH562571,188562,188622,-,Gnathostomata,Eumetazoa,No,1,,,
Dno-Mir-10-P2c,dno-mir-99a,MIR-10,ACCCGUA,MIMAT0047594,MIMAT0047595,JH568778,4085517,4085575,-,Gnathostomata,Eumetazoa,No,1,1,,
Dno-Mir-10-P2d,dno-mir-100,MIR-10,ACCCGUA,MIMAT0047596,MIMAT0047597,JH568225,2298254,2298310,-,Gnathostomata,Eumetazoa,No,,1,,
Dno-Mir-10-P3c,dno-mir-125b-2,MIR-10,CCCUGAG,MIMAT0047614,MIMAT0047616,JH568778,4041676,4041736,-,Gnathostomata,Eumetazoa,No,,,1,
Dno-Mir-10-P3d,dno-mir-125b-1,MIR-10,CCCUGAG,MIMAT0047614,MIMAT0047615,JH568225,2245707,2245768,-,Gnathostomata,Eumetazoa,No,1,1,1,
Dno-Mir-15-P1a,dno-mir-15a,MIR-15,AGCAGCA,MIMAT0047501,MIMAT0047502,JH570793,729493,729551,-,Gnathostomata,Olfactores,No,,,,
Dno-Mir-15-P1b,dno-mir-15b,MIR-15,AGCAGCA,MIMAT0047503,MIMAT0047504,JH568701,737188,737247,#ERROR!,Gnathostomata,Olfactores,No,,,,
Dno-Mir-15-P1c,dno-mir-424,MIR-15,AGCAGCA,MIMAT0047882,MIMAT0047883,JH573198,462451,462509,#ERROR!,Gnathostomata,Olfactores,No,,1,,
Dno-Mir-15-P1d,dno-mir-497,MIR-15,AGCAGCA,MIMAT0047934,MIMAT0047935,JH574222,305147,305208,#ERROR!,Gnathostomata,Olfactores,Unknown,,,1,
Dno-Mir-15-P2a,dno-mir-16a,MIR-15,AGCAGCA,MIMAT0047505,MIMAT0047506,JH570793,729350,729414,-,Gnathostomata,Olfactores,No,1,,1,
Dno-Mir-15-P2b,dno-mir-16b,MIR-15,AGCAGCA,MIMAT0047507,MIMAT0047508,JH568701,737337,737401,#ERROR!,Gnathostomata,Olfactores,No,,,1,
Dno-Mir-15-P2c,dno-mir-503,MIR-15,GGGUAUU,MIMAT0047944,MIMAT0047945,JH573198,462819,462881,#ERROR!,Gnathostomata,Olfactores,No,,,1,
Dno-Mir-15-P2d,dno-mir-195,MIR-15,AGCAGCA,MIMAT0047727,MIMAT0047728,JH574222,305486,305546,#ERROR!,Gnathostomata,Olfactores,No,,,1,
Dno-Mir-17-P1a,dno-mir-17,MIR-17,AAAGUGC,MIMAT0047509,MIMAT0047510,JH570327,92325,92384,#ERROR!,Gnathostomata,Vertebrata,No,,,1,
Dno-Mir-17-P1c,dno-mir-106a,MIR-17,AAAGUGC,MIMAT0047604,MIMAT0047605,JH573198,1052307,1052364,#ERROR!,Gnathostomata,Vertebrata,Unknown,,,,
Dno-Mir-17-P1d,dno-mir-106b,MIR-17,AAAGUGC,MIMAT0047606,MIMAT0047607,JH567943,108748,108809,#ERROR!,Gnathostomata,Vertebrata,No,,1,1,
Dno-Mir-17-P2a,dno-mir-18a,MIR-17,AAGGUGC,MIMAT0047511,MIMAT0047512,JH570327,92464,92528,#ERROR!,Gnathostomata,Vertebrata,Unknown,,,1,
Dno-Mir-17-P2c,dno-mir-18b,MIR-17,AAGGUGC,MIMAT0047513,MIMAT0047514,JH573198,1052463,1052527,#ERROR!,Gnathostomata,Vertebrata,Unknown,,,1,
Dno-Mir-17-P4a,dno-mir-20a,MIR-17,AAAGUGC,MIMAT0047520,MIMAT0047521,JH570327,92793,92851,#ERROR!,Gnathostomata,Vertebrata,No,,1,1,
Dno-Mir-17-P4c,dno-mir-20b,MIR-17,AAAGUGC,MIMAT0047522,MIMAT0047523,JH573198,1052698,1052758,#ERROR!,Gnathostomata,Vertebrata,No,,,,
Dno-Mir-17-P4d,dno-mir-93,MIR-17,AAAGUGC,MIMAT0047586,MIMAT0047587,JH567943,108973,109034,#ERROR!,Gnathostomata,Vertebrata,No,,1,1,
Dno-Mir-19-P1a,dno-mir-19a,MIR-19,GUGCAAA,MIMAT0047515,MIMAT0047516,JH570327,92615,92672,#ERROR!,Gnathostomata,Vertebrata,No,1,,1,
Dno-Mir-19-P2a,dno-mir-19b-1,MIR-19,GUGCAAA,MIMAT0047517,MIMAT0047518,JH570327,92928,92988,#ERROR!,Gnathostomata,Vertebrata,No,,1,,
Dno-Mir-19-P2c,dno-mir-19b-2,MIR-19,GUGCAAA,MIMAT0047519,MIMAT0047518,JH573198,1052822,1052884,#ERROR!,Gnathostomata,Vertebrata,No,1,,,
Dno-Mir-21,dno-mir-21,MIR-21,AGCUUAU,MIMAT0047524,MIMAT0047525,JH567559,230418,230477,-,Vertebrata,Vertebrata,No,,,,
Dno-Mir-22-P1b,dno-mir-22,MIR-22,AGCUGCC,MIMAT0047526,MIMAT0047527,JH582994,772340,772399,#ERROR!,Vertebrata,Bilateria,No,,1,1,
Dno-Mir-23-P2,dno-mir-23b,MIR-23,UCACAUU,MIMAT0047530,MIMAT0047531,JH570415,2090017,2090076,#ERROR!,Gnathostomata,Vertebrata,No,,1,1,
Dno-Mir-23-P3,dno-mir-23a,MIR-23,UCACAUU,MIMAT0047528,MIMAT0047529,AAGV03195862,168,226,#ERROR!,Gnathostomata,Vertebrata,Unknown,1,,1,
Dno-Mir-24-P2,dno-mir-24a,MIR-24,GGCUCAG,MIMAT0047532,MIMAT0047533,JH570415,2090841,2090900,#ERROR!,Gnathostomata,Vertebrata,Yes,,,,
Dno-Mir-24-P3,dno-mir-24b,MIR-24,GGCUCAG,MIMAT0047534,MIMAT0047535,AAGV03195862,467,526,#ERROR!,Gnathostomata,Vertebrata,Yes,,,,
Dno-Mir-26-P1,dno-mir-26a-1,MIR-26,UCAAGUA,MIMAT0047538,MIMAT0047539,JH570423,6446036,6446096,#ERROR!,Gnathostomata,Vertebrata,No,,1,1,
Dno-Mir-26-P2,dno-mir-26b,MIR-26,UCAAGUA,MIMAT0047541,MIMAT0047542,JH570238,465616,465672,-,Gnathostomata,Vertebrata,No,1,1,1,
Dno-Mir-26-P4,dno-mir-26a-2,MIR-26,UCAAGUA,MIMAT0047538,MIMAT0047540,JH580497,85565,85624,#ERROR!,Gnathostomata,Vertebrata,No,,,,
Dno-Mir-27-P2,dno-mir-27b,MIR-27,UCACAGU,MIMAT0047545,MIMAT0047546,JH570415,2090250,2090312,#ERROR!,Gnathostomata,Vertebrata,No,,1,,
Dno-Mir-27-P3,dno-mir-27a,MIR-27,UCACAGU,MIMAT0047543,MIMAT0047544,AAGV03195862,315,376,#ERROR!,Gnathostomata,Vertebrata,No,,,1,
Dno-Mir-28-P1,dno-mir-28,MIR-28,ACUAGAU,MIMAT0047547,MIMAT0047548,JH569692,396109,396170,-,Eutheria,Eutheria,No,1,,1,
Dno-Mir-28-P2,dno-mir-151,MIR-28,CGAGGAG,MIMAT0047677,MIMAT0047678,JH565273,691171,691226,#ERROR!,Eutheria,Eutheria,No,,1,1,
Dno-Mir-28-P3,dno-mir-708,MIR-28,AGGAGCU,MIMAT0048006,MIMAT0048007,JH568416,1666120,1666188,#ERROR!,Eutheria,Eutheria,No,1,,,
Dno-Mir-29-P1b-v1,dno-mir-29b-1,MIR-29,AGCACCA,MIMAT0047551,MIMAT0047552,JH569928,229489,229552,-,Gnathostomata,Bilateria,No,,,1,
Dno-Mir-29-P1b-v2,dno-mir-29b-1,MIR-29,UAGCACC,MIMAT0047551,MIMAT0047552,JH569928,229490,229551,-,Gnathostomata,Bilateria,No,,,1,
Dno-Mir-29-P1d-v1,dno-mir-29b-2,MIR-29,AGCACCA,MIMAT0047553,MIMAT0047552,JH570311,1652049,1652113,-,Gnathostomata,Bilateria,No,,,1,
Dno-Mir-29-P1d-v2,dno-mir-29b-2,MIR-29,UAGCACC,MIMAT0047553,MIMAT0047552,JH570311,1652050,1652112,-,Gnathostomata,Bilateria,No,,,1,
Dno-Mir-29-P2b,dno-mir-29a,MIR-29,AGCACCA,MIMAT0047549,MIMAT0047550,JH569928,229093,229152,-,Gnathostomata,Bilateria,No,,,1,
Dno-Mir-29-P2d,dno-mir-29c,MIR-29,AGCACCA,MIMAT0047554,MIMAT0047555,JH570311,1651550,1651607,-,Gnathostomata,Bilateria,No,,,1,
Dno-Mir-30-P1a,dno-mir-30d,MIR-30,GUAAACA,MIMAT0047563,MIMAT0047564,JH569858,1749094,1749156,-,Gnathostomata,Vertebrata,No,,,1,
Dno-Mir-30-P1b,dno-mir-30a,MIR-30,GUAAACA,MIMAT0047556,MIMAT0047557,JH582191,2112177,2112239,-,Gnathostomata,Vertebrata,No,1,1,1,
Dno-Mir-30-P1d,dno-mir-30e,MIR-30,GUAAACA,MIMAT0047565,MIMAT0047566,JH563817,1495659,1495722,#ERROR!,Gnathostomata,Vertebrata,No,,,1,
Dno-Mir-30-P2a,dno-mir-30b,MIR-30,GUAAACA,MIMAT0047558,MIMAT0047559,JH569858,1744469,1744528,-,Gnathostomata,Vertebrata,No,,1,1,
Dno-Mir-30-P2b,dno-mir-30c-2,MIR-30,GUAAACA,MIMAT0047560,MIMAT0047562,JH582191,2086952,2087013,-,Gnathostomata,Vertebrata,No,1,1,1,
Dno-Mir-30-P2d,dno-mir-30c-1,MIR-30,GUAAACA,MIMAT0047560,MIMAT0047561,JH563817,1498919,1498979,#ERROR!,Gnathostomata,Vertebrata,No,,1,1,
Dno-Mir-31,dno-mir-31,MIR-31,GGCAAGA,MIMAT0047567,MIMAT0047568,JH566723,525341,525399,-,Bilateria,Bilateria,No,1,,1,
Dno-Mir-32,dno-mir-32,MIR-32,AUUGCAC,MIMAT0047569,MIMAT0047570,JH575483,619328,619389,#ERROR!,Gnathostomata,Gnathostomata,No,1,1,,
Dno-Mir-33-P1,dno-mir-33b,MIR-33,UGCAUUG,MIMAT0047573,MIMAT0047574,JH565112,379000,379055,#ERROR!,Gnathostomata,Bilateria,No,,,1,
Dno-Mir-33-P3,dno-mir-33a,MIR-33,UGCAUUG,MIMAT0047571,MIMAT0047572,JH583493,38832,38892,-,Gnathostomata,Bilateria,No,,1,1,
Dno-Mir-34-P1,dno-mir-34a,MIR-34,GGCAGUG,MIMAT0047575,MIMAT0047576,JH570376,123099,123164,-,Gnathostomata,Bilateria,No,1,1,,
Dno-Mir-34-P2a,dno-mir-34b,MIR-34,GGCAGUG,MIMAT0047577,MIMAT0047578,JH580384,2686361,2686416,#ERROR!,Gnathostomata,Bilateria,No,,,1,
Dno-Mir-34-P2b,dno-mir-34c,MIR-34,GGCAGUG,MIMAT0047579,MIMAT0047580,JH580384,2686888,2686942,#ERROR!,Gnathostomata,Bilateria,No,1,,,
Dno-Mir-34-P3a,dno-mir-449c,MIR-34,GGCAGUG,MIMAT0047895,MIMAT0047896,JH582746,1407143,1407205,-,Gnathostomata,Bilateria,Unknown,1,,,
Dno-Mir-34-P3c,dno-mir-449a,MIR-34,GGCAGUG,MIMAT0047892,MIMAT0047893,JH582746,1406026,1406087,-,Gnathostomata,Bilateria,Unknown,1,,,
Dno-Mir-92-P1a,dno-mir-92a-1,MIR-92,AUUGCAC,MIMAT0047581,MIMAT0047582,JH570327,93045,93103,#ERROR!,Gnathostomata,Bilateria,No,,1,,
Dno-Mir-92-P1c,dno-mir-92a-2,MIR-92,AUUGCAC,MIMAT0047583,MIMAT0047582,JH573198,1052961,1053022,#ERROR!,Gnathostomata,Bilateria,No,,1,,
Dno-Mir-92-P1d,dno-mir-92b,MIR-92,AUUGCAC,MIMAT0047584,MIMAT0047585,JH582162,170144,170206,#ERROR!,Gnathostomata,Bilateria,No,,,1,
Dno-Mir-92-P2a,dno-mir-367,MIR-92,AUUGCAC,MIMAT0047838,MIMAT0047839,JH580080,1519066,1519125,-,Gnathostomata,Bilateria,Unknown,,,1,
Dno-Mir-92-P2c,dno-mir-363,MIR-92,AUUGCAC,MIMAT0047833,MIMAT0047834,JH573198,1053115,1053179,#ERROR!,Gnathostomata,Bilateria,No,1,,,
Dno-Mir-92-P2d,dno-mir-25,MIR-92,AUUGCAC,MIMAT0047536,MIMAT0047537,JH567943,109177,109236,#ERROR!,Gnathostomata,Bilateria,No,1,,1,
Dno-Mir-95-P1,dno-mir-95,MIR-95,UCAACGG,MIMAT0047588,MIMAT0047589,JH580698,33887,33943,#ERROR!,Eutheria,Eutheria,No,,,,
Dno-Mir-95-P2,dno-mir-421,MIR-95,UCAACAG,MIMAT0047878,MIMAT0047879,JH569628,46718,46776,#ERROR!,Eutheria,Eutheria,Unknown,1,,,
Dno-Mir-95-P3-v1,dno-mir-545,MIR-95,UGAGUAA,MIMAT0047973,MIMAT0047974,JH568995,131983,132043,-,Eutheria,Eutheria,Unknown,,,1,
Dno-Mir-95-P3-v2,dno-mir-545,MIR-95,GAGUAAA,MIMAT0047973,MIMAT0047974,JH568995,131984,132042,-,Eutheria,Eutheria,Unknown,,,1,
Dno-Mir-96-P1,dno-mir-96,MIR-96,UUGGCAC,MIMAT0047590,MIMAT0047591,JH568910,1128922,1128985,-,Bilateria,Bilateria,No,,1,1,
Dno-Mir-96-P2,dno-mir-182,MIR-96,UUGGCAA,MIMAT0047699,MIMAT0047700,JH568910,1124861,1124925,-,Bilateria,Bilateria,No,1,,1,
Dno-Mir-96-P3-v1,dno-mir-183,MIR-96,AUGGCAC,MIMAT0047701,MIMAT0047702,JH568910,1129147,1129208,-,Bilateria,Bilateria,No,,1,1,
Dno-Mir-96-P3-v2,dno-mir-183,MIR-96,UGGCACU,MIMAT0047701,MIMAT0047702,JH568910,1129148,1129207,-,Bilateria,Bilateria,No,,,1,
Dno-Mir-101-P1-v1,dno-mir-101-1,MIR-101,ACAGUAC,MIMAT0047598,MIMAT0047599,JH582969,1484135,1484193,-,Vertebrata,Vertebrata,No,,1,1,
Dno-Mir-101-P1-v2,dno-mir-101-1,MIR-101,UACAGUA,MIMAT0047598,MIMAT0047599,JH582969,1484136,1484192,-,Vertebrata,Vertebrata,No,,,,
Dno-Mir-101-P2-v1,dno-mir-101-2,MIR-101,ACAGUAC,MIMAT0047600,MIMAT0047599,JH567481,2307391,2307449,-,Vertebrata,Vertebrata,No,1,,,
Dno-Mir-101-P2-v2,dno-mir-101-2,MIR-101,UACAGUA,MIMAT0047600,MIMAT0047599,JH567481,2307392,2307448,-,Vertebrata,Vertebrata,No,,,,
Dno-Mir-103-P1,dno-mir-107,MIR-103,GCAGCAU,MIMAT0047608,MIMAT0047609,JH568486,886362,886421,#ERROR!,Gnathostomata,Deuterostomia,No,,,1,
Dno-Mir-103-P2,dno-mir-103a-2,MIR-103,GCAGCAU,MIMAT0047603,MIMAT0047602,JH569064,129126,129185,-,Gnathostomata,Deuterostomia,No,1,,1,
Dno-Mir-103-P4,dno-mir-103a-1,MIR-103,GCAGCAU,MIMAT0047601,MIMAT0047602,JH561766,252156,252215,#ERROR!,Gnathostomata,Deuterostomia,No,,,1,
Dno-Mir-122,dno-mir-122,MIR-122,GGAGUGU,MIMAT0047610,MIMAT0047611,JH561702,1341108,1341165,-,Vertebrata,Vertebrata,No,,1,1,
Dno-Mir-124-P1-v1,dno-mir-124-1,MIR-124,AAGGCAC,MIMAT0047612,MIMAT0047613,JH569073,2335337,2335395,#ERROR!,Gnathostomata,Bilateria,No,,,1,
Dno-Mir-124-P1-v2,dno-mir-124-1,MIR-124,UAAGGCA,MIMAT0047612,MIMAT0047613,JH569073,2335337,2335394,#ERROR!,Gnathostomata,Bilateria,No,,,1,
Dno-Mir-124-P2-v1,None,MIR-124,AAGGCAC,None,None,1812924288_name_238801685_mate_1812919966,585,645,-,Gnathostomata,Bilateria,No,,,1,
Dno-Mir-124-P2-v2,None,MIR-124,UAAGGCA,None,None,1812924288_name_238801685_mate_1812919966,586,645,-,Gnathostomata,Bilateria,No,,,,
Dno-Mir-124-P3-v1,dno-mir-124-2,MIR-124,AAGGCAC,MIMAT0047612,MIMAT0047613,JH582541,37793,37852,-,Gnathostomata,Bilateria,No,1,,1,
Dno-Mir-124-P3-v2,dno-mir-124-2,MIR-124,UAAGGCA,MIMAT0047612,MIMAT0047613,JH582541,37794,37852,-,Gnathostomata,Bilateria,No,1,,1,
Dno-Mir-126-P2-v1,dno-mir-126,MIR-126,CGUACCG,MIMAT0047617,MIMAT0047618,JH581765,17334,17392,#ERROR!,Vertebrata,Olfactores,No,1,1,1,
Dno-Mir-126-P2-v2,dno-mir-126,MIR-126,AUUAUUA,MIMAT0047617,MIMAT0047618,JH581765,17334,17392,#ERROR!,Vertebrata,Olfactores,No,1,,1,
Dno-Mir-126-P2-v3,dno-mir-126,MIR-126,UCGUACC,MIMAT0047617,MIMAT0047618,JH581765,17334,17392,#ERROR!,Vertebrata,Olfactores,No,1,1,1,
Dno-Mir-127,dno-mir-127,MIR-127,CGGAUCC,MIMAT0047619,MIMAT0047620,JH578221,5211,5266,#ERROR!,Eutheria,Eutheria,No,,,1,
Dno-Mir-128-P1,dno-mir-128-2,MIR-128,CACAGUG,MIMAT0047623,MIMAT0047622,JH570423,4138067,4138124,#ERROR!,Gnathostomata,Vertebrata,No,1,1,1,
Dno-Mir-128-P2,dno-mir-128-1,MIR-128,CACAGUG,MIMAT0047621,MIMAT0047622,JH579355,1996922,1996977,-,Gnathostomata,Vertebrata,No,1,,1,
Dno-Mir-129-P1,dno-mir-129-2,MIR-129,UUUUUGC,MIMAT0047624,MIMAT0047626,JH569711,1257306,1257369,-,Gnathostomata,Chordata,No,1,1,1,
Dno-Mir-129-P2,dno-mir-129-1,MIR-129,UUUUUGC,MIMAT0047624,MIMAT0047625,JH569570,1703745,1703809,-,Gnathostomata,Chordata,No,,1,1,
Dno-Mir-130-P1c,dno-mir-130a,MIR-130,AGUGCAA,MIMAT0047627,MIMAT0047628,JH570419,1698085,1698146,#ERROR!,Gnathostomata,Vertebrata,No,1,,,
Dno-Mir-130-P2a,dno-mir-301b,MIR-130,AGUGCAA,MIMAT0047789,MIMAT0047790,JH569570,1030370,1030429,-,Gnathostomata,Vertebrata,No,1,1,,
Dno-Mir-130-P2b,dno-mir-301a,MIR-130,AGUGCAA,MIMAT0047787,MIMAT0047788,JH569978,843364,843425,-,Gnathostomata,Vertebrata,No,,,1,
Dno-Mir-130-P3b,dno-mir-454,MIR-130,AGUGCAA,MIMAT0047904,MIMAT0047905,JH569978,830677,830741,-,Gnathostomata,Vertebrata,No,,1,,
Dno-Mir-130-P4a,dno-mir-130b,MIR-130,AGUGCAA,MIMAT0047629,MIMAT0047630,JH569570,1030022,1030081,-,Gnathostomata,Vertebrata,No,,1,1,
Dno-Mir-132-P1,dno-mir-132,MIR-132,AACAGUC,MIMAT0047631,MIMAT0047632,JH582994,491776,491833,#ERROR!,Vertebrata,Vertebrata,No,,1,1,
Dno-Mir-132-P2,None,MIR-132,AACAGUC,None,None,G734P62969FC8_548930559_corrected,565,626,#ERROR!,Vertebrata,Vertebrata,No,,,1,
Dno-Mir-133-P1-v1,dno-mir-133a-2,MIR-133,UUGGUCC,MIMAT0047633,MIMAT0047634,JH569334,342785,342844,-,Gnathostomata,Bilateria,No,,,1,
Dno-Mir-133-P1-v2,dno-mir-133a-2,MIR-133,UGGUCCC,MIMAT0047633,MIMAT0047634,JH569334,342785,342844,-,Gnathostomata,Bilateria,No,,,1,
Dno-Mir-133-P2-v1,dno-mir-133b,MIR-133,UUGGUCC,MIMAT0047635,MIMAT0047636,JH569061,724912,724970,#ERROR!,Gnathostomata,Bilateria,No,,,,
Dno-Mir-133-P2-v2,dno-mir-133b,MIR-133,UGGUCCC,MIMAT0047635,MIMAT0047636,JH569061,724912,724970,#ERROR!,Gnathostomata,Bilateria,No,,,,
Dno-Mir-133-P3-v1,dno-mir-133a-1,MIR-133,UUGGUCC,MIMAT0047633,MIMAT0047634,JH567234,201887,201946,#ERROR!,Gnathostomata,Bilateria,No,,,1,
Dno-Mir-133-P3-v2,dno-mir-133a-1,MIR-133,UGGUCCC,MIMAT0047633,MIMAT0047634,JH567234,201887,201946,#ERROR!,Gnathostomata,Bilateria,No,,,1,
Dno-Mir-134,dno-mir-134,MIR-134,UGUGACU,MIMAT0047637,MIMAT0047638,JH578221,155647,155706,#ERROR!,Eutheria,Eutheria,No,,,1,
Dno-Mir-135-P1,dno-mir-135a-1,MIR-135,AUGGCUU,MIMAT0047639,MIMAT0047640,JH567460,186933,186992,-,Gnathostomata,Chordata,No,,,1,
Dno-Mir-135-P2,dno-mir-135a-2,MIR-135,AUGGCUU,MIMAT0047639,MIMAT0047641,JH569142,1448131,1448190,#ERROR!,Gnathostomata,Chordata,Yes,,,1,
Dno-Mir-135-P4,dno-mir-135b,MIR-135,AUGGCUU,MIMAT0047642,MIMAT0047643,JH563639,28397,28457,#ERROR!,Gnathostomata,Chordata,No,,,1,
Dno-Mir-136-v1,dno-mir-136,MIR-136,AUCAUCG,MIMAT0047644,MIMAT0047645,JH578221,6860,6915,#ERROR!,Eutheria,Eutheria,No,1,,,
Dno-Mir-136-v2,dno-mir-136,MIR-136,UCAUCGU,MIMAT0047644,MIMAT0047645,JH578221,6860,6915,#ERROR!,Eutheria,Eutheria,No,1,,,
Dno-Mir-137-P1-v1,dno-mir-137,MIR-137,UAUUGCU,MIMAT0047646,MIMAT0047647,JH570473,5321617,5321675,#ERROR!,Gnathostomata,Bilateria,No,,,1,
Dno-Mir-137-P1-v2,dno-mir-137,MIR-137,AUUGCUU,MIMAT0047646,MIMAT0047647,JH570473,5321616,5321676,#ERROR!,Gnathostomata,Bilateria,No,,,1,
Dno-Mir-138-P1,dno-mir-138-1,MIR-138,GCUGGUG,MIMAT0047648,MIMAT0047649,JH578458,1342211,1342271,#ERROR!,Vertebrata,Vertebrata,No,,,1,
Dno-Mir-138-P2,dno-mir-138-2,MIR-138,GCUGGUG,MIMAT0047648,MIMAT0047650,JH567044,128013,128080,-,Vertebrata,Vertebrata,No,,,1,
Dno-Mir-139,dno-mir-139,MIR-139,CUACAGU,MIMAT0047651,MIMAT0047652,JH579338,404462,404520,-,Gnathostomata,Gnathostomata,No,,1,,
Dno-Mir-140-P1-v1,dno-mir-140,MIR-140,CCACAGG,MIMAT0047653,MIMAT0047654,JH569970,120638,120699,-,Gnathostomata,Vertebrata,No,,,1,
Dno-Mir-140-P1-v2,dno-mir-140,MIR-140,ACCACAG,MIMAT0047653,MIMAT0047654,JH569970,120638,120699,-,Gnathostomata,Vertebrata,No,,,1,
Dno-Mir-142-P1-v1,dno-mir-142,MIR-142,AUAAAGU,MIMAT0047657,MIMAT0047658,JH568468,518900,518958,-,Gnathostomata,Vertebrata,No,,,1,
Dno-Mir-142-P1-v2,dno-mir-142,MIR-142,UAGUGUU,MIMAT0047657,MIMAT0047658,JH568468,518900,518958,-,Gnathostomata,Vertebrata,No,,,1,
Dno-Mir-142-P1-v3,dno-mir-142,MIR-142,GUAGUGU,MIMAT0047657,MIMAT0047658,JH568468,518900,518958,-,Gnathostomata,Vertebrata,No,,,1,
Dno-Mir-142-P1-v4,dno-mir-142,MIR-142,CCAUAAA,MIMAT0047657,MIMAT0047658,JH568468,518900,518960,-,Gnathostomata,Vertebrata,No,,,1,
Dno-Mir-143,dno-mir-143,MIR-143,GAGAUGA,MIMAT0047659,MIMAT0047660,JH564027,227766,227820,#ERROR!,Vertebrata,Vertebrata,Yes,,,,
Dno-Mir-144,dno-mir-144,MIR-144,ACAGUAU,MIMAT0047661,MIMAT0047662,JH563368,9611,9668,#ERROR!,Vertebrata,Vertebrata,No,,,,
Dno-Mir-145,None,MIR-145,UCCAGUU,None,None,572593378_name_G734P622317FC1_T0_mate_572586928,772,829,-,Vertebrata,Vertebrata,Yes,,,1,
Dno-Mir-146-P1,dno-mir-146b,MIR-146,GAGAACU,MIMAT0047665,MIMAT0047666,JH578031,588386,588445,-,Gnathostomata,Vertebrata,No,1,,1,
Dno-Mir-146-P4,dno-mir-146a,MIR-146,GAGAACU,MIMAT0047663,MIMAT0047664,JH569702,597943,597999,-,Gnathostomata,Vertebrata,No,1,,1,
Dno-Mir-147-v1,dno-mir-147,MIR-147,UGUGCGG,MIMAT0047667,MIMAT0047668,JH568452,64918,64977,-,Vertebrata,Vertebrata,No,,,1,
Dno-Mir-147-v2,dno-mir-147,MIR-147,GUGUGCG,MIMAT0047667,MIMAT0047668,JH568452,64919,64976,-,Vertebrata,Vertebrata,No,,,1,
Dno-Mir-148-P1,dno-mir-148a,MIR-148,CAGUGCA,MIMAT0047669,MIMAT0047670,JH568260,707047,707106,#ERROR!,Gnathostomata,Vertebrata,No,1,,1,
Dno-Mir-148-P3,None,MIR-148,CAGUGCA,None,None,1890563092_name_248666480_mate_1890567939,798,856,-,Gnathostomata,Vertebrata,No,,,1,
Dno-Mir-148-P4,dno-mir-148b,MIR-148,CAGUGCA,MIMAT0047671,MIMAT0047672,JH568788,119105,119165,#ERROR!,Gnathostomata,Vertebrata,No,,1,1,
Dno-Mir-149,dno-mir-149,MIR-149,CUGGCUC,MIMAT0047673,MIMAT0047674,JH572363,69474,69535,-,Eutheria,Eutheria,Unknown,,1,,
Dno-Mir-150,dno-mir-150,MIR-150,CUCCCAA,MIMAT0047675,MIMAT0047676,JH571314,190610,190665,#ERROR!,Gnathostomata,Gnathostomata,Unknown,,,1,
Dno-Mir-153-P1,dno-mir-153b,MIR-153,UGCAUAG,MIMAT0047681,MIMAT0047682,JH568072,1095486,1095546,#ERROR!,Gnathostomata,Bilateria,No,,,1,
Dno-Mir-153-P2,dno-mir-153a,MIR-153,UGCAUAG,MIMAT0047679,MIMAT0047680,JH569916,829795,829854,-,Gnathostomata,Bilateria,No,,,1,
Dno-Mir-154-P1,dno-mir-154a,MIR-154,AGGUUAU,MIMAT0047683,MIMAT0047684,JH578221,160400,160457,#ERROR!,Eutheria,Eutheria,No,,,1,
Dno-Mir-154-P2-v1,dno-mir-299,MIR-154,AUGUGGG,MIMAT0047785,MIMAT0047786,JH578221,126266,126320,#ERROR!,Eutheria,Eutheria,No,,,,
Dno-Mir-154-P2-v2,dno-mir-299,MIR-154,GGUUUAC,MIMAT0047785,MIMAT0047786,JH578221,126267,126319,#ERROR!,Eutheria,Eutheria,No,,,1,
Dno-Mir-154-P3a-v1,dno-mir-323a,MIR-154,ACAUUAC,MIMAT0047799,MIMAT0047800,JH578221,128180,128235,#ERROR!,Eutheria,Eutheria,No,1,,1,
Dno-Mir-154-P3a-v2,dno-mir-323a,MIR-154,CACAUUA,MIMAT0047799,MIMAT0047800,JH578221,128180,128235,#ERROR!,Eutheria,Eutheria,No,1,,1,
Dno-Mir-154-P3b,dno-mir-323b,MIR-154,CCAAUAC,MIMAT0047801,MIMAT0047802,JH578221,157215,157271,#ERROR!,Eutheria,Eutheria,No,1,,1,
Dno-Mir-154-P4a,dno-mir-329,MIR-154,ACACACC,MIMAT0047809,MIMAT0047810,JH578221,129500,129559,#ERROR!,Eutheria,Eutheria,No,1,,1,
Dno-Mir-154-P4b,dno-mir-329,MIR-154,ACACACC,MIMAT0047809,MIMAT0047810,JH578221,129181,129240,#ERROR!,Eutheria,Eutheria,No,1,,1,
Dno-Mir-154-P5,dno-mir-369,MIR-154,GAUCGAC,MIMAT0047840,MIMAT0047841,JH578221,165682,165737,#ERROR!,Eutheria,Eutheria,No,1,,1,
Dno-Mir-154-P6,dno-mir-377,MIR-154,UCACGCA,MIMAT0047856,MIMAT0047857,JH578221,162674,162733,#ERROR!,Eutheria,Eutheria,No,,,,
Dno-Mir-154-P7,dno-mir-379,MIR-154,GGUAGAC,MIMAT0047860,MIMAT0047861,JH578221,124581,124639,#ERROR!,Eutheria,Eutheria,No,,,1,
Dno-Mir-154-P8,dno-mir-380,MIR-154,AUGUAAU,MIMAT0047862,MIMAT0047863,JH578221,127474,127530,#ERROR!,Eutheria,Eutheria,No,,,,
Dno-Mir-154-P9,dno-mir-381,MIR-154,AUACAAG,MIMAT0047864,MIMAT0047865,JH578221,146722,146784,#ERROR!,Eutheria,Eutheria,No,1,,,
Dno-Mir-154-P10,dno-mir-382,MIR-154,AAGUUGU,MIMAT0047866,MIMAT0047867,JH578221,155333,155390,#ERROR!,Eutheria,Eutheria,No,,,1,
Dno-Mir-154-P12,dno-mir-410,MIR-154,AUAUAAC,MIMAT0047872,MIMAT0047873,JH578221,165975,166030,#ERROR!,Eutheria,Eutheria,No,,,1,
Dno-Mir-154-P13,dno-mir-411,MIR-154,AGUAGAC,MIMAT0047874,MIMAT0047875,JH578221,125809,125864,#ERROR!,Eutheria,Eutheria,No,,,1,
Dno-Mir-154-P14,dno-mir-412,MIR-154,GGUCGAC,MIMAT0047876,MIMAT0047877,JH578221,165559,165614,#ERROR!,Eutheria,Eutheria,No,,1,,
Dno-Mir-154-P15,dno-mir-485,MIR-154,GAGGCUG,MIMAT0047910,MIMAT0047911,JH578221,156384,156442,#ERROR!,Eutheria,Eutheria,No,,,1,
Dno-Mir-154-P16,dno-mir-487a,MIR-154,UGGUUAU,MIMAT0047914,MIMAT0047915,JH578221,152628,152685,#ERROR!,Eutheria,Eutheria,No,,,1,
Dno-Mir-154-P17,dno-mir-487b,MIR-154,AUCGUAC,MIMAT0047916,MIMAT0047917,JH578221,147235,147292,#ERROR!,Eutheria,Eutheria,No,,,,
Dno-Mir-154-P18,dno-mir-494,MIR-154,GAAACAU,MIMAT0047928,MIMAT0047929,JH578221,131208,131263,#ERROR!,Eutheria,Eutheria,No,,,1,
Dno-Mir-154-P19,dno-mir-495,MIR-154,AACAAAC,MIMAT0047930,MIMAT0047931,JH578221,135322,135379,#ERROR!,Eutheria,Eutheria,No,,,1,
Dno-Mir-154-P20-v1,dno-mir-496,MIR-154,GAGUAUU,MIMAT0047932,MIMAT0047933,JH578221,161287,161340,#ERROR!,Eutheria,Eutheria,No,,,1,
Dno-Mir-154-P20-v2,dno-mir-496,MIR-154,GUAUUAC,MIMAT0047932,MIMAT0047933,JH578221,161286,161341,#ERROR!,Eutheria,Eutheria,No,,,1,
Dno-Mir-154-P21,dno-mir-539,MIR-154,AUACAAG,MIMAT0047965,MIMAT0047966,JH578221,147994,148057,#ERROR!,Eutheria,Eutheria,No,1,,1,
Dno-Mir-154-P22,dno-mir-543,MIR-154,AACAUUC,MIMAT0047971,MIMAT0047972,JH578221,133458,133515,#ERROR!,Eutheria,Eutheria,No,,,1,
Dno-Mir-154-P23,dno-mir-654,MIR-154,AUGUCUG,MIMAT0047990,MIMAT0047991,JH578221,141458,141514,#ERROR!,Eutheria,Eutheria,No,,,,
Dno-Mir-154-P25,dno-mir-656,MIR-154,AUAUUAU,MIMAT0047992,MIMAT0047993,JH578221,166555,166610,#ERROR!,Eutheria,Eutheria,No,,,1,
Dno-Mir-154-P26,dno-mir-758,MIR-154,UUGUGAC,MIMAT0048010,MIMAT0048011,JH578221,128465,128522,#ERROR!,Eutheria,Eutheria,No,,,1,
Dno-Mir-154-P27,dno-mir-889,MIR-154,UAAUAUC,MIMAT0048022,MIMAT0048023,JH578221,148479,148537,#ERROR!,Eutheria,Eutheria,No,,,1,
Dno-Mir-154-P28c,None,MIR-154,GAGGAUA,None,None,JH578221,143797,143856,#ERROR!,D. novemcinctus,Eutheria,No,,,,
Dno-Mir-154-P28d,None,MIR-154,GAGGAUA,None,None,JH578221,145223,145280,#ERROR!,D. novemcinctus,Eutheria,No,,,,
Dno-Mir-154-P29,dno-mir-1193,MIR-154,GGUAGAC,MIMAT0048027,MIMAT0048028,JH578221,131614,131668,#ERROR!,Eutheria,Eutheria,No,,,1,
Dno-Mir-154-P30,dno-mir-1197,MIR-154,AGGACAC,MIMAT0048029,MIMAT0048030,JH578221,128018,128073,#ERROR!,Eutheria,Eutheria,No,,,1,
Dno-Mir-154-P31,dno-mir-3959,MIR-154,GUUGAUC,MIMAT0048065,MIMAT0048066,JH578221,152174,152227,#ERROR!,Eutheria,Eutheria,No,,,1,
Dno-Mir-154-P32,dno-mir-154b,MIR-154,GAGGUCU,MIMAT0047685,MIMAT0047686,JH578221,160728,160788,#ERROR!,Eutheria,Eutheria,No,1,,,
Dno-Mir-154-P35,None,MIR-154,AAAAUAU,None,None,JH578221,136472,136529,#ERROR!,Eutheria,Eutheria,Unknown,,,1,
Dno-Mir-154-P36,None,MIR-154,GGUUACC,None,None,JH578221,165418,165471,#ERROR!,Eutheria,Eutheria,No,1,,1,
Dno-Mir-155,dno-mir-155,MIR-155,UAAUGCU,MIMAT0047687,MIMAT0047688,JH570026,4269411,4269471,-,Vertebrata,Vertebrata,Unknown,,,,
Dno-Mir-181-P1a,dno-mir-181a-1,MIR-181,ACAUUCA,MIMAT0047689,MIMAT0047690,JH567838,1939739,1939800,#ERROR!,Gnathostomata,Vertebrata,No,,,1,
Dno-Mir-181-P1b,dno-mir-181a-2,MIR-181,ACAUUCA,MIMAT0047689,MIMAT0047691,JH568938,1612852,1612911,-,Gnathostomata,Vertebrata,No,,,1,
Dno-Mir-181-P1c,dno-mir-181c,MIR-181,ACAUUCA,MIMAT0047695,MIMAT0047696,JH578493,21926,21986,#ERROR!,Gnathostomata,Vertebrata,No,,,1,
Dno-Mir-181-P2a,dno-mir-181b-1,MIR-181,ACAUUCA,MIMAT0047692,MIMAT0047693,JH567838,1939923,1939983,#ERROR!,Gnathostomata,Vertebrata,Yes,,,,
Dno-Mir-181-P2b,dno-mir-181b-2,MIR-181,ACAUUCA,MIMAT0047692,MIMAT0047694,JH568938,1611595,1611654,-,Gnathostomata,Vertebrata,Unknown,1,,,
Dno-Mir-181-P2c,dno-mir-181d,MIR-181,ACAUUCA,MIMAT0047697,MIMAT0047698,JH578493,22107,22165,#ERROR!,Gnathostomata,Vertebrata,Unknown,,1,,
Dno-Mir-184,dno-mir-184,MIR-184,GGACGGA,MIMAT0047703,MIMAT0047704,JH579681,318736,318797,-,Bilateria,Bilateria,No,,,1,
Dno-Mir-185,dno-mir-185,MIR-185,GGAGAGA,MIMAT0047705,MIMAT0047706,JH574166,39560,39614,#ERROR!,Eutheria,Eutheria,No,,,1,
Dno-Mir-186,dno-mir-186,MIR-186,AAAGAAU,MIMAT0047707,MIMAT0047708,JH582969,8099703,8099763,-,Mammalia,Mammalia,No,,,1,
Dno-Mir-187,dno-mir-187,MIR-187,CGUGUCU,MIMAT0047709,MIMAT0047710,JH569198,1597464,1597521,-,Osteichthyes,Osteichthyes,No,,,1,
Dno-Mir-188-P1,dno-mir-188,MIR-188,AUCCCUU,MIMAT0047711,MIMAT0047712,JH569306,1545145,1545204,#ERROR!,Eutheria,Eutheria,No,1,,,
Dno-Mir-188-P2,dno-mir-532,MIR-188,AUGCCUU,MIMAT0047963,MIMAT0047964,JH569306,1544821,1544879,#ERROR!,Eutheria,Eutheria,No,1,,1,
Dno-Mir-188-P3,dno-mir-660,MIR-188,ACCCAUU,MIMAT0047994,MIMAT0047995,JH569306,1554037,1554096,#ERROR!,Eutheria,Eutheria,No,1,,1,
Dno-Mir-190-P1,dno-mir-190a,MIR-190,GAUAUGU,MIMAT0047713,MIMAT0047714,JH570268,604979,605036,-,Gnathostomata,Bilateria,No,1,,1,
Dno-Mir-190-P3,dno-mir-190b,MIR-190,GAUAUGU,MIMAT0047715,MIMAT0047716,JH573913,777841,777898,-,Gnathostomata,Bilateria,Unknown,1,,1,
Dno-Mir-191,dno-mir-191,MIR-191,AACGGAA,MIMAT0047717,MIMAT0047718,JH564313,2587249,2587312,#ERROR!,Gnathostomata,Gnathostomata,No,,,1,
Dno-Mir-192-P1,dno-mir-215,MIR-192,UGACCUA,MIMAT0047760,MIMAT0047761,JH579496,2455274,2455333,-,Vertebrata,Vertebrata,No,1,,1,
Dno-Mir-192-P2,dno-mir-192,MIR-192,UGACCUA,MIMAT0047719,MIMAT0047720,JH577683,525619,525682,-,Vertebrata,Vertebrata,No,,,,
Dno-Mir-193-P1a,dno-mir-193b,MIR-193,ACUGGCC,MIMAT0047723,MIMAT0047724,JH569587,2251302,2251361,#ERROR!,Vertebrata,Bilateria,No,1,,1,
Dno-Mir-193-P1b,dno-mir-193a,MIR-193,ACUGGCC,MIMAT0047721,MIMAT0047722,JH569875,646493,646548,#ERROR!,Vertebrata,Bilateria,No,1,,1,
Dno-Mir-193-P2a,dno-mir-365-1,MIR-193,AAUGCCC,MIMAT0047835,MIMAT0047836,JH569587,2255954,2256014,#ERROR!,Vertebrata,Bilateria,Yes,,,1,
Dno-Mir-193-P2b,dno-mir-365-2,MIR-193,AAUGCCC,MIMAT0047837,MIMAT0047836,JH569875,658736,658796,#ERROR!,Vertebrata,Bilateria,No,,,1,
Dno-Mir-194-P2,dno-mir-194,MIR-194,GUAACAG,MIMAT0047725,MIMAT0047726,JH577683,525829,525886,-,Vertebrata,Vertebrata,No,,1,1,
Dno-Mir-196-P1,dno-mir-196b,MIR-196,AGGUAGU,MIMAT0047731,MIMAT0047732,JH562181,5934,5991,-,Gnathostomata,Olfactores,No,,,1,
Dno-Mir-196-P3,dno-mir-196c,MIR-196,AGGUAGU,MIMAT0047733,MIMAT0047734,JH566304,23130,23189,-,Gnathostomata,Olfactores,No,,,1,
Dno-Mir-196-P4,dno-mir-196a,MIR-196,AGGUAGU,MIMAT0047729,MIMAT0047730,JH569826,1030436,1030494,#ERROR!,Gnathostomata,Olfactores,No,,,1,
Dno-Mir-197,dno-mir-197,MIR-197,UCACCAC,MIMAT0047735,MIMAT0047736,JH562706,297874,297934,-,Eutheria,Eutheria,No,,,,
Dno-Mir-199-P1-v1,dno-mir-199-1,MIR-199,CAGUAGU,MIMAT0047737,MIMAT0047738,JH566029,1167422,1167482,-,Gnathostomata,Vertebrata,No,,,1,
Dno-Mir-199-P1-v2,dno-mir-199-1,MIR-199,ACAGUAG,MIMAT0047737,MIMAT0047738,JH566029,1167422,1167482,-,Gnathostomata,Vertebrata,No,,,1,
Dno-Mir-199-P1-v3,dno-mir-199-1,MIR-199,AGUAGUC,MIMAT0047737,MIMAT0047738,JH566029,1167422,1167482,-,Gnathostomata,Vertebrata,No,,,1,
Dno-Mir-199-P2-v1,dno-mir-199-2,MIR-199,CAGUAGU,MIMAT0047739,MIMAT0047738,JH564958,197356,197416,#ERROR!,Gnathostomata,Vertebrata,No,,,,
Dno-Mir-199-P2-v2,dno-mir-199-2,MIR-199,ACAGUAG,MIMAT0047739,MIMAT0047738,JH564958,197356,197416,#ERROR!,Gnathostomata,Vertebrata,No,,,,
Dno-Mir-199-P2-v3,dno-mir-199-2,MIR-199,AGUAGUC,MIMAT0047739,MIMAT0047738,JH564958,197356,197416,#ERROR!,Gnathostomata,Vertebrata,No,,,,
Dno-Mir-202,dno-mir-202,MIR-202,UCCUAUG,MIMAT0047742,MIMAT0047743,JH563543,93903,93960,#ERROR!,Vertebrata,Vertebrata,No,,,1,
Dno-Mir-203-v1,None,MIR-203,UGAAAUG,None,None,554294818_name_G734P67596FH6_T0_mate_554288360,557,616,#ERROR!,Vertebrata,Vertebrata,No,,,1,
Dno-Mir-203-v2,None,MIR-203,GAAAUGU,None,None,554294818_name_G734P67596FH6_T0_mate_554288360,557,616,#ERROR!,Vertebrata,Vertebrata,Yes,,,1,
Dno-Mir-204-P1,dno-mir-211,MIR-204,UCCCUUU,MIMAT0047756,MIMAT0047757,JH582005,579275,579331,-,Gnathostomata,Vertebrata,Unknown,1,,1,
Dno-Mir-204-P2,dno-mir-204,MIR-204,UCCCUUU,MIMAT0047744,MIMAT0047745,JH566042,700050,700109,#ERROR!,Gnathostomata,Vertebrata,No,1,,1,
Dno-Mir-205-P4,dno-mir-205,MIR-205,CCUUCAU,MIMAT0047746,MIMAT0047747,JH570311,3472382,3472440,#ERROR!,Gnathostomata,Vertebrata,Unknown,,,1,
Dno-Mir-208-P1,dno-mir-208b,MIR-208,UAAGACG,MIMAT0047752,MIMAT0047753,JH573438,51638,51694,#ERROR!,Vertebrata,Vertebrata,No,,,1,
Dno-Mir-208-P2,dno-mir-208a,MIR-208,UAAGACG,MIMAT0047750,MIMAT0047751,JH573438,79255,79311,#ERROR!,Vertebrata,Vertebrata,No,,,1,
Dno-Mir-210,dno-mir-210,MIR-210,UGUGCGU,MIMAT0047754,MIMAT0047755,AAGV03299361,67,126,-,Bilateria,Bilateria,No,,,1,
Dno-Mir-214-v1,dno-mir-214,MIR-214,CAGCAGG,MIMAT0047758,MIMAT0047759,JH566029,1161622,1161684,-,Gnathostomata,Gnathostomata,No,,,,
Dno-Mir-214-v2,dno-mir-214,MIR-214,ACAGCAG,MIMAT0047758,MIMAT0047759,JH566029,1161622,1161684,-,Gnathostomata,Gnathostomata,No,,,,
Dno-Mir-216-P2a,dno-mir-216b,MIR-216,AAUCUCU,MIMAT0047764,MIMAT0047765,JH567881,186854,186915,-,Vertebrata,Bilateria,Unknown,,1,,
Dno-Mir-216-P2b,dno-mir-216a,MIR-216,AAUCUCA,MIMAT0047762,MIMAT0047763,JH567881,176266,176327,-,Vertebrata,Bilateria,No,,,,
Dno-Mir-217-v1,dno-mir-217,MIR-217,ACUGCAU,MIMAT0047766,MIMAT0047767,JH567881,170443,170501,-,Chordata,Chordata,No,,,1,
Dno-Mir-217-v2,dno-mir-217,MIR-217,UACUGCA,MIMAT0047766,MIMAT0047767,JH567881,170442,170502,-,Chordata,Chordata,No,,,1,
Dno-Mir-218-P2,dno-mir-218-1,MIR-218,UGUGCUU,MIMAT0047768,MIMAT0047769,JH581835,1866685,1866748,-,Gnathostomata,Vertebrata,Unknown,,,1,
Dno-Mir-218-P4,dno-mir-218-2,MIR-218,UGUGCUU,MIMAT0047768,MIMAT0047770,JH561766,63098,63161,#ERROR!,Gnathostomata,Vertebrata,Unknown,,,1,
Dno-Mir-219-P2,dno-mir-219b,MIR-219,GAUUGUC,MIMAT0047773,MIMAT0047774,JH564958,47850,47914,#ERROR!,Gnathostomata,Bilateria,No,,,1,
Dno-Mir-219-P2-as,None,MIR-219,GAUGUCC,None,None,JH564958,47848,47912,-,Eutheria,Bilateria,No,,,,
Dno-Mir-219-P3,dno-mir-219a,MIR-219,GAUUGUC,MIMAT0047771,MIMAT0047772,JH578991,782596,782658,-,Gnathostomata,Bilateria,No,,,1,
Dno-Mir-221-P1a,dno-mir-222,MIR-221,GCUACAU,MIMAT0047777,MIMAT0047778,JH568173,139430,139493,#ERROR!,Gnathostomata,Vertebrata,No,,1,1,
Dno-Mir-221-P2a,dno-mir-221,MIR-221,GCUACAU,MIMAT0047775,MIMAT0047776,JH568173,140066,140128,#ERROR!,Gnathostomata,Vertebrata,No,,,,
Dno-Mir-223,dno-mir-223,MIR-223,GUCAGUU,MIMAT0047779,MIMAT0047780,JH570363,279390,279454,#ERROR!,Vertebrata,Vertebrata,No,,,1,
Dno-Mir-296,dno-mir-296,MIR-296,GGGUUGG,MIMAT0047783,MIMAT0047784,JH568283,2444403,2444457,#ERROR!,Eutheria,Eutheria,Unknown,,1,,
Dno-Mir-320,None,MIR-320,AAAGCUG,None,None,JH568296,405184,405237,-,Eutheria,Eutheria,No,,,,
Dno-Mir-324,dno-mir-324,MIR-324,GCAUCCC,MIMAT0047803,MIMAT0047804,JH574222,93741,93797,#ERROR!,Eutheria,Eutheria,No,1,,1,
Dno-Mir-326,dno-mir-326,MIR-326,CUCUGGG,MIMAT0047805,MIMAT0047806,JH565704,173567,173627,-,Eutheria,Eutheria,Yes,,,1,
Dno-Mir-328,dno-mir-328,MIR-328,UGGCCCU,MIMAT0047807,MIMAT0047808,JH568388,312189,312248,#ERROR!,Eutheria,Eutheria,Yes,,,1,
Dno-Mir-330-v1,dno-mir-330,MIR-330,AAAGCAC,MIMAT0047811,MIMAT0047812,JH580665,363522,363585,#ERROR!,Eutheria,Eutheria,No,,,1,
Dno-Mir-330-v2,dno-mir-330,MIR-330,CAAAGCA,MIMAT0047811,MIMAT0047812,JH580665,363522,363585,#ERROR!,Eutheria,Eutheria,Unknown,,,1,
Dno-Mir-331,dno-mir-331,MIR-331,CCCCUGG,MIMAT0047813,MIMAT0047814,JH569484,40824,40879,-,Eutheria,Eutheria,No,1,,1,
Dno-Mir-335,dno-mir-335,MIR-335,CAAGAGC,MIMAT0047815,MIMAT0047816,JH567583,27016,27073,-,Eutheria,Eutheria,No,,,,
Dno-Mir-337-v1,dno-mir-337,MIR-337,CCUAUAU,MIMAT0047817,MIMAT0047818,JH568228,2142,2201,-,Eutheria,Eutheria,No,,,,
Dno-Mir-337-v2,dno-mir-337,MIR-337,UCCUAUA,MIMAT0047817,MIMAT0047818,JH568228,2142,2201,-,Eutheria,Eutheria,No,,,,
Dno-Mir-338-P2,dno-mir-338,MIR-338,CCAGCAU,MIMAT0047819,MIMAT0047820,JH565942,225934,225994,#ERROR!,Vertebrata,Vertebrata,No,,1,1,
Dno-Mir-339,dno-mir-339,MIR-339,CCCUGUC,MIMAT0047821,MIMAT0047822,JH583004,187782,187839,#ERROR!,Eutheria,Eutheria,No,,,1,
Dno-Mir-340,dno-mir-340,MIR-340,UAUAAAG,MIMAT0047823,MIMAT0047824,JH576995,199441,199505,-,Theria,Theria,No,1,,1,
Dno-Mir-342,dno-mir-342,MIR-342,CUCACAC,MIMAT0047825,MIMAT0047826,JH561489,96895,96961,-,Eutheria,Eutheria,No,,,1,
Dno-Mir-345,dno-mir-345,MIR-345,CUGACUC,MIMAT0047827,MIMAT0047828,JH562024,202692,202749,-,Eutheria,Eutheria,Yes,,1,1,
Dno-Mir-361-v1,dno-mir-361,MIR-361,UAUCAGA,MIMAT0047829,MIMAT0047830,JH574981,206921,206984,-,Eutheria,Eutheria,No,1,,1,
Dno-Mir-361-v2,dno-mir-361,MIR-361,CCCCCAG,MIMAT0047829,MIMAT0047830,JH574981,206922,206983,-,Eutheria,Eutheria,No,,,1,
Dno-Mir-362-P1,dno-mir-362,MIR-362,AUCCUUG,MIMAT0047831,MIMAT0047832,JH569306,1549504,1549562,#ERROR!,Eutheria,Eutheria,No,1,,1,
Dno-Mir-362-P2-v1,dno-mir-500a,MIR-362,UGCACCU,MIMAT0047938,MIMAT0047939,JH569306,1548488,1548549,#ERROR!,Eutheria,Eutheria,No,,,1,
Dno-Mir-362-P2-v2,dno-mir-500a,MIR-362,AUGCACC,MIMAT0047938,MIMAT0047939,JH569306,1548489,1548548,#ERROR!,Eutheria,Eutheria,No,1,,1,
Dno-Mir-362-P4,dno-mir-502,MIR-362,AUGCACC,MIMAT0047942,MIMAT0047943,JH569306,1556109,1556167,#ERROR!,Eutheria,Eutheria,No,1,,,
Dno-Mir-362-P5,dno-mir-500b,MIR-362,AUGCACC,MIMAT0047940,MIMAT0047941,JH569306,1550649,1550711,#ERROR!,Eutheria,Eutheria,No,,,1,
Dno-Mir-374-P1,dno-mir-374a,MIR-374,UAUAAUA,MIMAT0047846,MIMAT0047847,JH568995,132148,132199,-,Eutheria,Eutheria,No,,,,
Dno-Mir-375,dno-mir-375,MIR-375,UUGUUCG,MIMAT0047848,MIMAT0047849,JH569916,497775,497831,-,Bilateria,Bilateria,No,,,1,
Dno-Mir-376-P1,dno-mir-376a,MIR-376,UAGAUUC,MIMAT0047850,MIMAT0047851,JH578221,142061,142118,#ERROR!,Eutheria,Eutheria,No,,,1,
Dno-Mir-376-P2,dno-mir-376b,MIR-376,UCAUAGA,MIMAT0047852,MIMAT0047853,JH578221,141684,141741,#ERROR!,Eutheria,Eutheria,No,,,1,
Dno-Mir-376-P3,None,MIR-376,UAGAUUU,None,None,JH578221,141304,141361,#ERROR!,Eutheria,Eutheria,No,,,1,
Dno-Mir-376-P4,None,MIR-376,ACAUAGA,None,None,554781830_name_G734P6275FE9_T0_mate_554785391,45,102,-,Eutheria,Eutheria,No,,1,1,
Dno-Mir-378,dno-mir-378,MIR-378,CUGGACU,MIMAT0047858,MIMAT0047859,JH565448,58825,58884,#ERROR!,Eutheria,Eutheria,No,,,1,
Dno-Mir-383-v1,dno-mir-383,MIR-383,GAUCAGA,MIMAT0047868,MIMAT0047869,JH564670,1798893,1798954,-,Tetrapoda,Tetrapoda,No,,,,
Dno-Mir-383-v2,dno-mir-383,MIR-383,AGAUCAG,MIMAT0047868,MIMAT0047869,JH564670,1798893,1798955,-,Tetrapoda,Tetrapoda,Unknown,,,,
Dno-Mir-423,dno-mir-423,MIR-423,GAGGGGC,MIMAT0047880,MIMAT0047881,JH582994,2753245,2753303,-,Eutheria,Eutheria,No,,,,
Dno-Mir-425,dno-mir-425,MIR-425,AUGACAC,MIMAT0047884,MIMAT0047885,JH564313,2587714,2587776,#ERROR!,Gnathostomata,Gnathostomata,No,,,1,
Dno-Mir-430-P1,dno-mir-302b,MIR-430,AAGUGCU,MIMAT0047793,MIMAT0047794,JH580080,1519661,1519717,-,Gnathostomata,Vertebrata,Unknown,,,,
Dno-Mir-430-P2,dno-mir-302c,MIR-430,AAGUGCU,MIMAT0047795,MIMAT0047796,JH580080,1519526,1519585,-,Gnathostomata,Vertebrata,Unknown,,,,
Dno-Mir-430-P3,dno-mir-302a,MIR-430,AAGUGCU,MIMAT0047791,MIMAT0047792,JH580080,1519344,1519404,-,Gnathostomata,Vertebrata,Unknown,,,,
Dno-Mir-430-P4,dno-mir-302d,MIR-430,AAGUGCU,MIMAT0047797,MIMAT0047798,JH580080,1519185,1519244,-,Gnathostomata,Vertebrata,Unknown,,1,1,
Dno-Mir-430-P5,dno-mir-371,MIR-430,AGUGUCG,MIMAT0047842,MIMAT0047843,JH570335,104581,104641,#ERROR!,Eutheria,Vertebrata,No,,1,,
Dno-Mir-430-P6,dno-mir-372,MIR-430,AAGUGCU,MIMAT0047844,MIMAT0047845,JH570335,104769,104828,#ERROR!,Eutheria,Vertebrata,No,,,1,
Dno-Mir-430-P8,dno-mir-512,MIR-430,AGUGCUG,MIMAT0047961,MIMAT0047962,JH570335,73655,73715,#ERROR!,Eutheria,Vertebrata,No,,,,
Dno-Mir-432,dno-mir-432,MIR-432,CUUGGAG,MIMAT0047888,MIMAT0047889,JH578221,6661,6729,#ERROR!,Eutheria,Eutheria,No,,,1,
Dno-Mir-433,dno-mir-433,MIR-433,ACGGUGA,MIMAT0047890,MIMAT0047891,JH578221,4095,4168,#ERROR!,Eutheria,Eutheria,No,,,1,
Dno-Mir-450-P1,dno-mir-450c,MIR-450,UUUGUGA,MIMAT0047901,MIMAT0047902,JH573198,468836,468892,#ERROR!,Eutheria,Eutheria,Unknown,1,,,
Dno-Mir-450-P2,dno-mir-450a,MIR-450,UUUGCGA,MIMAT0047897,MIMAT0047898,JH573198,468989,469045,#ERROR!,Eutheria,Eutheria,No,,,,
Dno-Mir-450-P3,dno-mir-450b,MIR-450,UUUGCAA,MIMAT0047899,MIMAT0047900,JH573198,469158,469215,#ERROR!,Eutheria,Eutheria,No,,1,,
Dno-Mir-451,None,MIR-451,AACCGUU,None,,JH563368,9790,9831,#ERROR!,Vertebrata,Vertebrata,NA,1,,,
Dno-Mir-455,dno-mir-455,MIR-455,AUGUGCC,MIMAT0047906,MIMAT0047907,JH570314,1028610,1028667,#ERROR!,Vertebrata,Vertebrata,No,,,,
Dno-Mir-459,dno-mir-802,MIR-459,CAGUAAC,MIMAT0048014,MIMAT0048015,JH573390,2215448,2215508,#ERROR!,Vertebrata,Vertebrata,No,,,1,
Dno-Mir-483,dno-mir-483,MIR-483,ACUCCUC,MIMAT0047908,MIMAT0047909,JH581424,30805,30864,#ERROR!,Theria,Theria,No,1,,1,
Dno-Mir-486,dno-mir-486,MIR-486,CCUGUAC,MIMAT0047912,MIMAT0047913,JH570030,1750326,1750389,-,Eutheria,Eutheria,No,,,1,
Dno-Mir-488,dno-mir-488,MIR-488,UGAAAGG,MIMAT0047918,MIMAT0047919,JH577154,49226,49284,-,Eutheria,Eutheria,Yes,,,1,
Dno-Mir-489,dno-mir-489,MIR-489,UGACAUC,MIMAT0047920,MIMAT0047921,JH574710,687595,687653,#ERROR!,Osteichthyes,Osteichthyes,No,,,1,
Dno-Mir-490,dno-mir-490,MIR-490,AACCUGG,MIMAT0047922,MIMAT0047923,JH568517,1207986,1208045,-,Amniota,Amniota,No,,,1,
Dno-Mir-491,dno-mir-491,MIR-491,GUGGGGA,MIMAT0047924,MIMAT0047925,JH561418,498967,499022,-,Eutheria,Eutheria,No,1,,,
Dno-Mir-493,dno-mir-493,MIR-493,UGUACAU,MIMAT0047926,MIMAT0047927,JH568228,5543,5604,-,Eutheria,Eutheria,No,1,,,
Dno-Mir-499,dno-mir-499,MIR-499,UAAGACU,MIMAT0047936,MIMAT0047937,JH566087,1156711,1156769,#ERROR!,Vertebrata,Vertebrata,No,1,,1,
Dno-Mir-504-v1,dno-mir-504,MIR-504,GACCCUG,MIMAT0047946,MIMAT0047947,JH582387,296732,296790,#ERROR!,Eutheria,Eutheria,Unknown,,1,1,
Dno-Mir-504-v2,dno-mir-504,MIR-504,ACCCUGG,MIMAT0047946,MIMAT0047947,JH582387,296733,296789,#ERROR!,Eutheria,Eutheria,Unknown,,1,,
Dno-Mir-505-v1,dno-mir-505,MIR-505,GUCAACA,MIMAT0047948,MIMAT0047949,JH574203,317619,317677,#ERROR!,Eutheria,Eutheria,No,,,,
Dno-Mir-505-v2,dno-mir-505,MIR-505,UCAACAC,MIMAT0047948,MIMAT0047949,JH574203,317619,317677,#ERROR!,Eutheria,Eutheria,No,,,,
Dno-Mir-506-P1,dno-mir-506,MIR-506,ACUCAGG,MIMAT0047950,MIMAT0047951,JH571138,1950414,1950474,#ERROR!,Eutheria,Eutheria,Unknown,1,,1,
Dno-Mir-506-P2,dno-mir-507,MIR-506,UUGGCAU,MIMAT0047952,MIMAT0047953,JH564535,655807,655864,#ERROR!,Eutheria,Eutheria,Unknown,,1,1,
Dno-Mir-506-P3,dno-mir-508,MIR-506,GAUUGUC,MIMAT0047954,MIMAT0047955,JH564535,697744,697800,#ERROR!,Eutheria,Eutheria,Unknown,1,,,
Dno-Mir-506-P7f,dno-mir-509a-1,MIR-506,GAUUGAC,MIMAT0047956,MIMAT0047957,JH564535,715717,715774,#ERROR!,D. novemcinctus,Eutheria,Unknown,1,,1,
Dno-Mir-506-P7g,None,MIR-506,GAUUGAC,None,None,JH564535,675854,675911,#ERROR!,D. novemcinctus,Eutheria,Unknown,1,,1,
Dno-Mir-506-P7h,None,MIR-506,GACUGGC,None,None,JH564535,690101,690158,#ERROR!,D. novemcinctus,Eutheria,No,1,,1,
Dno-Mir-506-P7i,None,MIR-506,UUGACAC,None,None,JH564535,672065,672122,#ERROR!,D. novemcinctus,Eutheria,No,1,,1,
Dno-Mir-541,dno-mir-541,MIR-541,AAGGAUU,MIMAT0047967,MIMAT0047968,JH578221,164635,164700,#ERROR!,Eutheria,Eutheria,No,1,,1,
Dno-Mir-542-v1,dno-mir-542,MIR-542,GUGACAG,MIMAT0047969,MIMAT0047970,JH573198,468016,468075,#ERROR!,Eutheria,Eutheria,No,,,1,
Dno-Mir-542-v2,dno-mir-542,MIR-542,UGUGACA,MIMAT0047969,MIMAT0047970,JH573198,468017,468074,#ERROR!,Eutheria,Eutheria,No,,,1,
Dno-Mir-551-P2,dno-mir-551b,MIR-551,CGACCCA,MIMAT0047976,MIMAT0047977,JH562293,2847168,2847227,-,Vertebrata,Vertebrata,Yes,,,1,
Dno-Mir-574,dno-mir-574,MIR-574,ACGCUCA,MIMAT0047978,MIMAT0047979,JH568201,1091072,1091129,#ERROR!,Eutheria,Eutheria,No,1,,1,
Dno-Mir-582-v1,dno-mir-582,MIR-582,UACAGUU,MIMAT0047980,MIMAT0047981,JH568145,3349266,3349325,-,Eutheria,Eutheria,No,,,,
Dno-Mir-582-v2,dno-mir-582,MIR-582,AACCGGU,MIMAT0047980,MIMAT0047981,JH568145,3349267,3349324,-,Eutheria,Eutheria,No,,,,
Dno-Mir-590,dno-mir-590,MIR-590,AAUUUUA,MIMAT0047982,MIMAT0047983,JH568462,169015,169075,-,Mammalia,Mammalia,Unknown,,,1,
Dno-Mir-592,None,MIR-592,UGUGUCA,None,None,JH570472,1253795,1253855,#ERROR!,Eutheria,Eutheria,Unknown,,,1,
Dno-Mir-628,dno-mir-628,MIR-628,UGCUGAC,MIMAT0047984,MIMAT0047985,JH570008,97803,97863,-,Eutheria,Eutheria,No,1,1,1,
Dno-Mir-652,dno-mir-652,MIR-652,AUGGCGC,MIMAT0047986,MIMAT0047987,JH570527,180684,180744,#ERROR!,Eutheria,Eutheria,Yes,,,1,
Dno-Mir-653,dno-mir-653,MIR-653,GUUGAAA,MIMAT0047988,MIMAT0047989,JH574710,688203,688265,#ERROR!,Eutheria,Eutheria,No,,,,
Dno-Mir-670,dno-mir-670,MIR-670,UUCCUCA,MIMAT0047996,MIMAT0047997,JH569711,1280291,1280354,-,Eutheria,Eutheria,No,,,1,
Dno-Mir-671,dno-mir-671,MIR-671,CCGGUUC,MIMAT0047998,MIMAT0047999,JH567928,582468,582527,#ERROR!,Theria,Theria,No,,,,
Dno-Mir-672,dno-mir-672,MIR-672,GAGGUUG,MIMAT0048000,MIMAT0048001,JH581116,278677,278738,-,Eutheria,Eutheria,No,,,,
Dno-Mir-675,dno-mir-675,MIR-675,UGUAUGC,MIMAT0048002,MIMAT0048003,JH567658,65304,65360,-,Theria,Theria,No,1,,,
Dno-Mir-676,dno-mir-676,MIR-676,CGUCCUA,MIMAT0048004,MIMAT0048005,JH573163,216137,216193,#ERROR!,Eutheria,Eutheria,Yes,,,,
Dno-Mir-744,dno-mir-744,MIR-744,GCGGGGC,MIMAT0048008,MIMAT0048009,JH582403,1454013,1454091,-,Eutheria,Eutheria,No,1,,,
Dno-Mir-760,dno-mir-760,MIR-760,GGCUCUG,MIMAT0048012,MIMAT0048013,JH564055,763993,764050,-,Eutheria,Eutheria,Yes,,,1,
Dno-Mir-769,None,MIR-769,GAGGCCU,None,None,JH580665,14709,14769,-,Eutheria,Eutheria,Unknown,,1,,
Dno-Mir-873-v1,dno-mir-873,MIR-873,AGACUGA,MIMAT0048016,MIMAT0048017,JH581283,597023,597081,#ERROR!,Mammalia,Mammalia,No,,,1,
Dno-Mir-873-v2,dno-mir-873,MIR-873,CAGGAAC,MIMAT0048016,MIMAT0048017,JH581283,597024,597080,#ERROR!,Mammalia,Mammalia,No,,,1,
Dno-Mir-874,dno-mir-874,MIR-874,UGCCCUG,MIMAT0048018,MIMAT0048019,JH563715,591060,591119,#ERROR!,Eutheria,Eutheria,No,1,,1,
Dno-Mir-876,None,MIR-876,GGUGGUU,None,None,JH581283,622706,622764,#ERROR!,Eutheria,Eutheria,No,1,,1,
Dno-Mir-885,dno-mir-885,MIR-885,CCAUUAC,MIMAT0048020,MIMAT0048021,JH570235,996212,996265,#ERROR!,Eutheria,Eutheria,Unknown,,,,
Dno-Mir-935-v1,None,MIR-935,AGUUACC,None,None,JH570335,297171,297230,#ERROR!,Eutheria,Eutheria,No,,,1,
Dno-Mir-935-v2,None,MIR-935,CAGUUAC,None,None,JH570335,297171,297230,#ERROR!,Eutheria,Eutheria,No,,,1,
Dno-Mir-1247,None,MIR-1247,CCCGUCC,None,None,1856299926_name_242414572_mate_1856245667,64,121,#ERROR!,Eutheria,Eutheria,No,,,1,
Dno-Mir-1249,dno-mir-1249,MIR-1249,CGCCCUU,MIMAT0048031,MIMAT0048032,JH565229,406123,406181,#ERROR!,Eutheria,Eutheria,No,,,1,
Dno-Mir-1251,dno-mir-1251,MIR-1251,CUCUAGC,MIMAT0048033,MIMAT0048034,JH569142,1380372,1380430,#ERROR!,Theria,Theria,Unknown,,,,
Dno-Mir-1271,None,MIR-1271,UUGGCAC,None,None,JH562710,929911,929968,#ERROR!,Eutheria,Eutheria,Unknown,,,,
Dno-Mir-1277,dno-mir-1277,MIR-1277,AUAUAUA,MIMAT0048037,MIMAT0048038,JH568243,50739,50796,-,Eutheria,Eutheria,No,,1,,
Dno-Mir-1296,dno-mir-1296,MIR-1296,UAGGGCC,MIMAT0048039,MIMAT0048040,JH570374,358225,358289,-,Eutheria,Eutheria,Unknown,,,1,
Dno-Mir-1301,dno-mir-1301,MIR-1301,UGCAGCU,MIMAT0048043,MIMAT0048044,JH564648,198054,198113,-,Eutheria,Eutheria,No,1,,1,
Dno-Mir-1306,None,MIR-1306,CACCUCC,None,None,JH574166,92657,92717,#ERROR!,Gnathostomata,Gnathostomata,Unknown,,1,1,
Dno-Mir-1307,dno-mir-1307,MIR-1307,CGACCGG,MIMAT0048045,MIMAT0048046,JH572711,404621,404682,-,Eutheria,Eutheria,No,,,,
Dno-Mir-1343,dno-mir-1343,MIR-1343,UCCUAGG,MIMAT0048047,MIMAT0048048,JH578552,1379019,1379078,#ERROR!,Eutheria,Eutheria,Unknown,,,1,
Dno-Mir-1388,dno-mir-1388,MIR-1388,GGACUGU,MIMAT0048049,MIMAT0048050,JH569290,395897,395955,#ERROR!,Gnathostomata,Gnathostomata,No,1,1,1,
Dno-Mir-1842-v1,dno-mir-1842,MIR-1842,UGGCUCU,MIMAT0048051,MIMAT0048052,JH582338,68190,68249,#ERROR!,Eutheria,Eutheria,Unknown,1,,,
Dno-Mir-1842-v2,dno-mir-1842,MIR-1842,GGCUCUG,MIMAT0048051,MIMAT0048052,JH582338,68191,68249,#ERROR!,Eutheria,Eutheria,Unknown,,,,
Dno-Mir-2114,dno-mir-2114,MIR-2114,AGUCCCU,MIMAT0048053,MIMAT0048054,JH562324,969560,969619,#ERROR!,Eutheria,Eutheria,No,,,1,
Dno-Mir-2355,dno-mir-2355,MIR-2355,UCCCCAG,MIMAT0048055,MIMAT0048056,JH567858,616793,616859,-,Eutheria,Eutheria,Unknown,,,1,
Dno-Mir-2483,dno-mir-2483,MIR-2483,AUCAAUC,MIMAT0048057,MIMAT0048058,JH561779,237389,237444,-,Eutheria,Eutheria,Unknown,1,,,
Dno-Mir-3059,dno-mir-3059,MIR-3059,UUCCUCU,MIMAT0048059,MIMAT0048060,JH574830,1073585,1073642,#ERROR!,Eutheria,Eutheria,Unknown,,,,
Dno-Mir-3085,dno-mir-3085,MIR-3085,CUGGCUG,MIMAT0048061,MIMAT0048062,JH567359,2867179,2867239,-,Eutheria,Eutheria,Yes,,,1,
Dno-Mir-3613,dno-mir-3613,MIR-3613,GUUGUAC,MIMAT0048063,MIMAT0048064,JH570793,688270,688328,-,Theria,Theria,No,,,1,
Dno-Mir-6529,dno-mir-6529,MIR-6529,AGAGAUC,MIMAT0048067,MIMAT0048068,JH579988,1963445,1963505,#ERROR!,Eutheria,Eutheria,No,,,1,
Dno-Mir-7180,None,MIR-7180,GUGGCCU,None,None,JH563092,1728287,1728346,#ERROR!,Eutheria,Eutheria,Unknown,,,1,
Dno-Mir-12085,dno-mir-12085,MIR-12085,UUGUUUG,MIMAT0048069,MIMAT0048070,JH570473,8934016,8934073,#ERROR!,D. novemcinctus,D. novemcinctus,No,,,1,
Dno-Mir-12086,dno-mir-12086,MIR-12086,UUUCGGC,MIMAT0048071,MIMAT0048072,JH562324,969379,969437,#ERROR!,D. novemcinctus,D. novemcinctus,No,,,,
Dno-Mir-12087,dno-mir-12087,MIR-12087,UAUCUGU,MIMAT0048073,MIMAT0048074,JH569334,3472789,3472851,#ERROR!,D. novemcinctus,D. novemcinctus,No,,,1,