MirGeneDB ID â–²,MiRBase ID,Family,Seed,5p accession,3p accession,Chromosome,Start,End,Strand,Node of origin (locus),Node of origin (family),3' NTU,UG,UGUG,CNNC,Ad,Ad,Br,Br,Br,Ce,Ce,Ce,Ce,Co,Co,Co,Co,Dr,Dr,Du,Du,Du,Du,He,He,Hi,Hi,Il,Il,Je,Je,Ki,Ki,Ki,Ki,Li,Li,Li,Li,Me,Me,Mu,Mu,Mu,Mu,Mu,Mu,Mu,Mu,Ov,Pa,Pa,St,St,St,Te,Ut,Wh,Br,Fa,He,Ki,La,Li,Li,Lu,Mu,Pa,Sk,Sm,Sp,St,Te,Th
Rno-Let-7-P1b,rno-let-7e,LET-7,GAGGUAG,MIMAT0000777,MIMAT0004706,chr1,59704395,59704461,#ERROR!,Gnathostomata,Bilateria,No,,,,,,,,,,,,,,,,,,,,,,,,,,,,,,,,,,,,,,,,,,,,,,,,,,,,,,,,,,,,,,,,,,,,,,,,,
Rno-Let-7-P1c,rno-let-7c-1,LET-7,GAGGUAG,MIMAT0000776,MIMAT0017087,chr11,16052888,16052954,#ERROR!,Gnathostomata,Bilateria,No,,,1,,,,,,,,,,,,,,,,,,,,,,,,,,,,,,,,,,,,,,,,,,,,,,,,,,,,,,,,,,,,,,,,,,,,,,
Rno-Let-7-P1d,rno-let-7a-2,LET-7,GAGGUAG,MIMAT0000774,MIMAT0017086,chr8,45753280,45753346,#ERROR!,Gnathostomata,Bilateria,No,,,1,,,,,,,,,,,,,,,,,,,,,,,,,,,,,,,,,,,,,,,,,,,,,,,,,,,,,,,,,,,,,,,,,,,,,,
Rno-Let-7-P2a1,rno-let-7a-1,LET-7,GAGGUAG,MIMAT0000774,MIMAT0017085,chr17,16417865,16417936,#ERROR!,Gnathostomata,Bilateria,Yes,,,,,,,,,,,,,,,,,,,,,,,,,,,,,,,,,,,,,,,,,,,,,,,,,,,,,,,,,,,,,,,,,,,,,,,,,
Rno-Let-7-P2a2,rno-let-7c-2,LET-7,GAGGUAG,MIMAT0000776,MIMAT0017088,chr7,126590225,126590293,#ERROR!,Gnathostomata,Bilateria,Yes,,,,,,,,,,,,,,,,,,,,,,,,,,,,,,,,,,,,,,,,,,,,,,,,,,,,,,,,,,,,,,,,,,,,,,,,,
Rno-Let-7-P2a3,rno-let-7f-2,LET-7,GAGGUAG,MIMAT0000778,MIMAT0017090,chrX,21583279,21583349,#ERROR!,Gnathostomata,Bilateria,Yes,,,,,,,,,,,,,,,,,,,,,,,,,,,,,,,,,,,,,,,,,,,,,,,,,,,,,,,,,,,,,,,,,,,,,,,,,
Rno-Let-7-P2b1,rno-let-7f-1,LET-7,GAGGUAG,MIMAT0000778,MIMAT0017089,chr17,16418228,16418304,#ERROR!,Gnathostomata,Bilateria,Yes,,1,1,,,,,,,,,,,,,,,,,,,,,,,,,,,,,,,,,,,,,,,,,,,,,,,,,,,,,,,,,,,,,,,,,,,,,,
Rno-Let-7-P2b2,rno-let-7b,LET-7,GAGGUAG,MIMAT0000775,MIMAT0004705,chr7,126590633,126590707,#ERROR!,Gnathostomata,Bilateria,Yes,1,,,,,,,,,,,,,,,,,,,,,,,,,,,,,,,,,,,,,,,,,,,,,,,,,,,,,,,,,,,,,,,,,,,,,,,,
Rno-Let-7-P2b3,rno-mir-98,LET-7,GAGGUAG,MIMAT0000819,MIMAT0017111,chrX,21583890,21583968,#ERROR!,Gnathostomata,Bilateria,Yes,1,1,,,,,,,,,,,,,,,,,,,,,,,,,,,,,,,,,,,,,,,,,,,,,,,,,,,,,,,,,,,,,,,,,,,,,,,
Rno-Let-7-P2c1,rno-let-7d,LET-7,GAGGUAG,MIMAT0000562,MIMAT0000563,chr17,16419993,16420067,#ERROR!,Gnathostomata,Bilateria,Yes,,,1,,,,,,,,,,,,,,,,,,,,,,,,,,,,,,,,,,,,,,,,,,,,,,,,,,,,,,,,,,,,,,,,,,,,,,
Rno-Let-7-P2c2,rno-let-7i,LET-7,GAGGUAG,MIMAT0000779,MIMAT0004707,chr7,66802736,66802812,#ERROR!,Gnathostomata,Bilateria,Yes,,,1,,,,,,,,,,,,,,,,,,,,,,,,,,,,,,,,,,,,,,,,,,,,,,,,,,,,,,,,,,,,,,,,,,,,,,
Rno-Let-7-P2c3,rno-let-7g,LET-7,GAGGUAG,MIMAT0035719,MIMAT0035720,chr8,114874463,114874540,#ERROR!,Gnathostomata,Bilateria,Yes,,,1,,,,,,,,,,,,,,,,,,,,,,,,,,,,,,,,,,,,,,,,,,,,,,,,,,,,,,,,,,,,,,,,,,,,,,
Rno-Mir-1-P1,rno-mir-1,MIR-1,GGAAUGU,MIMAT0003162,MIMAT0003125,chr18,2054945,2055005,-,Gnathostomata,Bilateria,No,1,,1,,,,,,,,,,,,,,,,,,,,,,,,,,,,,,,,,,,,,,,,,,,,,,,,,,,,,,,,,,,,,,,,,,,,,,
Rno-Mir-1-P2,rno-mir-206,MIR-1,GGAAUGU,MIMAT0017154,MIMAT0000879,chr9,26791776,26791835,#ERROR!,Gnathostomata,Bilateria,No,,,1,,,,,,,,,,,,,,,,,,,,,,,,,,,,,,,,,,,,,,,,,,,,,,,,,,,,,,,,,,,,,,,,,,,,,,
Rno-Mir-1-P3,rno-mir-1b,MIR-1,GGAAUGU,None,MIMAT0037263,chr3,175769728,175769788,#ERROR!,Gnathostomata,Bilateria,No,,,,,,,,,,,,,,,,,,,,,,,,,,,,,,,,,,,,,,,,,,,,,,,,,,,,,,,,,,,,,,,,,,,,,,,,,
Rno-Mir-7-P1,rno-mir-7a-2,MIR-7,GGAAGAC,MIMAT0000606,MIMAT0017091,chr1,140576414,140576473,#ERROR!,Gnathostomata,Bilateria,No,,1,1,,,,,,,,,,,,,,,,,,,,,,,,,,,,,,,,,,,,,,,,,,,,,,,,,,,,,,,,,,,,,,,,,,,,,,
Rno-Mir-7-P2,rno-mir-7a-1,MIR-7,GGAAGAC,MIMAT0000606,MIMAT0000607,chr17,6675034,6675097,#ERROR!,Gnathostomata,Bilateria,No,,,1,,,,,,,,,,,,,,,,,,,,,,,,,,,,,,,,,,,,,,,,,,,,,,,,,,,,,,,,,,,,,,,,,,,,,,
Rno-Mir-7-P4,rno-mir-7b,MIR-7,GGAAGAC,MIMAT0000780,None,chr9,10812454,10812513,-,Gnathostomata,Bilateria,No,,,1,,,,,,,,,,,,,,,,,,,,,,,,,,,,,,,,,,,,,,,,,,,,,,,,,,,,,,,,,,,,,,,,,,,,,,
Rno-Mir-8-P1a,rno-mir-200b,MIR-8,AAUACUG,MIMAT0017152,MIMAT0000875,chr5,173490160,173490218,-,Vertebrata,Bilateria,No,1,,1,,,,,,,,,,,,,,,,,,,,,,,,,,,,,,,,,,,,,,,,,,,,,,,,,,,,,,,,,,,,,,,,,,,,,,
Rno-Mir-8-P1b,rno-mir-200c,MIR-8,AAUACUG,MIMAT0017150,MIMAT0000873,chr4,157236788,157236850,-,Vertebrata,Bilateria,No,1,1,1,,,,,,,,,,,,,,,,,,,,,,,,,,,,,,,,,,,,,,,,,,,,,,,,,,,,,,,,,,,,,,,,,,,,,,
Rno-Mir-8-P2a,rno-mir-200a,MIR-8,AACACUG,MIMAT0017151,MIMAT0000874,chr5,173489379,173489439,-,Vertebrata,Bilateria,No,1,,,,,,,,,,,,,,,,,,,,,,,,,,,,,,,,,,,,,,,,,,,,,,,,,,,,,,,,,,,,,,,,,,,,,,,,
Rno-Mir-8-P2b,rno-mir-141,MIR-8,AACACUG,MIMAT0017128,MIMAT0000846,chr4,157236360,157236424,-,Vertebrata,Bilateria,No,,,1,,,,,,,,,,,,,,,,,,,,,,,,,,,,,,,,,,,,,,,,,,,,,,,,,,,,,,,,,,,,,,,,,,,,,,
Rno-Mir-8-P3a,rno-mir-429,MIR-8,AAUACUG,None,MIMAT0001538,chr5,173488342,173488400,-,Vertebrata,Bilateria,No,,,1,,,,,,,,,,,,,,,,,,,,,,,,,,,,,,,,,,,,,,,,,,,,,,,,,,,,,,,,,,,,,,,,,,,,,,
Rno-Mir-9-P1,rno-mir-9a-3,MIR-9,CUUUGGU,MIMAT0000781,MIMAT0004708,chr1,141229368,141229429,#ERROR!,Gnathostomata,Bilateria,No,,1,1,,,,,,,,,,,,,,,,,,,,,,,,,,,,,,,,,,,,,,,,,,,,,,,,,,,,,,,,,,,,,,,,,,,,,,
Rno-Mir-9-P2,rno-mir-9a-2,MIR-9,CUUUGGU,MIMAT0000781,MIMAT0004708,chr2,11884686,11884745,#ERROR!,Gnathostomata,Bilateria,No,,1,1,,,,,,,,,,,,,,,,,,,,,,,,,,,,,,,,,,,,,,,,,,,,,,,,,,,,,,,,,,,,,,,,,,,,,,
Rno-Mir-9-P3,rno-mir-9a-1,MIR-9,CUUUGGU,MIMAT0000781,MIMAT0004708,chr2,187582814,187582875,#ERROR!,Gnathostomata,Bilateria,No,,1,1,,,,,,,,,,,,,,,,,,,,,,,,,,,,,,,,,,,,,,,,,,,,,,,,,,,,,,,,,,,,,,,,,,,,,,
Rno-Mir-10-P1b-v1,rno-mir-10b,MIR-10,ACCCUGU,MIMAT0000783,MIMAT0017092,chr3,61648003,61648064,#ERROR!,Gnathostomata,Eumetazoa,No,,1,1,,,,,,,,,,,,,,,,,,,,,,,,,,,,,,,,,,,,,,,,,,,,,,,,,,,,,,,,,,,,,,,,,,,,,,
Rno-Mir-10-P1b-v2,rno-mir-10b,MIR-10,CCCUGUA,MIMAT0000783,MIMAT0017092,chr3,61648004,61648063,#ERROR!,Gnathostomata,Eumetazoa,No,,,,,,,,,,,,,,,,,,,,,,,,,,,,,,,,,,,,,,,,,,,,,,,,,,,,,,,,,,,,,,,,,,,,,,,,,
Rno-Mir-10-P1c-v1,rno-mir-10a,MIR-10,ACCCUGU,MIMAT0000782,MIMAT0004709,chr10,84165971,84166033,#ERROR!,Gnathostomata,Eumetazoa,No,,,1,,,,,,,,,,,,,,,,,,,,,,,,,,,,,,,,,,,,,,,,,,,,,,,,,,,,,,,,,,,,,,,,,,,,,,
Rno-Mir-10-P1c-v2,rno-mir-10a,MIR-10,CCCUGUA,MIMAT0000782,MIMAT0004709,chr10,84165972,84166032,#ERROR!,Gnathostomata,Eumetazoa,No,1,,,,,,,,,,,,,,,,,,,,,,,,,,,,,,,,,,,,,,,,,,,,,,,,,,,,,,,,,,,,,,,,,,,,,,,,
Rno-Mir-10-P2b,rno-mir-99b,MIR-10,ACCCGUA,MIMAT0000821,MIMAT0004725,chr1,59704222,59704281,#ERROR!,Gnathostomata,Eumetazoa,Yes,1,,,,,,,,,,,,,,,,,,,,,,,,,,,,,,,,,,,,,,,,,,,,,,,,,,,,,,,,,,,,,,,,,,,,,,,,
Rno-Mir-10-P2c,rno-mir-99a,MIR-10,ACCCGUA,MIMAT0000820,MIMAT0004724,chr11,16052165,16052223,#ERROR!,Gnathostomata,Eumetazoa,Yes,1,1,,,,,,,,,,,,,,,,,,,,,,,,,,,,,,,,,,,,,,,,,,,,,,,,,,,,,,,,,,,,,,,,,,,,,,,
Rno-Mir-10-P2d,rno-mir-100,MIR-10,ACCCGUA,MIMAT0000822,MIMAT0017112,chr8,45746960,45747016,#ERROR!,Gnathostomata,Eumetazoa,No,,,1,,,,,,,,,,,,,,,,,,,,,,,,,,,,,,,,,,,,,,,,,,,,,,,,,,,,,,,,,,,,,,,,,,,,,,
Rno-Mir-10-P3b,rno-mir-125a,MIR-10,CCCUGAG,MIMAT0000829,MIMAT0004729,chr1,59704841,59704900,#ERROR!,Gnathostomata,Eumetazoa,No,1,,1,,,,,,,,,,,,,,,,,,,,,,,,,,,,,,,,,,,,,,,,,,,,,,,,,,,,,,,,,,,,,,,,,,,,,,
Rno-Mir-10-P3c,rno-mir-125b-2,MIR-10,CCCUGAG,MIMAT0000830,MIMAT0026467,chr11,16097362,16097422,#ERROR!,Gnathostomata,Eumetazoa,No,,,1,,,,,,,,,,,,,,,,,,,,,,,,,,,,,,,,,,,,,,,,,,,,,,,,,,,,,,,,,,,,,,,,,,,,,,
Rno-Mir-10-P3d,rno-mir-125b-1,MIR-10,CCCUGAG,MIMAT0000830,MIMAT0004730,chr8,45798274,45798335,#ERROR!,Gnathostomata,Eumetazoa,No,1,1,1,,,,,,,,,,,,,,,,,,,,,,,,,,,,,,,,,,,,,,,,,,,,,,,,,,,,,,,,,,,,,,,,,,,,,,
Rno-Mir-15-P1a,rno-mir-15a,MIR-15,AGCAGCA,MIMAT0035728,MIMAT0035729,901866519,202,260,#ERROR!,Gnathostomata,Olfactores,No,,,1,,,,,,,,,,,,,,,,,,,,,,,,,,,,,,,,,,,,,,,,,,,,,,,,,,,,,,,,,,,,,,,,,,,,,,
Rno-Mir-15-P1b,rno-mir-15b,MIR-15,AGCAGCA,MIMAT0000784,MIMAT0017093,chr2,165605942,165606001,#ERROR!,Gnathostomata,Olfactores,No,,,,,,,,,,,,,,,,,,,,,,,,,,,,,,,,,,,,,,,,,,,,,,,,,,,,,,,,,,,,,,,,,,,,,,,,,
Rno-Mir-15-P1c3,rno-mir-322-1,MIR-15,AGCAGCA,MIMAT0001619,MIMAT0000547,chrX,158584564,158584621,#ERROR!,R. norvegicus,Olfactores,No,,,,,,,,,,,,,,,,,,,,,,,,,,,,,,,,,,,,,,,,,,,,,,,,,,,,,,,,,,,,,,,,,,,,,,,,,
Rno-Mir-15-P1c4,rno-mir-322-2,MIR-15,AGCAGCA,MIMAT0001619,MIMAT0000547,chrX,158148183,158148240,#ERROR!,R. norvegicus,Olfactores,No,,,,,,,,,,,,,,,,,,,,,,,,,,,,,,,,,,,,,,,,,,,,,,,,,,,,,,,,,,,,,,,,,,,,,,,,,
Rno-Mir-15-P1d,rno-mir-497,MIR-15,AGCAGCA,MIMAT0003383,MIMAT0017230,chr10,56844978,56845039,#ERROR!,Gnathostomata,Olfactores,No,,,1,,,,,,,,,,,,,,,,,,,,,,,,,,,,,,,,,,,,,,,,,,,,,,,,,,,,,,,,,,,,,,,,,,,,,,
Rno-Mir-15-P2a,None,MIR-15,AGCAGCA,None,None,901866519,341,405,#ERROR!,Gnathostomata,Olfactores,No,1,,1,,,,,,,,,,,,,,,,,,,,,,,,,,,,,,,,,,,,,,,,,,,,,,,,,,,,,,,,,,,,,,,,,,,,,,
Rno-Mir-15-P2b,rno-mir-16,MIR-15,AGCAGCA,MIMAT0000785,MIMAT0017094,chr2,165606088,165606152,#ERROR!,Gnathostomata,Olfactores,No,,,1,,,,,,,,,,,,,,,,,,,,,,,,,,,,,,,,,,,,,,,,,,,,,,,,,,,,,,,,,,,,,,,,,,,,,,
Rno-Mir-15-P2c3,rno-mir-503-1,MIR-15,AGCAGCG,MIMAT0003213,MIMAT0017224,chrX,158584862,158584924,#ERROR!,R. norvegicus,Olfactores,No,,,1,,,,,,,,,,,,,,,,,,,,,,,,,,,,,,,,,,,,,,,,,,,,,,,,,,,,,,,,,,,,,,,,,,,,,,
Rno-Mir-15-P2c4,rno-mir-503-2,MIR-15,AGCAGCG,MIMAT0003213,MIMAT0017224,chrX,158148481,158148543,#ERROR!,R. norvegicus,Olfactores,No,,,1,,,,,,,,,,,,,,,,,,,,,,,,,,,,,,,,,,,,,,,,,,,,,,,,,,,,,,,,,,,,,,,,,,,,,,
Rno-Mir-15-P2d,rno-mir-195,MIR-15,AGCAGCA,MIMAT0000870,MIMAT0017149,chr10,56845315,56845375,#ERROR!,Gnathostomata,Olfactores,No,,,1,,,,,,,,,,,,,,,,,,,,,,,,,,,,,,,,,,,,,,,,,,,,,,,,,,,,,,,,,,,,,,,,,,,,,,
Rno-Mir-17-P1a,rno-mir-17-1,MIR-17,AAAGUGC,MIMAT0000786,MIMAT0004710,chr15,100179892,100179951,#ERROR!,Gnathostomata,Vertebrata,No,,,1,,,,,,,,,,,,,,,,,,,,,,,,,,,,,,,,,,,,,,,,,,,,,,,,,,,,,,,,,,,,,,,,,,,,,,
Rno-Mir-17-P1c,rno-mir-17-2,MIR-17,AAAGUGC,MIMAT0000786,MIMAT0017295,chrX,140117900,140117958,-,Gnathostomata,Vertebrata,No,1,,,,,,,,,,,,,,,,,,,,,,,,,,,,,,,,,,,,,,,,,,,,,,,,,,,,,,,,,,,,,,,,,,,,,,,,
Rno-Mir-17-P1d,rno-mir-106b,MIR-17,AAAGUGC,MIMAT0000825,MIMAT0004727,chr12,19307761,19307822,-,Gnathostomata,Vertebrata,No,,1,1,,,,,,,,,,,,,,,,,,,,,,,,,,,,,,,,,,,,,,,,,,,,,,,,,,,,,,,,,,,,,,,,,,,,,,
Rno-Mir-17-P2a,rno-mir-18a,MIR-17,AAGGUGC,MIMAT0000787,MIMAT0017095,chr15,100180031,100180095,#ERROR!,Gnathostomata,Vertebrata,No,,,1,,,,,,,,,,,,,,,,,,,,,,,,,,,,,,,,,,,,,,,,,,,,,,,,,,,,,,,,,,,,,,,,,,,,,,
Rno-Mir-17-P2c,None,MIR-17,AAGGUGC,None,None,chrX,140117734,140117798,-,Gnathostomata,Vertebrata,No,1,,1,,,,,,,,,,,,,,,,,,,,,,,,,,,,,,,,,,,,,,,,,,,,,,,,,,,,,,,,,,,,,,,,,,,,,,
Rno-Mir-17-P4a,rno-mir-20a,MIR-17,AAAGUGC,MIMAT0000602,MIMAT0000603,chr15,100180349,100180407,#ERROR!,Gnathostomata,Vertebrata,No,,1,1,,,,,,,,,,,,,,,,,,,,,,,,,,,,,,,,,,,,,,,,,,,,,,,,,,,,,,,,,,,,,,,,,,,,,,
Rno-Mir-17-P4c,rno-mir-20b,MIR-17,AAAGUGC,MIMAT0003211,MIMAT0003212,chrX,140117522,140117582,-,Gnathostomata,Vertebrata,No,,,,,,,,,,,,,,,,,,,,,,,,,,,,,,,,,,,,,,,,,,,,,,,,,,,,,,,,,,,,,,,,,,,,,,,,,
Rno-Mir-17-P4d,rno-mir-93,MIR-17,AAAGUGC,MIMAT0000817,MIMAT0017109,chr12,19307555,19307615,-,Gnathostomata,Vertebrata,No,,,1,,,,,,,,,,,,,,,,,,,,,,,,,,,,,,,,,,,,,,,,,,,,,,,,,,,,,,,,,,,,,,,,,,,,,,
Rno-Mir-19-P1a,rno-mir-19a,MIR-19,GUGCAAA,MIMAT0017098,MIMAT0000789,chr15,100180175,100180232,#ERROR!,Gnathostomata,Vertebrata,No,1,,1,,,,,,,,,,,,,,,,,,,,,,,,,,,,,,,,,,,,,,,,,,,,,,,,,,,,,,,,,,,,,,,,,,,,,,
Rno-Mir-19-P2a,rno-mir-19b-1,MIR-19,GUGCAAA,MIMAT0017096,MIMAT0000788,chr15,100180479,100180539,#ERROR!,Gnathostomata,Vertebrata,No,,1,,,,,,,,,,,,,,,,,,,,,,,,,,,,,,,,,,,,,,,,,,,,,,,,,,,,,,,,,,,,,,,,,,,,,,,
Rno-Mir-19-P2c,rno-mir-19b-2,MIR-19,GUGCAAA,MIMAT0017097,MIMAT0000788,chrX,140117391,140117456,-,Gnathostomata,Vertebrata,No,1,,,,,,,,,,,,,,,,,,,,,,,,,,,,,,,,,,,,,,,,,,,,,,,,,,,,,,,,,,,,,,,,,,,,,,,,
Rno-Mir-21,rno-mir-21,MIR-21,AGCUUAU,MIMAT0000790,MIMAT0004711,chr10,73902225,73902284,-,Vertebrata,Vertebrata,No,,,,,,,,,,,,,,,,,,,,,,,,,,,,,,,,,,,,,,,,,,,,,,,,,,,,,,,,,,,,,,,,,,,,,,,,,
Rno-Mir-22-P1b,rno-mir-22,MIR-22,AGCUGCC,MIMAT0003152,MIMAT0000791,chr10,62299610,62299669,#ERROR!,Vertebrata,Bilateria,No,,1,1,,,,,,,,,,,,,,,,,,,,,,,,,,,,,,,,,,,,,,,,,,,,,,,,,,,,,,,,,,,,,,,,,,,,,,
Rno-Mir-23-P2,rno-mir-23b,MIR-23,UCACAUU,MIMAT0017099,MIMAT0000793,chr17,823242,823301,#ERROR!,Gnathostomata,Vertebrata,Yes,1,1,1,,,,,,,,,,,,,,,,,,,,,,,,,,,,,,,,,,,,,,,,,,,,,,,,,,,,,,,,,,,,,,,,,,,,,,
Rno-Mir-23-P3,rno-mir-23a,MIR-23,UCACAUU,MIMAT0004712,MIMAT0000792,chr19,25318591,25318649,#ERROR!,Gnathostomata,Vertebrata,No,1,,,,,,,,,,,,,,,,,,,,,,,,,,,,,,,,,,,,,,,,,,,,,,,,,,,,,,,,,,,,,,,,,,,,,,,,
Rno-Mir-24-P2,rno-mir-24-1,MIR-24,GGCUCAG,MIMAT0003153,MIMAT0000794,chr17,823973,824032,#ERROR!,Gnathostomata,Vertebrata,Yes,,,,,,,,,,,,,,,,,,,,,,,,,,,,,,,,,,,,,,,,,,,,,,,,,,,,,,,,,,,,,,,,,,,,,,,,,
Rno-Mir-24-P3,rno-mir-24-2,MIR-24,GGCUCAG,MIMAT0005441,MIMAT0000794,chr19,25318887,25318944,#ERROR!,Gnathostomata,Vertebrata,Yes,,,,,,,,,,,,,,,,,,,,,,,,,,,,,,,,,,,,,,,,,,,,,,,,,,,,,,,,,,,,,,,,,,,,,,,,,
Rno-Mir-26-P1,rno-mir-26a,MIR-26,UCAAGUA,MIMAT0000796,MIMAT0017100,chr8,127714456,127714516,#ERROR!,Gnathostomata,Vertebrata,No,,1,1,,,,,,,,,,,,,,,,,,,,,,,,,,,,,,,,,,,,,,,,,,,,,,,,,,,,,,,,,,,,,,,,,,,,,,
Rno-Mir-26-P2,rno-mir-26b,MIR-26,UCAAGUA,MIMAT0000797,MIMAT0004714,chr9,81675289,81675346,#ERROR!,Gnathostomata,Vertebrata,No,1,1,1,,,,,,,,,,,,,,,,,,,,,,,,,,,,,,,,,,,,,,,,,,,,,,,,,,,,,,,,,,,,,,,,,,,,,,
Rno-Mir-26-P4,None,MIR-26,UCAAGUA,None,None,chr7,70287326,70287385,#ERROR!,Gnathostomata,Vertebrata,No,,,1,,,,,,,,,,,,,,,,,,,,,,,,,,,,,,,,,,,,,,,,,,,,,,,,,,,,,,,,,,,,,,,,,,,,,,
Rno-Mir-27-P2,rno-mir-27b,MIR-27,UCACAGU,MIMAT0017101,MIMAT0000798,chr17,823479,823541,#ERROR!,Gnathostomata,Vertebrata,No,,1,,,,,,,,,,,,,,,,,,,,,,,,,,,,,,,,,,,,,,,,,,,,,,,,,,,,,,,,,,,,,,,,,,,,,,,
Rno-Mir-27-P3,rno-mir-27a,MIR-27,UCACAGU,MIMAT0004715,MIMAT0000799,chr19,25318749,25318811,#ERROR!,Gnathostomata,Vertebrata,No,,,1,,,,,,,,,,,,,,,,,,,,,,,,,,,,,,,,,,,,,,,,,,,,,,,,,,,,,,,,,,,,,,,,,,,,,,
Rno-Mir-28-P1,rno-mir-28,MIR-28,AGGAGCU,MIMAT0000800,MIMAT0004716,chr11,79380534,79380595,-,Eutheria,Eutheria,No,1,,1,,,,,,,,,,,,,,,,,,,,,,,,,,,,,,,,,,,,,,,,,,,,,,,,,,,,,,,,,,,,,,,,,,,,,,
Rno-Mir-28-P2,rno-mir-151,MIR-28,CGAGGAG,MIMAT0000613,MIMAT0000614,chr7,114485573,114485628,-,Eutheria,Eutheria,No,,1,1,,,,,,,,,,,,,,,,,,,,,,,,,,,,,,,,,,,,,,,,,,,,,,,,,,,,,,,,,,,,,,,,,,,,,,
Rno-Mir-28-P3,rno-mir-708,MIR-28,AGGAGCU,MIMAT0005331,MIMAT0005332,chr1,161221256,161221324,#ERROR!,Eutheria,Eutheria,No,1,,,,,,,,,,,,,,,,,,,,,,,,,,,,,,,,,,,,,,,,,,,,,,,,,,,,,,,,,,,,,,,,,,,,,,,,
Rno-Mir-29-P1b-v1,rno-mir-29b-1,MIR-29,AGCACCA,MIMAT0005445,MIMAT0000801,chr4,58344318,58344381,-,Gnathostomata,Bilateria,No,,,1,,,,,,,,,,,,,,,,,,,,,,,,,,,,,,,,,,,,,,,,,,,,,,,,,,,,,,,,,,,,,,,,,,,,,,
Rno-Mir-29-P1b-v2,rno-mir-29b-1,MIR-29,UAGCACC,MIMAT0005445,MIMAT0000801,chr4,58344319,58344380,-,Gnathostomata,Bilateria,No,,,1,,,,,,,,,,,,,,,,,,,,,,,,,,,,,,,,,,,,,,,,,,,,,,,,,,,,,,,,,,,,,,,,,,,,,,
Rno-Mir-29-P1d5-v1,rno-mir-29b-2,MIR-29,AGCACCA,MIMAT0004717,MIMAT0000801,chr13,113782066,113782130,#ERROR!,R. norvegicus,Bilateria,No,,,1,,,,,,,,,,,,,,,,,,,,,,,,,,,,,,,,,,,,,,,,,,,,,,,,,,,,,,,,,,,,,,,,,,,,,,
Rno-Mir-29-P1d5-v2,rno-mir-29b-3,MIR-29,UAGCACC,MIMAT0004717,MIMAT0000801,chr13,113782067,113782129,#ERROR!,R. norvegicus,Bilateria,No,,,1,,,,,,,,,,,,,,,,,,,,,,,,,,,,,,,,,,,,,,,,,,,,,,,,,,,,,,,,,,,,,,,,,,,,,,
Rno-Mir-29-P1d6-v1,rno-mir-29b-2,MIR-29,AGCACCA,MIMAT0004717,MIMAT0000801,chr1,38238385,38238449,#ERROR!,R. norvegicus,Bilateria,No,,,1,,,,,,,,,,,,,,,,,,,,,,,,,,,,,,,,,,,,,,,,,,,,,,,,,,,,,,,,,,,,,,,,,,,,,,
Rno-Mir-29-P1d6-v2,rno-mir-29b-3,MIR-29,UAGCACC,MIMAT0004717,MIMAT0000801,chr1,38238386,38238448,#ERROR!,R. norvegicus,Bilateria,No,,,1,,,,,,,,,,,,,,,,,,,,,,,,,,,,,,,,,,,,,,,,,,,,,,,,,,,,,,,,,,,,,,,,,,,,,,
Rno-Mir-29-P2b,rno-mir-29a,MIR-29,AGCACCA,MIMAT0004718,MIMAT0000802,chr4,58343944,58344003,-,Gnathostomata,Bilateria,No,,,1,,,,,,,,,,,,,,,,,,,,,,,,,,,,,,,,,,,,,,,,,,,,,,,,,,,,,,,,,,,,,,,,,,,,,,
Rno-Mir-29-P2d5,rno-mir-29c-1,MIR-29,AGCACCA,MIMAT0003154,MIMAT0000803,chr13,113782602,113782659,#ERROR!,R. norvegicus,Bilateria,No,,,1,,,,,,,,,,,,,,,,,,,,,,,,,,,,,,,,,,,,,,,,,,,,,,,,,,,,,,,,,,,,,,,,,,,,,,
Rno-Mir-29-P2d6,rno-mir-29c-2,MIR-29,AGCACCA,MIMAT0003154,MIMAT0000803,chr1,38238921,38238978,#ERROR!,R. norvegicus,Bilateria,No,,,1,,,,,,,,,,,,,,,,,,,,,,,,,,,,,,,,,,,,,,,,,,,,,,,,,,,,,,,,,,,,,,,,,,,,,,
Rno-Mir-30-P1a,rno-mir-30d,MIR-30,GUAAACA,MIMAT0000807,MIMAT0004722,chr7,109286472,109286533,-,Gnathostomata,Vertebrata,No,,,1,,,,,,,,,,,,,,,,,,,,,,,,,,,,,,,,,,,,,,,,,,,,,,,,,,,,,,,,,,,,,,,,,,,,,,
Rno-Mir-30-P1b,rno-mir-30a,MIR-30,GUAAACA,MIMAT0000808,MIMAT0000809,chr9,29542640,29542702,#ERROR!,Gnathostomata,Vertebrata,No,1,1,1,,,,,,,,,,,,,,,,,,,,,,,,,,,,,,,,,,,,,,,,,,,,,,,,,,,,,,,,,,,,,,,,,,,,,,
Rno-Mir-30-P1d,rno-mir-30e,MIR-30,GUAAACA,MIMAT0000805,MIMAT0004720,chr5,139702884,139702947,-,Gnathostomata,Vertebrata,No,,,1,,,,,,,,,,,,,,,,,,,,,,,,,,,,,,,,,,,,,,,,,,,,,,,,,,,,,,,,,,,,,,,,,,,,,,
Rno-Mir-30-P2a,rno-mir-30b,MIR-30,GUAAACA,MIMAT0000806,MIMAT0004721,901814657,125,184,-,Gnathostomata,Vertebrata,No,,,1,,,,,,,,,,,,,,,,,,,,,,,,,,,,,,,,,,,,,,,,,,,,,,,,,,,,,,,,,,,,,,,,,,,,,,
Rno-Mir-30-P2b,rno-mir-30c-2,MIR-30,GUAAACA,MIMAT0000804,MIMAT0005442,chr9,29562389,29562450,#ERROR!,Gnathostomata,Vertebrata,No,1,1,1,,,,,,,,,,,,,,,,,,,,,,,,,,,,,,,,,,,,,,,,,,,,,,,,,,,,,,,,,,,,,,,,,,,,,,
Rno-Mir-30-P2d,rno-mir-30c-1,MIR-30,GUAAACA,MIMAT0000804,MIMAT0004719,chr5,139699889,139699949,-,Gnathostomata,Vertebrata,No,,1,1,,,,,,,,,,,,,,,,,,,,,,,,,,,,,,,,,,,,,,,,,,,,,,,,,,,,,,,,,,,,,,,,,,,,,,
Rno-Mir-31,rno-mir-31a,MIR-31,GGCAAGA,MIMAT0000810,MIMAT0017102,chr5,107206542,107206600,#ERROR!,Bilateria,Bilateria,No,1,,1,,,,,,,,,,,,,,,,,,,,,,,,,,,,,,,,,,,,,,,,,,,,,,,,,,,,,,,,,,,,,,,,,,,,,,
Rno-Mir-32,rno-mir-32,MIR-32,AUUGCAC,MIMAT0000811,MIMAT0017103,chr5,73934258,73934319,-,Gnathostomata,Gnathostomata,No,1,1,,,,,,,,,,,,,,,,,,,,,,,,,,,,,,,,,,,,,,,,,,,,,,,,,,,,,,,,,,,,,,,,,,,,,,,
Rno-Mir-33-P3,rno-mir-33,MIR-33,UGCAUUG,MIMAT0000812,MIMAT0017104,chr7,123431617,123431677,#ERROR!,Gnathostomata,Bilateria,Yes,,1,1,,,,,,,,,,,,,,,,,,,,,,,,,,,,,,,,,,,,,,,,,,,,,,,,,,,,,,,,,,,,,,,,,,,,,,
Rno-Mir-34-P1,rno-mir-34a,MIR-34,GGCAGUG,MIMAT0000815,MIMAT0017106,chr5,167092510,167092575,#ERROR!,Gnathostomata,Bilateria,No,1,1,,,,,,,,,,,,,,,,,,,,,,,,,,,,,,,,,,,,,,,,,,,,,,,,,,,,,,,,,,,,,,,,,,,,,,,
Rno-Mir-34-P2a,rno-mir-34b,MIR-34,GGCAGUG,MIMAT0000813,MIMAT0017105,chr8,55492554,55492612,-,Gnathostomata,Bilateria,No,,,1,,,,,,,,,,,,,,,,,,,,,,,,,,,,,,,,,,,,,,,,,,,,,,,,,,,,,,,,,,,,,,,,,,,,,,
Rno-Mir-34-P2b,rno-mir-34c,MIR-34,GGCAGUG,MIMAT0000814,MIMAT0004723,chr8,55492034,55492088,-,Gnathostomata,Bilateria,No,1,,1,,,,,,,,,,,,,,,,,,,,,,,,,,,,,,,,,,,,,,,,,,,,,,,,,,,,,,,,,,,,,,,,,,,,,,
Rno-Mir-34-P3a,rno-mir-449c,MIR-34,GGCAGUG,MIMAT0017803,MIMAT0017804,chr2,44896085,44896147,#ERROR!,Gnathostomata,Bilateria,Unknown,1,,,,,,,,,,,,,,,,,,,,,,,,,,,,,,,,,,,,,,,,,,,,,,,,,,,,,,,,,,,,,,,,,,,,,,,,
Rno-Mir-34-P3b,None,MIR-34,GGCAGUG,None,None,chr2,44897502,44897562,#ERROR!,Gnathostomata,Bilateria,Unknown,1,,1,,,,,,,,,,,,,,,,,,,,,,,,,,,,,,,,,,,,,,,,,,,,,,,,,,,,,,,,,,,,,,,,,,,,,,
Rno-Mir-34-P3c,rno-mir-449a,MIR-34,GGCAGUG,MIMAT0001543,MIMAT0017181,chr2,44897616,44897677,#ERROR!,Gnathostomata,Bilateria,No,1,,1,,,,,,,,,,,,,,,,,,,,,,,,,,,,,,,,,,,,,,,,,,,,,,,,,,,,,,,,,,,,,,,,,,,,,,
Rno-Mir-92-P1a,rno-mir-92a-1,MIR-92,AUUGCAC,MIMAT0017107,MIMAT0000816,chr15,100180596,100180654,#ERROR!,Gnathostomata,Bilateria,No,,1,,,,,,,,,,,,,,,,,,,,,,,,,,,,,,,,,,,,,,,,,,,,,,,,,,,,,,,,,,,,,,,,,,,,,,,
Rno-Mir-92-P1c,rno-mir-92a-2,MIR-92,AUUGCAC,MIMAT0017108,MIMAT0000816,chrX,140117265,140117325,-,Gnathostomata,Bilateria,No,,1,,,,,,,,,,,,,,,,,,,,,,,,,,,,,,,,,,,,,,,,,,,,,,,,,,,,,,,,,,,,,,,,,,,,,,,
Rno-Mir-92-P1d,rno-mir-92b,MIR-92,AUUGCAC,MIMAT0017319,MIMAT0005340,chr2,188541044,188541106,-,Gnathostomata,Bilateria,No,,,1,,,,,,,,,,,,,,,,,,,,,,,,,,,,,,,,,,,,,,,,,,,,,,,,,,,,,,,,,,,,,,,,,,,,,,
Rno-Mir-92-P2a,None,MIR-92,AUUGCAC,None,None,chr2,231875463,231875522,#ERROR!,Gnathostomata,Bilateria,Unknown,,,,,,,,,,,,,,,,,,,,,,,,,,,,,,,,,,,,,,,,,,,,,,,,,,,,,,,,,,,,,,,,,,,,,,,,,
Rno-Mir-92-P2c,rno-mir-363,MIR-92,AUUGCAC,MIMAT0003209,MIMAT0003210,chrX,140117108,140117172,-,Gnathostomata,Bilateria,No,1,,,,,,,,,,,,,,,,,,,,,,,,,,,,,,,,,,,,,,,,,,,,,,,,,,,,,,,,,,,,,,,,,,,,,,,,
Rno-Mir-92-P2d,rno-mir-25,MIR-92,AUUGCAC,MIMAT0004713,MIMAT0000795,chr12,19307351,19307410,-,Gnathostomata,Bilateria,No,1,,1,,,,,,,,,,,,,,,,,,,,,,,,,,,,,,,,,,,,,,,,,,,,,,,,,,,,,,,,,,,,,,,,,,,,,,
Rno-Mir-95-P2,rno-mir-421,MIR-95,UCAACAG,MIMAT0001320,MIMAT0017175,chrX,74443503,74443558,-,Eutheria,Eutheria,Yes,1,,,,,,,,,,,,,,,,,,,,,,,,,,,,,,,,,,,,,,,,,,,,,,,,,,,,,,,,,,,,,,,,,,,,,,,,
Rno-Mir-95-P4,None,MIR-95,GGUCCUC,None,None,chrX,118131824,118131886,#ERROR!,Eutheria,Eutheria,No,,,,,,,,,,,,,,,,,,,,,,,,,,,,,,,,,,,,,,,,,,,,,,,,,,,,,,,,,,,,,,,,,,,,,,,,,
Rno-Mir-96-P1,rno-mir-96,MIR-96,UUGGCAC,MIMAT0000818,MIMAT0017110,chr4,57463385,57463448,-,Bilateria,Bilateria,No,,1,1,,,,,,,,,,,,,,,,,,,,,,,,,,,,,,,,,,,,,,,,,,,,,,,,,,,,,,,,,,,,,,,,,,,,,,
Rno-Mir-96-P2,rno-mir-182,MIR-96,UUGGCAA,None,MIMAT0005300,chr4,57459736,57459800,-,Bilateria,Bilateria,No,,,1,,,,,,,,,,,,,,,,,,,,,,,,,,,,,,,,,,,,,,,,,,,,,,,,,,,,,,,,,,,,,,,,,,,,,,
Rno-Mir-96-P3-v1,rno-mir-183,MIR-96,AUGGCAC,MIMAT0000860,MIMAT0017141,chr4,57463591,57463652,-,Bilateria,Bilateria,No,,1,1,,,,,,,,,,,,,,,,,,,,,,,,,,,,,,,,,,,,,,,,,,,,,,,,,,,,,,,,,,,,,,,,,,,,,,
Rno-Mir-96-P3-v2,rno-mir-183,MIR-96,UGGCACU,MIMAT0000860,MIMAT0017141,chr4,57463592,57463651,-,Bilateria,Bilateria,No,,,1,,,,,,,,,,,,,,,,,,,,,,,,,,,,,,,,,,,,,,,,,,,,,,,,,,,,,,,,,,,,,,,,,,,,,,
Rno-Mir-101-P1-v1,rno-mir-101a,MIR-101,ACAGUAC,MIMAT0004726,MIMAT0000823,chr5,120168444,120168502,-,Vertebrata,Vertebrata,No,,1,1,,,,,,,,,,,,,,,,,,,,,,,,,,,,,,,,,,,,,,,,,,,,,,,,,,,,,,,,,,,,,,,,,,,,,,
Rno-Mir-101-P1-v2,rno-mir-101a,MIR-101,UACAGUA,MIMAT0004726,MIMAT0000823,chr5,120168445,120168501,-,Vertebrata,Vertebrata,No,,,,,,,,,,,,,,,,,,,,,,,,,,,,,,,,,,,,,,,,,,,,,,,,,,,,,,,,,,,,,,,,,,,,,,,,,
Rno-Mir-101-P2-v1,rno-mir-101b,MIR-101,ACAGUAC,MIMAT0017045,MIMAT0000615,chr1,247263746,247263804,#ERROR!,Vertebrata,Vertebrata,No,1,,,,,,,,,,,,,,,,,,,,,,,,,,,,,,,,,,,,,,,,,,,,,,,,,,,,,,,,,,,,,,,,,,,,,,,,
Rno-Mir-101-P2-v2,rno-mir-101b,MIR-101,UACAGUA,MIMAT0017045,MIMAT0000615,chr1,247263747,247263803,#ERROR!,Vertebrata,Vertebrata,No,,,,,,,,,,,,,,,,,,,,,,,,,,,,,,,,,,,,,,,,,,,,,,,,,,,,,,,,,,,,,,,,,,,,,,,,,
Rno-Mir-103-P1,rno-mir-107,MIR-103,GCAGCAU,MIMAT0017115,MIMAT0000826,chr1,253128263,253128322,-,Gnathostomata,Deuterostomia,No,,,1,,,,,,,,,,,,,,,,,,,,,,,,,,,,,,,,,,,,,,,,,,,,,,,,,,,,,,,,,,,,,,,,,,,,,,
Rno-Mir-103-P2,rno-mir-103-2,MIR-103,GCAGCAU,MIMAT0017113,MIMAT0000824,chr3,123833685,123833744,#ERROR!,Gnathostomata,Deuterostomia,No,,,1,,,,,,,,,,,,,,,,,,,,,,,,,,,,,,,,,,,,,,,,,,,,,,,,,,,,,,,,,,,,,,,,,,,,,,
Rno-Mir-103-P4,rno-mir-103-1,MIR-103,GCAGCAU,MIMAT0017114,MIMAT0000824,chr10,20606729,20606788,#ERROR!,Gnathostomata,Deuterostomia,No,,,1,,,,,,,,,,,,,,,,,,,,,,,,,,,,,,,,,,,,,,,,,,,,,,,,,,,,,,,,,,,,,,,,,,,,,,
Rno-Mir-105-P1,rno-mir-105,MIR-105,CAAGUGC,MIMAT0012825,None,chrX,152585542,152585600,-,Eutheria,Eutheria,Unknown,1,,1,,,,,,,,,,,,,,,,,,,,,,,,,,,,,,,,,,,,,,,,,,,,,,,,,,,,,,,,,,,,,,,,,,,,,,
Rno-Mir-122,rno-mir-122,MIR-122,GGAGUGU,MIMAT0000827,MIMAT0017116,chr18,60755299,60755356,#ERROR!,Vertebrata,Vertebrata,No,,,1,,,,,,,,,,,,,,,,,,,,,,,,,,,,,,,,,,,,,,,,,,,,,,,,,,,,,,,,,,,,,,,,,,,,,,
Rno-Mir-124-P1-v1,rno-mir-124-2,MIR-124,AAGGCAC,MIMAT0004728,MIMAT0000828,chr2,102311627,102311685,#ERROR!,Gnathostomata,Bilateria,No,,,1,,,,,,,,,,,,,,,,,,,,,,,,,,,,,,,,,,,,,,,,,,,,,,,,,,,,,,,,,,,,,,,,,,,,,,
Rno-Mir-124-P1-v2,rno-mir-124-2,MIR-124,UAAGGCA,MIMAT0004728,MIMAT0000828,chr2,102311627,102311684,#ERROR!,Gnathostomata,Bilateria,No,,,1,,,,,,,,,,,,,,,,,,,,,,,,,,,,,,,,,,,,,,,,,,,,,,,,,,,,,,,,,,,,,,,,,,,,,,
Rno-Mir-124-P2-v1,rno-mir-124-1,MIR-124,AAGGCAC,MIMAT0004728,MIMAT0000828,chr15,47964311,47964371,#ERROR!,Gnathostomata,Bilateria,No,,,1,,,,,,,,,,,,,,,,,,,,,,,,,,,,,,,,,,,,,,,,,,,,,,,,,,,,,,,,,,,,,,,,,,,,,,
Rno-Mir-124-P2-v2,rno-mir-124-1,MIR-124,UAAGGCA,MIMAT0004728,MIMAT0000828,chr15,47964311,47964370,#ERROR!,Gnathostomata,Bilateria,No,,,,,,,,,,,,,,,,,,,,,,,,,,,,,,,,,,,,,,,,,,,,,,,,,,,,,,,,,,,,,,,,,,,,,,,,,
Rno-Mir-124-P3-v1,rno-mir-124-3,MIR-124,AAGGCAC,MIMAT0004728,MIMAT0000828,chr3,176406219,176406278,#ERROR!,Gnathostomata,Bilateria,No,1,,1,,,,,,,,,,,,,,,,,,,,,,,,,,,,,,,,,,,,,,,,,,,,,,,,,,,,,,,,,,,,,,,,,,,,,,
Rno-Mir-124-P3-v2,rno-mir-124-3,MIR-124,UAAGGCA,MIMAT0004728,MIMAT0000828,chr3,176406219,176406277,#ERROR!,Gnathostomata,Bilateria,No,1,,1,,,,,,,,,,,,,,,,,,,,,,,,,,,,,,,,,,,,,,,,,,,,,,,,,,,,,,,,,,,,,,,,,,,,,,
Rno-Mir-126-P2-v1,rno-mir-126a,MIR-126,CGUACCG,MIMAT0000831,MIMAT0000832,chr3,4042496,4042554,#ERROR!,Vertebrata,Olfactores,No,1,1,1,,,,,,,,,,,,,,,,,,,,,,,,,,,,,,,,,,,,,,,,,,,,,,,,,,,,,,,,,,,,,,,,,,,,,,
Rno-Mir-126-P2-v2,rno-mir-126a,MIR-126,AUUAUUA,MIMAT0000831,MIMAT0000832,chr3,4042496,4042554,#ERROR!,Vertebrata,Olfactores,No,1,,1,,,,,,,,,,,,,,,,,,,,,,,,,,,,,,,,,,,,,,,,,,,,,,,,,,,,,,,,,,,,,,,,,,,,,,
Rno-Mir-126-P2-v3,rno-mir-126a,MIR-126,UCGUACC,MIMAT0000831,MIMAT0000832,chr3,4042496,4042554,#ERROR!,Vertebrata,Olfactores,No,1,1,1,,,,,,,,,,,,,,,,,,,,,,,,,,,,,,,,,,,,,,,,,,,,,,,,,,,,,,,,,,,,,,,,,,,,,,
Rno-Mir-127,rno-mir-127,MIR-127,CGGAUCC,MIMAT0017117,MIMAT0000833,chr6,133713452,133713507,#ERROR!,Eutheria,Eutheria,No,,,1,,,,,,,,,,,,,,,,,,,,,,,,,,,,,,,,,,,,,,,,,,,,,,,,,,,,,,,,,,,,,,,,,,,,,,
Rno-Mir-128-P1,rno-mir-128-2,MIR-128,CACAGUG,MIMAT0017119,MIMAT0000834,chr8,120378957,120379014,-,Gnathostomata,Vertebrata,No,1,1,1,,,,,,,,,,,,,,,,,,,,,,,,,,,,,,,,,,,,,,,,,,,,,,,,,,,,,,,,,,,,,,,,,,,,,,
Rno-Mir-128-P2,rno-mir-128-1,MIR-128,CACAGUG,MIMAT0017118,MIMAT0000834,chr13,44916548,44916603,#ERROR!,Gnathostomata,Vertebrata,No,1,,1,,,,,,,,,,,,,,,,,,,,,,,,,,,,,,,,,,,,,,,,,,,,,,,,,,,,,,,,,,,,,,,,,,,,,,
Rno-Mir-129-P1,rno-mir-129-2,MIR-129,UUUUUGC,MIMAT0000600,MIMAT0000601,chr3,83137312,83137375,-,Gnathostomata,Chordata,No,1,1,1,,,,,,,,,,,,,,,,,,,,,,,,,,,,,,,,,,,,,,,,,,,,,,,,,,,,,,,,,,,,,,,,,,,,,,
Rno-Mir-129-P2,rno-mir-129-1,MIR-129,UUUUUGC,MIMAT0000600,MIMAT0017120,chr4,56301731,56301795,#ERROR!,Gnathostomata,Chordata,No,1,1,1,,,,,,,,,,,,,,,,,,,,,,,,,,,,,,,,,,,,,,,,,,,,,,,,,,,,,,,,,,,,,,,,,,,,,,
Rno-Mir-130-P1c,rno-mir-130a,MIR-130,AGUGCAA,MIMAT0017121,MIMAT0000836,chr3,72141049,72141110,-,Gnathostomata,Vertebrata,Yes,1,,,,,,,,,,,,,,,,,,,,,,,,,,,,,,,,,,,,,,,,,,,,,,,,,,,,,,,,,,,,,,,,,,,,,,,,
Rno-Mir-130-P2a,rno-mir-301b,MIR-130,AGUGCAA,MIMAT0017300,MIMAT0005304,chr11,88129435,88129494,#ERROR!,Gnathostomata,Vertebrata,No,1,1,,,,,,,,,,,,,,,,,,,,,,,,,,,,,,,,,,,,,,,,,,,,,,,,,,,,,,,,,,,,,,,,,,,,,,,
Rno-Mir-130-P2b,rno-mir-301a,MIR-130,AGUGCAA,MIMAT0017026,MIMAT0000552,chr10,74417769,74417830,#ERROR!,Gnathostomata,Vertebrata,No,,,1,,,,,,,,,,,,,,,,,,,,,,,,,,,,,,,,,,,,,,,,,,,,,,,,,,,,,,,,,,,,,,,,,,,,,,
Rno-Mir-130-P4a,rno-mir-130b,MIR-130,AGUGCAA,MIMAT0017122,MIMAT0000837,chr11,88129785,88129844,#ERROR!,Gnathostomata,Vertebrata,Yes,,1,,,,,,,,,,,,,,,,,,,,,,,,,,,,,,,,,,,,,,,,,,,,,,,,,,,,,,,,,,,,,,,,,,,,,,,
Rno-Mir-132-P1,rno-mir-132,MIR-132,AACAGUC,MIMAT0017123,MIMAT0000838,chr10,62015017,62015074,#ERROR!,Vertebrata,Vertebrata,No,,1,,,,,,,,,,,,,,,,,,,,,,,,,,,,,,,,,,,,,,,,,,,,,,,,,,,,,,,,,,,,,,,,,,,,,,,
Rno-Mir-132-P2,rno-mir-212,MIR-132,CCUUGGC,MIMAT0017158,MIMAT0000883,chr10,62014733,62014794,#ERROR!,Vertebrata,Vertebrata,No,,,1,,,,,,,,,,,,,,,,,,,,,,,,,,,,,,,,,,,,,,,,,,,,,,,,,,,,,,,,,,,,,,,,,,,,,,
Rno-Mir-133-P1-v1,rno-mir-133a,MIR-133,UUGGUCC,MIMAT0017124,MIMAT0000839,chr18,2052491,2052550,-,Gnathostomata,Bilateria,No,,,1,,,,,,,,,,,,,,,,,,,,,,,,,,,,,,,,,,,,,,,,,,,,,,,,,,,,,,,,,,,,,,,,,,,,,,
Rno-Mir-133-P1-v2,rno-mir-133a,MIR-133,UGGUCCC,MIMAT0017124,MIMAT0000839,chr18,2052491,2052550,-,Gnathostomata,Bilateria,No,,,1,,,,,,,,,,,,,,,,,,,,,,,,,,,,,,,,,,,,,,,,,,,,,,,,,,,,,,,,,,,,,,,,,,,,,,
Rno-Mir-133-P2-v1,rno-mir-133b,MIR-133,UUGGUCC,MIMAT0017205,MIMAT0003126,chr9,26795659,26795717,#ERROR!,Gnathostomata,Bilateria,No,,,,,,,,,,,,,,,,,,,,,,,,,,,,,,,,,,,,,,,,,,,,,,,,,,,,,,,,,,,,,,,,,,,,,,,,,
Rno-Mir-133-P2-v2,rno-mir-133b,MIR-133,UGGUCCC,MIMAT0017205,MIMAT0003126,chr9,26795659,26795717,#ERROR!,Gnathostomata,Bilateria,No,,,,,,,,,,,,,,,,,,,,,,,,,,,,,,,,,,,,,,,,,,,,,,,,,,,,,,,,,,,,,,,,,,,,,,,,,
Rno-Mir-133-P3-v1,None,MIR-133,UUGGUCC,None,None,chr3,175779574,175779633,#ERROR!,Gnathostomata,Bilateria,No,,,1,,,,,,,,,,,,,,,,,,,,,,,,,,,,,,,,,,,,,,,,,,,,,,,,,,,,,,,,,,,,,,,,,,,,,,
Rno-Mir-133-P3-v2,None,MIR-133,UGGUCCC,None,None,chr3,175779574,175779633,#ERROR!,Gnathostomata,Bilateria,No,,,1,,,,,,,,,,,,,,,,,,,,,,,,,,,,,,,,,,,,,,,,,,,,,,,,,,,,,,,,,,,,,,,,,,,,,,
Rno-Mir-134,rno-mir-134,MIR-134,GUGACUG,MIMAT0000840,MIMAT0017125,chr6,133884554,133884614,#ERROR!,Eutheria,Eutheria,No,,,1,,,,,,,,,,,,,,,,,,,,,,,,,,,,,,,,,,,,,,,,,,,,,,,,,,,,,,,,,,,,,,,,,,,,,,
Rno-Mir-135-P1,None,MIR-135,AUGGCUU,None,None,chr8,114847396,114847455,#ERROR!,Gnathostomata,Chordata,Unknown,,,1,,,,,,,,,,,,,,,,,,,,,,,,,,,,,,,,,,,,,,,,,,,,,,,,,,,,,,,,,,,,,,,,,,,,,,
Rno-Mir-135-P2,rno-mir-135a,MIR-135,AUGGCUU,MIMAT0000841,MIMAT0004732,chr7,32894895,32894954,-,Gnathostomata,Chordata,No,,,1,,,,,,,,,,,,,,,,,,,,,,,,,,,,,,,,,,,,,,,,,,,,,,,,,,,,,,,,,,,,,,,,,,,,,,
Rno-Mir-135-P4,rno-mir-135b,MIR-135,AUGGCUU,MIMAT0000611,MIMAT0017043,chr13,48977001,48977061,#ERROR!,Gnathostomata,Chordata,No,,,1,,,,,,,,,,,,,,,,,,,,,,,,,,,,,,,,,,,,,,,,,,,,,,,,,,,,,,,,,,,,,,,,,,,,,,
Rno-Mir-136-v1,rno-mir-136,MIR-136,AUCAUCG,MIMAT0000842,MIMAT0004733,chr6,133716775,133716830,#ERROR!,Eutheria,Eutheria,No,1,,,,,,,,,,,,,,,,,,,,,,,,,,,,,,,,,,,,,,,,,,,,,,,,,,,,,,,,,,,,,,,,,,,,,,,,
Rno-Mir-136-v2,rno-mir-136,MIR-136,UCAUCGU,MIMAT0000842,MIMAT0004733,chr6,133716775,133716830,#ERROR!,Eutheria,Eutheria,No,1,,,,,,,,,,,,,,,,,,,,,,,,,,,,,,,,,,,,,,,,,,,,,,,,,,,,,,,,,,,,,,,,,,,,,,,,
Rno-Mir-137-P1-v1,rno-mir-137,MIR-137,UAUUGCU,MIMAT0017126,MIMAT0000843,chr2,221658128,221658186,#ERROR!,Gnathostomata,Bilateria,No,,,1,,,,,,,,,,,,,,,,,,,,,,,,,,,,,,,,,,,,,,,,,,,,,,,,,,,,,,,,,,,,,,,,,,,,,,
Rno-Mir-137-P1-v2,rno-mir-137,MIR-137,AUUGCUU,MIMAT0017126,MIMAT0000843,chr2,221658127,221658187,#ERROR!,Gnathostomata,Bilateria,No,1,,1,,,,,,,,,,,,,,,,,,,,,,,,,,,,,,,,,,,,,,,,,,,,,,,,,,,,,,,,,,,,,,,,,,,,,,
Rno-Mir-138-P1,rno-mir-138-1,MIR-138,GCUGGUG,MIMAT0000844,MIMAT0004734,chr8,131731748,131731808,#ERROR!,Vertebrata,Vertebrata,No,1,,1,,,,,,,,,,,,,,,,,,,,,,,,,,,,,,,,,,,,,,,,,,,,,,,,,,,,,,,,,,,,,,,,,,,,,,
Rno-Mir-138-P2,rno-mir-138-2,MIR-138,GCUGGUG,MIMAT0000844,MIMAT0017127,chr19,11149754,11149821,-,Vertebrata,Vertebrata,No,,,1,,,,,,,,,,,,,,,,,,,,,,,,,,,,,,,,,,,,,,,,,,,,,,,,,,,,,,,,,,,,,,,,,,,,,,
Rno-Mir-139,rno-mir-139,MIR-139,CUACAGU,MIMAT0000845,MIMAT0004735,chr1,166589551,166589609,#ERROR!,Gnathostomata,Gnathostomata,No,,1,,,,,,,,,,,,,,,,,,,,,,,,,,,,,,,,,,,,,,,,,,,,,,,,,,,,,,,,,,,,,,,,,,,,,,,
Rno-Mir-140-P1-v1,rno-mir-140,MIR-140,CCACAGG,MIMAT0000573,MIMAT0000574,chr19,39608972,39609033,#ERROR!,Gnathostomata,Vertebrata,No,,,1,,,,,,,,,,,,,,,,,,,,,,,,,,,,,,,,,,,,,,,,,,,,,,,,,,,,,,,,,,,,,,,,,,,,,,
Rno-Mir-140-P1-v2,rno-mir-140,MIR-140,ACCACAG,MIMAT0000573,MIMAT0000574,chr19,39608972,39609033,#ERROR!,Gnathostomata,Vertebrata,No,,,1,,,,,,,,,,,,,,,,,,,,,,,,,,,,,,,,,,,,,,,,,,,,,,,,,,,,,,,,,,,,,,,,,,,,,,
Rno-Mir-142-P1-v1,rno-mir-142,MIR-142,AUAAAGU,MIMAT0000847,MIMAT0000848,chr10,75050854,75050912,#ERROR!,Gnathostomata,Vertebrata,No,,,1,,,,,,,,,,,,,,,,,,,,,,,,,,,,,,,,,,,,,,,,,,,,,,,,,,,,,,,,,,,,,,,,,,,,,,
Rno-Mir-142-P1-v2,rno-mir-142,MIR-142,UAGUGUU,MIMAT0000847,MIMAT0000848,chr10,75050854,75050912,#ERROR!,Gnathostomata,Vertebrata,No,,,1,,,,,,,,,,,,,,,,,,,,,,,,,,,,,,,,,,,,,,,,,,,,,,,,,,,,,,,,,,,,,,,,,,,,,,
Rno-Mir-142-P1-v3,rno-mir-142,MIR-142,GUAGUGU,MIMAT0000847,MIMAT0000848,chr10,75050854,75050912,#ERROR!,Gnathostomata,Vertebrata,No,,,1,,,,,,,,,,,,,,,,,,,,,,,,,,,,,,,,,,,,,,,,,,,,,,,,,,,,,,,,,,,,,,,,,,,,,,
Rno-Mir-142-P1-v4,rno-mir-142,MIR-142,CCAUAAA,MIMAT0000847,MIMAT0000848,chr10,75050852,75050914,#ERROR!,Gnathostomata,Vertebrata,No,,,,,,,,,,,,,,,,,,,,,,,,,,,,,,,,,,,,,,,,,,,,,,,,,,,,,,,,,,,,,,,,,,,,,,,,,
Rno-Mir-143,rno-mir-143,MIR-143,GAGAUGA,MIMAT0017129,MIMAT0000849,chr18,56971298,56971352,-,Vertebrata,Vertebrata,Yes,,,,,,,,,,,,,,,,,,,,,,,,,,,,,,,,,,,,,,,,,,,,,,,,,,,,,,,,,,,,,,,,,,,,,,,,,
Rno-Mir-144-v1,rno-mir-144,MIR-144,GAUAUCA,MIMAT0017130,MIMAT0000850,chr10,65291378,65291435,-,Vertebrata,Vertebrata,No,,,,,,,,,,,,,,,,,,,,,,,,,,,,,,,,,,,,,,,,,,,,,,,,,,,,,,,,,,,,,,,,,,,,,,,,,
Rno-Mir-144-v2,rno-mir-144,MIR-144,GAUAUCA,MIMAT0017130,MIMAT0000850,chr10,65291378,65291435,-,Vertebrata,Vertebrata,No,,,,,,,,,,,,,,,,,,,,,,,,,,,,,,,,,,,,,,,,,,,,,,,,,,,,,,,,,,,,,,,,,,,,,,,,,
Rno-Mir-145,rno-mir-145,MIR-145,UCCAGUU,MIMAT0000851,MIMAT0017131,chr18,56969920,56969979,-,Vertebrata,Vertebrata,Yes,,,1,,,,,,,,,,,,,,,,,,,,,,,,,,,,,,,,,,,,,,,,,,,,,,,,,,,,,,,,,,,,,,,,,,,,,,
Rno-Mir-146-P1,rno-mir-146b,MIR-146,GAGAACU,MIMAT0005595,MIMAT0017334,chr1,266089502,266089561,#ERROR!,Gnathostomata,Vertebrata,No,1,,1,,,,,,,,,,,,,,,,,,,,,,,,,,,,,,,,,,,,,,,,,,,,,,,,,,,,,,,,,,,,,,,,,,,,,,
Rno-Mir-146-P4,rno-mir-146a,MIR-146,GAGAACU,MIMAT0000852,MIMAT0017132,chr10,28962498,28962554,-,Gnathostomata,Vertebrata,No,1,,1,,,,,,,,,,,,,,,,,,,,,,,,,,,,,,,,,,,,,,,,,,,,,,,,,,,,,,,,,,,,,,,,,,,,,,
Rno-Mir-147-v1,rno-mir-147,MIR-147,UGUGCGG,None,MIMAT0005297,chr3,114775353,114775411,#ERROR!,Vertebrata,Vertebrata,No,,,1,,,,,,,,,,,,,,,,,,,,,,,,,,,,,,,,,,,,,,,,,,,,,,,,,,,,,,,,,,,,,,,,,,,,,,
Rno-Mir-147-v2,rno-mir-147,MIR-147,GUGUGCG,None,MIMAT0005297,chr3,114775354,114775410,#ERROR!,Vertebrata,Vertebrata,No,,,1,,,,,,,,,,,,,,,,,,,,,,,,,,,,,,,,,,,,,,,,,,,,,,,,,,,,,,,,,,,,,,,,,,,,,,
Rno-Mir-148-P1,rno-mir-148a,MIR-148,CAGUGCA,MIMAT0035724,MIMAT0035725,chr4,81013284,81013343,-,Gnathostomata,Vertebrata,No,1,,1,,,,,,,,,,,,,,,,,,,,,,,,,,,,,,,,,,,,,,,,,,,,,,,,,,,,,,,,,,,,,,,,,,,,,,
Rno-Mir-148-P3,rno-mir-152,MIR-148,CAGUGCA,MIMAT0017134,MIMAT0000854,chr10,84719332,84719392,#ERROR!,Gnathostomata,Vertebrata,No,,,1,,,,,,,,,,,,,,,,,,,,,,,,,,,,,,,,,,,,,,,,,,,,,,,,,,,,,,,,,,,,,,,,,,,,,,
Rno-Mir-148-P4,rno-mir-148b,MIR-148,CAGUGCA,MIMAT0004645,MIMAT0000579,chr7,144912061,144912119,#ERROR!,Gnathostomata,Vertebrata,No,,1,1,,,,,,,,,,,,,,,,,,,,,,,,,,,,,,,,,,,,,,,,,,,,,,,,,,,,,,,,,,,,,,,,,,,,,,
Rno-Mir-149,rno-mir-149,MIR-149,CUGGCUC,MIMAT0035726,MIMAT0035727,chr9,100016455,100016516,#ERROR!,Eutheria,Eutheria,No,,1,,,,,,,,,,,,,,,,,,,,,,,,,,,,,,,,,,,,,,,,,,,,,,,,,,,,,,,,,,,,,,,,,,,,,,,
Rno-Mir-150,rno-mir-150,MIR-150,CUCCCAA,MIMAT0000853,MIMAT0017133,chr1,101115989,101116045,#ERROR!,Gnathostomata,Gnathostomata,No,,,1,,,,,,,,,,,,,,,,,,,,,,,,,,,,,,,,,,,,,,,,,,,,,,,,,,,,,,,,,,,,,,,,,,,,,,
Rno-Mir-153-P1,rno-mir-153,MIR-153,UGCAUAG,MIMAT0017135,MIMAT0000855,chr6,145105077,145105137,#ERROR!,Gnathostomata,Bilateria,No,,,1,,,,,,,,,,,,,,,,,,,,,,,,,,,,,,,,,,,,,,,,,,,,,,,,,,,,,,,,,,,,,,,,,,,,,,
Rno-Mir-154-P1,rno-mir-154,MIR-154,AGGUUAU,MIMAT0000856,MIMAT0017136,chr6,133888600,133888657,#ERROR!,Eutheria,Eutheria,No,,,1,,,,,,,,,,,,,,,,,,,,,,,,,,,,,,,,,,,,,,,,,,,,,,,,,,,,,,,,,,,,,,,,,,,,,,
Rno-Mir-154-P2-v1,rno-mir-299a,MIR-154,AUGUGGG,MIMAT0000901,MIMAT0017167,chr6,133859329,133859383,#ERROR!,Eutheria,Eutheria,No,,,,,,,,,,,,,,,,,,,,,,,,,,,,,,,,,,,,,,,,,,,,,,,,,,,,,,,,,,,,,,,,,,,,,,,,,
Rno-Mir-154-P2-v2,rno-mir-299a,MIR-154,UAUGUGG,MIMAT0000901,MIMAT0017167,chr6,133859330,133859382,#ERROR!,Eutheria,Eutheria,No,,,1,,,,,,,,,,,,,,,,,,,,,,,,,,,,,,,,,,,,,,,,,,,,,,,,,,,,,,,,,,,,,,,,,,,,,,
Rno-Mir-154-P3a-v1,rno-mir-323,MIR-154,ACAUUAC,MIMAT0004637,MIMAT0000550,chr6,133861214,133861269,#ERROR!,Eutheria,Eutheria,No,1,,1,,,,,,,,,,,,,,,,,,,,,,,,,,,,,,,,,,,,,,,,,,,,,,,,,,,,,,,,,,,,,,,,,,,,,,
Rno-Mir-154-P3a-v2,rno-mir-323,MIR-154,CACAUUA,MIMAT0004637,MIMAT0000550,chr6,133861214,133861269,#ERROR!,Eutheria,Eutheria,No,1,,1,,,,,,,,,,,,,,,,,,,,,,,,,,,,,,,,,,,,,,,,,,,,,,,,,,,,,,,,,,,,,,,,,,,,,,
Rno-Mir-154-P4-o1,rno-mir-329,MIR-154,GAGGUUU,MIMAT0017031,MIMAT0000566,chr6,133862190,133862249,#ERROR!,Glires,Eutheria,No,,,1,,,,,,,,,,,,,,,,,,,,,,,,,,,,,,,,,,,,,,,,,,,,,,,,,,,,,,,,,,,,,,,,,,,,,,
Rno-Mir-154-P5,rno-mir-369,MIR-154,GAUCGAC,MIMAT0003206,MIMAT0003207,chr6,133893706,133893761,#ERROR!,Eutheria,Eutheria,No,1,,1,,,,,,,,,,,,,,,,,,,,,,,,,,,,,,,,,,,,,,,,,,,,,,,,,,,,,,,,,,,,,,,,,,,,,,
Rno-Mir-154-P6,rno-mir-377,MIR-154,UCACACA,MIMAT0017203,MIMAT0003123,chr6,133890697,133890756,#ERROR!,Eutheria,Eutheria,No,,,,,,,,,,,,,,,,,,,,,,,,,,,,,,,,,,,,,,,,,,,,,,,,,,,,,,,,,,,,,,,,,,,,,,,,,
Rno-Mir-154-P7,rno-mir-379,MIR-154,GGUAGAC,MIMAT0003192,MIMAT0004791,chr6,133857715,133857772,#ERROR!,Eutheria,Eutheria,No,,,1,,,,,,,,,,,,,,,,,,,,,,,,,,,,,,,,,,,,,,,,,,,,,,,,,,,,,,,,,,,,,,,,,,,,,,
Rno-Mir-154-P8,rno-mir-380,MIR-154,AUGUAGU,MIMAT0005308,MIMAT0017302,chr6,133860500,133860556,#ERROR!,Eutheria,Eutheria,No,1,,,,,,,,,,,,,,,,,,,,,,,,,,,,,,,,,,,,,,,,,,,,,,,,,,,,,,,,,,,,,,,,,,,,,,,,
Rno-Mir-154-P9,rno-mir-381,MIR-154,AUACAAG,MIMAT0017220,MIMAT0003199,chr6,133876615,133876677,#ERROR!,Eutheria,Eutheria,No,1,,,,,,,,,,,,,,,,,,,,,,,,,,,,,,,,,,,,,,,,,,,,,,,,,,,,,,,,,,,,,,,,,,,,,,,,
Rno-Mir-154-P10,rno-mir-382,MIR-154,AAGUUGU,MIMAT0003201,MIMAT0003202,chr6,133884190,133884247,#ERROR!,Eutheria,Eutheria,No,,,1,,,,,,,,,,,,,,,,,,,,,,,,,,,,,,,,,,,,,,,,,,,,,,,,,,,,,,,,,,,,,,,,,,,,,,
Rno-Mir-154-P12,rno-mir-410,MIR-154,AUAUAAC,MIMAT0017303,MIMAT0005311,chr6,133894007,133894062,#ERROR!,Eutheria,Eutheria,No,,,1,,,,,,,,,,,,,,,,,,,,,,,,,,,,,,,,,,,,,,,,,,,,,,,,,,,,,,,,,,,,,,,,,,,,,,
Rno-Mir-154-P13,rno-mir-411,MIR-154,AGUAGAC,MIMAT0005312,MIMAT0017304,chr6,133858859,133858914,#ERROR!,Eutheria,Eutheria,No,,,1,,,,,,,,,,,,,,,,,,,,,,,,,,,,,,,,,,,,,,,,,,,,,,,,,,,,,,,,,,,,,,,,,,,,,,
Rno-Mir-154-P14,rno-mir-412,MIR-154,GGUCGAC,MIMAT0017204,MIMAT0003124,chr6,133893579,133893634,#ERROR!,Eutheria,Eutheria,No,,1,,,,,,,,,,,,,,,,,,,,,,,,,,,,,,,,,,,,,,,,,,,,,,,,,,,,,,,,,,,,,,,,,,,,,,,
Rno-Mir-154-P15,rno-mir-485,MIR-154,GAGGCUG,MIMAT0003203,MIMAT0017222,chr6,133885310,133885368,#ERROR!,Eutheria,Eutheria,No,1,,1,,,,,,,,,,,,,,,,,,,,,,,,,,,,,,,,,,,,,,,,,,,,,,,,,,,,,,,,,,,,,,,,,,,,,,
Rno-Mir-154-P17,rno-mir-487b,MIR-154,AUCGUAC,MIMAT0017221,MIMAT0003200,chr6,133877137,133877194,#ERROR!,Eutheria,Eutheria,No,,,,,,,,,,,,,,,,,,,,,,,,,,,,,,,,,,,,,,,,,,,,,,,,,,,,,,,,,,,,,,,,,,,,,,,,,
Rno-Mir-154-P18,rno-mir-494,MIR-154,GAAACAU,MIMAT0017218,MIMAT0003193,chr6,133864385,133864440,#ERROR!,Eutheria,Eutheria,No,,,1,,,,,,,,,,,,,,,,,,,,,,,,,,,,,,,,,,,,,,,,,,,,,,,,,,,,,,,,,,,,,,,,,,,,,,
Rno-Mir-154-P19,rno-mir-495,MIR-154,AACAAAC,None,MIMAT0005320,chr6,133868298,133868357,#ERROR!,Eutheria,Eutheria,No,,,1,,,,,,,,,,,,,,,,,,,,,,,,,,,,,,,,,,,,,,,,,,,,,,,,,,,,,,,,,,,,,,,,,,,,,,
Rno-Mir-154-P20-v1,rno-mir-496,MIR-154,GAGUAUU,MIMAT0017372,MIMAT0012860,chr6,133889297,133889350,#ERROR!,Eutheria,Eutheria,No,,,1,,,,,,,,,,,,,,,,,,,,,,,,,,,,,,,,,,,,,,,,,,,,,,,,,,,,,,,,,,,,,,,,,,,,,,
Rno-Mir-154-P20-v2,rno-mir-496,MIR-154,GUAUUAC,MIMAT0017372,MIMAT0012860,chr6,133889296,133889351,#ERROR!,Eutheria,Eutheria,No,,,1,,,,,,,,,,,,,,,,,,,,,,,,,,,,,,,,,,,,,,,,,,,,,,,,,,,,,,,,,,,,,,,,,,,,,,
Rno-Mir-154-P21,rno-mir-539,MIR-154,GAGAAAU,MIMAT0003176,MIMAT0017212,chr6,133877840,133877901,#ERROR!,Eutheria,Eutheria,No,1,,,,,,,,,,,,,,,,,,,,,,,,,,,,,,,,,,,,,,,,,,,,,,,,,,,,,,,,,,,,,,,,,,,,,,,,
Rno-Mir-154-P22,rno-mir-543,MIR-154,AACAUUC,MIMAT0004787,MIMAT0003175,chr6,133866672,133866729,#ERROR!,Eutheria,Eutheria,No,,,1,,,,,,,,,,,,,,,,,,,,,,,,,,,,,,,,,,,,,,,,,,,,,,,,,,,,,,,,,,,,,,,,,,,,,,
Rno-Mir-154-P26,rno-mir-758,MIR-154,UUGUGAC,MIMAT0017316,MIMAT0005335,chr6,133861509,133861566,#ERROR!,Eutheria,Eutheria,No,,,,,,,,,,,,,,,,,,,,,,,,,,,,,,,,,,,,,,,,,,,,,,,,,,,,,,,,,,,,,,,,,,,,,,,,,
Rno-Mir-154-P29-v1,rno-mir-1193,MIR-154,AGGUCAC,MIMAT0017858,MIMAT0017859,chr6,133864729,133864785,#ERROR!,Eutheria,Eutheria,No,,,,,,,,,,,,,,,,,,,,,,,,,,,,,,,,,,,,,,,,,,,,,,,,,,,,,,,,,,,,,,,,,,,,,,,,,
Rno-Mir-154-P29-v2,rno-mir-1193,MIR-154,AGGUCAC,MIMAT0017858,MIMAT0017859,chr6,133864730,133864784,#ERROR!,Eutheria,Eutheria,No,,,1,,,,,,,,,,,,,,,,,,,,,,,,,,,,,,,,,,,,,,,,,,,,,,,,,,,,,,,,,,,,,,,,,,,,,,
Rno-Mir-154-P30,None,MIR-154,AGGACAC,None,None,chr6,133861052,133861107,#ERROR!,Eutheria,Eutheria,Unknown,,,1,,,,,,,,,,,,,,,,,,,,,,,,,,,,,,,,,,,,,,,,,,,,,,,,,,,,,,,,,,,,,,,,,,,,,,
Rno-Mir-154-P34,rno-mir-300,MIR-154,AUGCAAG,MIMAT0004743,MIMAT0000902,chr6,133874161,133874223,#ERROR!,Eutheria,Eutheria,No,,,,,,,,,,,,,,,,,,,,,,,,,,,,,,,,,,,,,,,,,,,,,,,,,,,,,,,,,,,,,,,,,,,,,,,,,
Rno-Mir-154-P36,rno-mir-409a,MIR-154,AAUGUUG,MIMAT0003204,MIMAT0003205,chr6,133893432,133893485,#ERROR!,Eutheria,Eutheria,No,1,,1,,,,,,,,,,,,,,,,,,,,,,,,,,,,,,,,,,,,,,,,,,,,,,,,,,,,,,,,,,,,,,,,,,,,,,
Rno-Mir-155,rno-mir-155,MIR-155,UAAUGCU,MIMAT0030409,MIMAT0030410,chr11,24176606,24176666,#ERROR!,Vertebrata,Vertebrata,No,,,,,,,,,,,,,,,,,,,,,,,,,,,,,,,,,,,,,,,,,,,,,,,,,,,,,,,,,,,,,,,,,,,,,,,,,
Rno-Mir-181-P1a,rno-mir-181a-1,MIR-181,ACAUUCA,MIMAT0000858,MIMAT0000884,chr13,54952756,54952817,#ERROR!,Gnathostomata,Vertebrata,No,,,1,,,,,,,,,,,,,,,,,,,,,,,,,,,,,,,,,,,,,,,,,,,,,,,,,,,,,,,,,,,,,,,,,,,,,,
Rno-Mir-181-P1b,rno-mir-181a-2,MIR-181,ACAUUCA,MIMAT0000858,MIMAT0017138,chr3,23150390,23150456,#ERROR!,Gnathostomata,Vertebrata,No,,,1,,,,,,,,,,,,,,,,,,,,,,,,,,,,,,,,,,,,,,,,,,,,,,,,,,,,,,,,,,,,,,,,,,,,,,
Rno-Mir-181-P1c,rno-mir-181c,MIR-181,ACAUUCA,MIMAT0000857,MIMAT0017137,chr19,25290233,25290293,-,Gnathostomata,Vertebrata,No,,,1,,,,,,,,,,,,,,,,,,,,,,,,,,,,,,,,,,,,,,,,,,,,,,,,,,,,,,,,,,,,,,,,,,,,,,
Rno-Mir-181-P2a,rno-mir-181b-1,MIR-181,ACAUUCA,MIMAT0000859,MIMAT0017139,chr13,54952938,54952998,#ERROR!,Gnathostomata,Vertebrata,Yes,,,,,,,,,,,,,,,,,,,,,,,,,,,,,,,,,,,,,,,,,,,,,,,,,,,,,,,,,,,,,,,,,,,,,,,,,
Rno-Mir-181-P2b,rno-mir-181b-2,MIR-181,ACAUUCA,MIMAT0000859,MIMAT0017140,chr3,23151469,23151528,#ERROR!,Gnathostomata,Vertebrata,No,1,,,,,,,,,,,,,,,,,,,,,,,,,,,,,,,,,,,,,,,,,,,,,,,,,,,,,,,,,,,,,,,,,,,,,,,,
Rno-Mir-181-P2c,rno-mir-181d,MIR-181,ACAUUCA,MIMAT0005299,MIMAT0017296,chr19,25290062,25290123,-,Gnathostomata,Vertebrata,Unknown,,1,1,,,,,,,,,,,,,,,,,,,,,,,,,,,,,,,,,,,,,,,,,,,,,,,,,,,,,,,,,,,,,,,,,,,,,,
Rno-Mir-184,rno-mir-184,MIR-184,GGACGGA,None,MIMAT0000861,chr8,97175666,97175726,-,Bilateria,Bilateria,No,1,,1,,,,,,,,,,,,,,,,,,,,,,,,,,,,,,,,,,,,,,,,,,,,,,,,,,,,,,,,,,,,,,,,,,,,,,
Rno-Mir-185,rno-mir-185,MIR-185,GGAGAGA,MIMAT0000862,MIMAT0017142,chr11,86812715,86812769,#ERROR!,Eutheria,Eutheria,No,,,1,,,,,,,,,,,,,,,,,,,,,,,,,,,,,,,,,,,,,,,,,,,,,,,,,,,,,,,,,,,,,,,,,,,,,,
Rno-Mir-186,rno-mir-186,MIR-186,AAAGAAU,MIMAT0000863,MIMAT0017143,chr2,263873773,263873833,#ERROR!,Mammalia,Mammalia,No,1,,1,,,,,,,,,,,,,,,,,,,,,,,,,,,,,,,,,,,,,,,,,,,,,,,,,,,,,,,,,,,,,,,,,,,,,,
Rno-Mir-187,rno-mir-187,MIR-187,CGUGUCU,MIMAT0017144,MIMAT0000864,chr18,16390524,16390581,-,Osteichthyes,Osteichthyes,Yes,,,1,,,,,,,,,,,,,,,,,,,,,,,,,,,,,,,,,,,,,,,,,,,,,,,,,,,,,,,,,,,,,,,,,,,,,,
Rno-Mir-188-P1,rno-mir-188,MIR-188,AUCCCUU,MIMAT0005301,MIMAT0017297,chrX,16110280,16110339,#ERROR!,Eutheria,Eutheria,No,1,,,,,,,,,,,,,,,,,,,,,,,,,,,,,,,,,,,,,,,,,,,,,,,,,,,,,,,,,,,,,,,,,,,,,,,,
Rno-Mir-188-P2,rno-mir-532,MIR-188,AUGCCUU,MIMAT0005322,MIMAT0005323,chrX,16109880,16109938,#ERROR!,Eutheria,Eutheria,No,1,,1,,,,,,,,,,,,,,,,,,,,,,,,,,,,,,,,,,,,,,,,,,,,,,,,,,,,,,,,,,,,,,,,,,,,,,
Rno-Mir-190-P1c,rno-mir-190a-1,MIR-190,GAUAUGU,MIMAT0000865,MIMAT0017145,chr8,80928179,80928237,#ERROR!,R. norvegicus,Bilateria,No,1,,1,,,,,,,,,,,,,,,,,,,,,,,,,,,,,,,,,,,,,,,,,,,,,,,,,,,,,,,,,,,,,,,,,,,,,,
Rno-Mir-190-P1d,rno-mir-190a-2,MIR-190,GAUAUGU,MIMAT0000865,MIMAT0017145,chr8,73030059,73030117,-,R. norvegicus,Bilateria,No,1,,1,,,,,,,,,,,,,,,,,,,,,,,,,,,,,,,,,,,,,,,,,,,,,,,,,,,,,,,,,,,,,,,,,,,,,,
Rno-Mir-190-P3,rno-mir-190b,MIR-190,GAUAUGU,MIMAT0005302,MIMAT0017298,chr2,189421147,189421206,#ERROR!,Gnathostomata,Bilateria,No,1,,1,,,,,,,,,,,,,,,,,,,,,,,,,,,,,,,,,,,,,,,,,,,,,,,,,,,,,,,,,,,,,,,,,,,,,,
Rno-Mir-191,rno-mir-191a,MIR-191,AACGGAA,MIMAT0000866,MIMAT0017146,chr8,117354378,117354441,#ERROR!,Gnathostomata,Gnathostomata,No,,,1,,,,,,,,,,,,,,,,,,,,,,,,,,,,,,,,,,,,,,,,,,,,,,,,,,,,,,,,,,,,,,,,,,,,,,
Rno-Mir-192-P1,rno-mir-215,MIR-192,UGACCUA,MIMAT0003118,None,159423064,546,604,-,Vertebrata,Vertebrata,No,,1,1,,,,,,,,,,,,,,,,,,,,,,,,,,,,,,,,,,,,,,,,,,,,,,,,,,,,,,,,,,,,,,,,,,,,,,
Rno-Mir-192-P2,rno-mir-192,MIR-192,UGACCUA,MIMAT0000867,MIMAT0017147,chr1,221634994,221635058,#ERROR!,Vertebrata,Vertebrata,Yes,,,,,,,,,,,,,,,,,,,,,,,,,,,,,,,,,,,,,,,,,,,,,,,,,,,,,,,,,,,,,,,,,,,,,,,,,
Rno-Mir-193-P1a,rno-mir-193b,MIR-193,ACUGGCC,MIMAT0035733,MIMAT0035734,chr14,30331060,30331118,-,Vertebrata,Bilateria,No,1,,1,,,,,,,,,,,,,,,,,,,,,,,,,,,,,,,,,,,,,,,,,,,,,,,,,,,,,,,,,,,,,,,,,,,,,,
Rno-Mir-193-P1b,rno-mir-193a,MIR-193,ACUGGCC,MIMAT0004736,MIMAT0000868,chr10,67065915,67065970,#ERROR!,Vertebrata,Bilateria,No,,,1,,,,,,,,,,,,,,,,,,,,,,,,,,,,,,,,,,,,,,,,,,,,,,,,,,,,,,,,,,,,,,,,,,,,,,
Rno-Mir-193-P2a,None,MIR-193,AAUGCCC,None,None,chr14,30326669,30326729,-,Vertebrata,Bilateria,Yes,,,1,,,,,,,,,,,,,,,,,,,,,,,,,,,,,,,,,,,,,,,,,,,,,,,,,,,,,,,,,,,,,,,,,,,,,,
Rno-Mir-193-P2b,rno-mir-365,MIR-193,AAUGCCC,MIMAT0017184,MIMAT0001549,chr10,67079811,67079871,#ERROR!,Vertebrata,Bilateria,No,,,1,,,,,,,,,,,,,,,,,,,,,,,,,,,,,,,,,,,,,,,,,,,,,,,,,,,,,,,,,,,,,,,,,,,,,,
Rno-Mir-194-P1,rno-mir-194-1,MIR-194,GUAACAG,MIMAT0000869,None,chr13,103250590,103250646,#ERROR!,Vertebrata,Vertebrata,No,,1,1,,,,,,,,,,,,,,,,,,,,,,,,,,,,,,,,,,,,,,,,,,,,,,,,,,,,,,,,,,,,,,,,,,,,,,
Rno-Mir-194-P2,rno-mir-194-2,MIR-194,GUAACAG,MIMAT0000869,MIMAT0017148,chr1,221634800,221634857,#ERROR!,Vertebrata,Vertebrata,Yes,1,1,1,,,,,,,,,,,,,,,,,,,,,,,,,,,,,,,,,,,,,,,,,,,,,,,,,,,,,,,,,,,,,,,,,,,,,,
Rno-Mir-196-P1c,rno-mir-196b-1,MIR-196,AGGUAGU,MIMAT0001082,MIMAT0017171,chr4,82284863,82284920,-,R. norvegicus,Olfactores,No,,,1,,,,,,,,,,,,,,,,,,,,,,,,,,,,,,,,,,,,,,,,,,,,,,,,,,,,,,,,,,,,,,,,,,,,,,
Rno-Mir-196-P1d,rno-mir-196b-2,MIR-196,AGGUAGU,MIMAT0001082,MIMAT0017171,chr4,82199068,82199125,-,R. norvegicus,Olfactores,No,,,1,,,,,,,,,,,,,,,,,,,,,,,,,,,,,,,,,,,,,,,,,,,,,,,,,,,,,,,,,,,,,,,,,,,,,,
Rno-Mir-196-P3,rno-mir-196c,MIR-196,AGGUAGU,MIMAT0005303,MIMAT0017299,chr10,84113588,84113647,#ERROR!,Gnathostomata,Olfactores,No,,,1,,,,,,,,,,,,,,,,,,,,,,,,,,,,,,,,,,,,,,,,,,,,,,,,,,,,,,,,,,,,,,,,,,,,,,
Rno-Mir-196-P4,rno-mir-196a,MIR-196,AGGUAGU,MIMAT0000871,MIMAT0004737,chr7,144584259,144584317,#ERROR!,Gnathostomata,Olfactores,No,,,1,,,,,,,,,,,,,,,,,,,,,,,,,,,,,,,,,,,,,,,,,,,,,,,,,,,,,,,,,,,,,,,,,,,,,,
Rno-Mir-199-P1-v1,rno-mir-199a,MIR-199,CAGUAGU,MIMAT0000872,MIMAT0004738,chr13,80125517,80125577,#ERROR!,Gnathostomata,Vertebrata,No,,,1,,,,,,,,,,,,,,,,,,,,,,,,,,,,,,,,,,,,,,,,,,,,,,,,,,,,,,,,,,,,,,,,,,,,,,
Rno-Mir-199-P1-v2,rno-mir-199a,MIR-199,ACAGUAG,MIMAT0000872,MIMAT0004738,chr13,80125517,80125577,#ERROR!,Gnathostomata,Vertebrata,No,,,1,,,,,,,,,,,,,,,,,,,,,,,,,,,,,,,,,,,,,,,,,,,,,,,,,,,,,,,,,,,,,,,,,,,,,,
Rno-Mir-199-P1-v3,rno-mir-199a,MIR-199,AGUAGUC,MIMAT0000872,MIMAT0004738,chr13,80125517,80125577,#ERROR!,Gnathostomata,Vertebrata,No,,,1,,,,,,,,,,,,,,,,,,,,,,,,,,,,,,,,,,,,,,,,,,,,,,,,,,,,,,,,,,,,,,,,,,,,,,
Rno-Mir-199-P2-v1,None,MIR-199,CAGUAGU,None,None,chr3,11348209,11348269,#ERROR!,Gnathostomata,Vertebrata,No,,,,,,,,,,,,,,,,,,,,,,,,,,,,,,,,,,,,,,,,,,,,,,,,,,,,,,,,,,,,,,,,,,,,,,,,,
Rno-Mir-199-P2-v2,None,MIR-199,ACAGUAG,None,None,chr3,11348209,11348269,#ERROR!,Gnathostomata,Vertebrata,No,,,,,,,,,,,,,,,,,,,,,,,,,,,,,,,,,,,,,,,,,,,,,,,,,,,,,,,,,,,,,,,,,,,,,,,,,
Rno-Mir-199-P2-v3,None,MIR-199,AGUAGUC,None,None,chr3,11348209,11348269,#ERROR!,Gnathostomata,Vertebrata,No,,,,,,,,,,,,,,,,,,,,,,,,,,,,,,,,,,,,,,,,,,,,,,,,,,,,,,,,,,,,,,,,,,,,,,,,,
Rno-Mir-202,rno-mir-202,MIR-202,UCCUAUG,MIMAT0012822,MIMAT0017355,chr1,212295636,212295693,-,Vertebrata,Vertebrata,No,,1,1,,,,,,,,,,,,,,,,,,,,,,,,,,,,,,,,,,,,,,,,,,,,,,,,,,,,,,,,,,,,,,,,,,,,,,
Rno-Mir-203-v1,rno-mir-203a,MIR-203,UGAAAUG,MIMAT0017153,MIMAT0000876,chr6,136704974,136705033,#ERROR!,Vertebrata,Vertebrata,No,,,1,,,,,,,,,,,,,,,,,,,,,,,,,,,,,,,,,,,,,,,,,,,,,,,,,,,,,,,,,,,,,,,,,,,,,,
Rno-Mir-203-v2,rno-mir-203a,MIR-203,GAAAUGU,MIMAT0017153,MIMAT0000876,chr6,136704974,136705033,#ERROR!,Vertebrata,Vertebrata,Yes,,,1,,,,,,,,,,,,,,,,,,,,,,,,,,,,,,,,,,,,,,,,,,,,,,,,,,,,,,,,,,,,,,,,,,,,,,
Rno-Mir-204-P1,rno-mir-211,MIR-204,UCCCUUU,MIMAT0000882,MIMAT0017157,chr1,125042144,125042201,#ERROR!,Gnathostomata,Vertebrata,No,1,,1,,,,,,,,,,,,,,,,,,,,,,,,,,,,,,,,,,,,,,,,,,,,,,,,,,,,,,,,,,,,,,,,,,,,,,
Rno-Mir-204-P2,rno-mir-204,MIR-204,UCCCUUU,MIMAT0000877,MIMAT0004739,chr1,240403032,240403091,#ERROR!,Gnathostomata,Vertebrata,No,1,,1,,,,,,,,,,,,,,,,,,,,,,,,,,,,,,,,,,,,,,,,,,,,,,,,,,,,,,,,,,,,,,,,,,,,,,
Rno-Mir-205-P4,rno-mir-205,MIR-205,CCUUCAU,MIMAT0000878,None,chr13,112233301,112233358,-,Gnathostomata,Vertebrata,No,,,1,,,,,,,,,,,,,,,,,,,,,,,,,,,,,,,,,,,,,,,,,,,,,,,,,,,,,,,,,,,,,,,,,,,,,,
Rno-Mir-208-P1,rno-mir-208b,MIR-208,UAAGACG,MIMAT0017844,MIMAT0017845,chr15,33639539,33639595,-,Vertebrata,Vertebrata,No,1,,1,,,,,,,,,,,,,,,,,,,,,,,,,,,,,,,,,,,,,,,,,,,,,,,,,,,,,,,,,,,,,,,,,,,,,,
Rno-Mir-208-P2,rno-mir-208a,MIR-208,UAAGACG,MIMAT0017155,MIMAT0000880,chr15,33613463,33613519,-,Vertebrata,Vertebrata,No,,,1,,,,,,,,,,,,,,,,,,,,,,,,,,,,,,,,,,,,,,,,,,,,,,,,,,,,,,,,,,,,,,,,,,,,,,
Rno-Mir-210,rno-mir-210,MIR-210,UGUGCGU,MIMAT0017156,MIMAT0000881,chr1,214208378,214208437,-,Bilateria,Bilateria,No,,,,,,,,,,,,,,,,,,,,,,,,,,,,,,,,,,,,,,,,,,,,,,,,,,,,,,,,,,,,,,,,,,,,,,,,,
Rno-Mir-214-v1,rno-mir-214,MIR-214,CAGCAGG,MIMAT0017159,MIMAT0000885,chr13,80130934,80130996,#ERROR!,Gnathostomata,Gnathostomata,No,,,,,,,,,,,,,,,,,,,,,,,,,,,,,,,,,,,,,,,,,,,,,,,,,,,,,,,,,,,,,,,,,,,,,,,,,
Rno-Mir-214-v2,rno-mir-214,MIR-214,ACAGCAG,MIMAT0017159,MIMAT0000885,chr13,80130934,80130996,#ERROR!,Gnathostomata,Gnathostomata,No,,,,,,,,,,,,,,,,,,,,,,,,,,,,,,,,,,,,,,,,,,,,,,,,,,,,,,,,,,,,,,,,,,,,,,,,,
Rno-Mir-216-P2a,rno-mir-216b,MIR-216,AAUCUCU,MIMAT0017846,MIMAT0017847,chr14,113101097,113101158,#ERROR!,Vertebrata,Bilateria,No,,1,,,,,,,,,,,,,,,,,,,,,,,,,,,,,,,,,,,,,,,,,,,,,,,,,,,,,,,,,,,,,,,,,,,,,,,
Rno-Mir-216-P2b,rno-mir-216a,MIR-216,AAUCUCA,MIMAT0000886,MIMAT0017160,chr14,113112147,113112208,#ERROR!,Vertebrata,Bilateria,No,,,,,,,,,,,,,,,,,,,,,,,,,,,,,,,,,,,,,,,,,,,,,,,,,,,,,,,,,,,,,,,,,,,,,,,,,
Rno-Mir-217-v1,rno-mir-217,MIR-217,ACUGCAU,MIMAT0000887,MIMAT0017161,chr14,113119560,113119618,#ERROR!,Chordata,Chordata,No,,,1,,,,,,,,,,,,,,,,,,,,,,,,,,,,,,,,,,,,,,,,,,,,,,,,,,,,,,,,,,,,,,,,,,,,,,
Rno-Mir-217-v2,rno-mir-217,MIR-217,UACUGCA,MIMAT0000887,MIMAT0017161,chr14,113119559,113119619,#ERROR!,Chordata,Chordata,No,,,1,,,,,,,,,,,,,,,,,,,,,,,,,,,,,,,,,,,,,,,,,,,,,,,,,,,,,,,,,,,,,,,,,,,,,,
Rno-Mir-218-P2,rno-mir-218a-1,MIR-218,UGUGCUU,MIMAT0000888,MIMAT0017162,chr14,66923105,66923168,-,Gnathostomata,Vertebrata,No,,,1,,,,,,,,,,,,,,,,,,,,,,,,,,,,,,,,,,,,,,,,,,,,,,,,,,,,,,,,,,,,,,,,,,,,,,
Rno-Mir-218-P4,rno-mir-218a-2,MIR-218,UGUGCUU,MIMAT0000888,MIMAT0004740,chr10,20428685,20428748,#ERROR!,Gnathostomata,Vertebrata,No,,,1,,,,,,,,,,,,,,,,,,,,,,,,,,,,,,,,,,,,,,,,,,,,,,,,,,,,,,,,,,,,,,,,,,,,,,
Rno-Mir-219-P2,rno-mir-219a-2,MIR-219,GAUUGUC,MIMAT0000889,MIMAT0005446,chr3,8407443,8407507,-,Gnathostomata,Bilateria,No,,,1,,,,,,,,,,,,,,,,,,,,,,,,,,,,,,,,,,,,,,,,,,,,,,,,,,,,,,,,,,,,,,,,,,,,,,
Rno-Mir-219-P2-as,rno-mir-219b,MIR-219,GAAUUGC,MIMAT0017882,None,chr3,8407445,8407509,#ERROR!,Eutheria,Bilateria,No,,,,,,,,,,,,,,,,,,,,,,,,,,,,,,,,,,,,,,,,,,,,,,,,,,,,,,,,,,,,,,,,,,,,,,,,,
Rno-Mir-219-P3,rno-mir-219a-1,MIR-219,GAUUGUC,MIMAT0000889,MIMAT0004741,chr20,3816184,3816247,-,Gnathostomata,Bilateria,No,,,1,,,,,,,,,,,,,,,,,,,,,,,,,,,,,,,,,,,,,,,,,,,,,,,,,,,,,,,,,,,,,,,,,,,,,,
Rno-Mir-221-P1a,rno-mir-222,MIR-221,GCUACAU,MIMAT0017164,MIMAT0000891,chrX,3683940,3684003,#ERROR!,Gnathostomata,Vertebrata,No,,1,1,,,,,,,,,,,,,,,,,,,,,,,,,,,,,,,,,,,,,,,,,,,,,,,,,,,,,,,,,,,,,,,,,,,,,,
Rno-Mir-221-P2a,rno-mir-221,MIR-221,GCUACAU,MIMAT0017163,MIMAT0000890,chrX,3684504,3684566,#ERROR!,Gnathostomata,Vertebrata,No,,,,,,,,,,,,,,,,,,,,,,,,,,,,,,,,,,,,,,,,,,,,,,,,,,,,,,,,,,,,,,,,,,,,,,,,,
Rno-Mir-223,rno-mir-223,MIR-223,GUCAGUU,MIMAT0017165,MIMAT0000892,chrX,65367837,65367901,#ERROR!,Vertebrata,Vertebrata,No,,,1,,,,,,,,,,,,,,,,,,,,,,,,,,,,,,,,,,,,,,,,,,,,,,,,,,,,,,,,,,,,,,,,,,,,,,
Rno-Mir-224,rno-mir-224,MIR-224,AAGUCAC,MIMAT0003119,MIMAT0017200,chrX,152223759,152223828,-,Eutheria,Eutheria,No,,,1,,,,,,,,,,,,,,,,,,,,,,,,,,,,,,,,,,,,,,,,,,,,,,,,,,,,,,,,,,,,,,,,,,,,,,
Rno-Mir-296,rno-mir-296,MIR-296,GGGCCCC,MIMAT0000898,MIMAT0004742,chr3,172357500,172357555,-,Eutheria,Eutheria,No,,1,1,,,,,,,,,,,,,,,,,,,,,,,,,,,,,,,,,,,,,,,,,,,,,,,,,,,,,,,,,,,,,,,,,,,,,,
Rno-Mir-298,rno-mir-298,MIR-298,GCAGAGG,MIMAT0000900,MIMAT0017166,chr3,172357950,172358014,-,Muridae,Muridae,No,,,,,,,,,,,,,,,,,,,,,,,,,,,,,,,,,,,,,,,,,,,,,,,,,,,,,,,,,,,,,,,,,,,,,,,,,
Rno-Mir-320,rno-mir-320,MIR-320,AAAGCUG,MIMAT0017168,MIMAT0000903,chr15,52134291,52134344,#ERROR!,Eutheria,Eutheria,No,,,,,,,,,,,,,,,,,,,,,,,,,,,,,,,,,,,,,,,,,,,,,,,,,,,,,,,,,,,,,,,,,,,,,,,,,
Rno-Mir-324,rno-mir-324,MIR-324,GCAUCCC,MIMAT0000553,MIMAT0000554,chr10,56621141,56621197,#ERROR!,Eutheria,Eutheria,No,1,,1,,,,,,,,,,,,,,,,,,,,,,,,,,,,,,,,,,,,,,,,,,,,,,,,,,,,,,,,,,,,,,,,,,,,,,
Rno-Mir-325,rno-mir-325,MIR-325,CUAGUAG,MIMAT0000557,MIMAT0004639,chrX,76334294,76334353,-,Theria,Theria,No,,,,,,,,,,,,,,,,,,,,,,,,,,,,,,,,,,,,,,,,,,,,,,,,,,,,,,,,,,,,,,,,,,,,,,,,,
Rno-Mir-326,rno-mir-326,MIR-326,CUCUGGG,MIMAT0017028,MIMAT0000560,chr1,164518420,164518479,#ERROR!,Eutheria,Eutheria,Yes,,,1,,,,,,,,,,,,,,,,,,,,,,,,,,,,,,,,,,,,,,,,,,,,,,,,,,,,,,,,,,,,,,,,,,,,,,
Rno-Mir-328,rno-mir-328a,MIR-328,UGGCCCU,MIMAT0017029,MIMAT0000564,chr19,37263215,37263275,-,Eutheria,Eutheria,Yes,,,1,,,,,,,,,,,,,,,,,,,,,,,,,,,,,,,,,,,,,,,,,,,,,,,,,,,,,,,,,,,,,,,,,,,,,,
Rno-Mir-330-v1,rno-mir-330,MIR-330,CUCUGGG,MIMAT0004641,MIMAT0000568,chr1,80092701,80092764,#ERROR!,Eutheria,Eutheria,No,1,,,,,,,,,,,,,,,,,,,,,,,,,,,,,,,,,,,,,,,,,,,,,,,,,,,,,,,,,,,,,,,,,,,,,,,,
Rno-Mir-330-v2,rno-mir-330,MIR-330,CUCUGGG,MIMAT0004641,MIMAT0000568,chr1,80092701,80092764,#ERROR!,Eutheria,Eutheria,No,1,,,,,,,,,,,,,,,,,,,,,,,,,,,,,,,,,,,,,,,,,,,,,,,,,,,,,,,,,,,,,,,,,,,,,,,,
Rno-Mir-331,rno-mir-331,MIR-331,CCCCUGG,MIMAT0017033,MIMAT0000570,chr7,34881110,34881165,-,Eutheria,Eutheria,No,1,,1,,,,,,,,,,,,,,,,,,,,,,,,,,,,,,,,,,,,,,,,,,,,,,,,,,,,,,,,,,,,,,,,,,,,,,
Rno-Mir-335,rno-mir-335,MIR-335,CAAGAGC,MIMAT0000575,None,1660748194,214,275,#ERROR!,Eutheria,Eutheria,No,,,,,,,,,,,,,,,,,,,,,,,,,,,,,,,,,,,,,,,,,,,,,,,,,,,,,,,,,,,,,,,,,,,,,,,,,
Rno-Mir-337,rno-mir-337,MIR-337,GGCGUCA,MIMAT0017035,MIMAT0000577,chr6,133705948,133706001,#ERROR!,Eutheria,Eutheria,No,,,1,,,,,,,,,,,,,,,,,,,,,,,,,,,,,,,,,,,,,,,,,,,,,,,,,,,,,,,,,,,,,,,,,,,,,,
Rno-Mir-337-as,rno-mir-3544,MIR-337,GAAAGGC,None,MIMAT0017798,chr6,133705943,133706003,-,Euarchontoglires,Eutheria,No,,,1,,,,,,,,,,,,,,,,,,,,,,,,,,,,,,,,,,,,,,,,,,,,,,,,,,,,,,,,,,,,,,,,,,,,,,
Rno-Mir-338-P2,rno-mir-338,MIR-338,CCAGCAU,MIMAT0004646,MIMAT0000581,chr10,109195254,109195311,-,Vertebrata,Vertebrata,No,,,1,,,,,,,,,,,,,,,,,,,,,,,,,,,,,,,,,,,,,,,,,,,,,,,,,,,,,,,,,,,,,,,,,,,,,,
Rno-Mir-338-P2-as,rno-mir-3065,MIR-338,CAACAAA,MIMAT0017839,MIMAT0017840,chr10,109195254,109195316,#ERROR!,Amniota,Vertebrata,No,,,1,,,,,,,,,,,,,,,,,,,,,,,,,,,,,,,,,,,,,,,,,,,,,,,,,,,,,,,,,,,,,,,,,,,,,,
Rno-Mir-339,rno-mir-339,MIR-339,CCCUGUC,MIMAT0000583,MIMAT0004648,chr12,17369017,17369074,#ERROR!,Eutheria,Eutheria,No,,,1,,,,,,,,,,,,,,,,,,,,,,,,,,,,,,,,,,,,,,,,,,,,,,,,,,,,,,,,,,,,,,,,,,,,,,
Rno-Mir-340-P1,rno-mir-340-1,MIR-340,UAUAAAG,MIMAT0004650,MIMAT0000585,chr10,35559001,35559065,#ERROR!,R. norvegicus,Theria,No,1,,1,,,,,,,,,,,,,,,,,,,,,,,,,,,,,,,,,,,,,,,,,,,,,,,,,,,,,,,,,,,,,,,,,,,,,,
Rno-Mir-340-P2,rno-mir-340-2,MIR-340,UAUAAAG,MIMAT0004650,MIMAT0000585,chr10,35571773,35571837,#ERROR!,R. norvegicus,Theria,No,1,,1,,,,,,,,,,,,,,,,,,,,,,,,,,,,,,,,,,,,,,,,,,,,,,,,,,,,,,,,,,,,,,,,,,,,,,
Rno-Mir-342,rno-mir-342,MIR-342,CUCACAC,MIMAT0004652,MIMAT0000589,chr6,132561187,132561253,#ERROR!,Eutheria,Eutheria,No,,,1,,,,,,,,,,,,,,,,,,,,,,,,,,,,,,,,,,,,,,,,,,,,,,,,,,,,,,,,,,,,,,,,,,,,,,
Rno-Mir-345,rno-mir-345,MIR-345,GCUGACC,MIMAT0000594,MIMAT0004655,chr6,132748983,132749042,#ERROR!,Eutheria,Eutheria,Yes,,,,,,,,,,,,,,,,,,,,,,,,,,,,,,,,,,,,,,,,,,,,,,,,,,,,,,,,,,,,,,,,,,,,,,,,,
Rno-Mir-346,rno-mir-346,MIR-346,GUCUGCC,MIMAT0000596,None,chr16,11250069,11250128,#ERROR!,Eutheria,Eutheria,No,,,1,,,,,,,,,,,,,,,,,,,,,,,,,,,,,,,,,,,,,,,,,,,,,,,,,,,,,,,,,,,,,,,,,,,,,,
Rno-Mir-350-P1,rno-mir-350-1,MIR-350,AAGUGCA,None,MIMAT0000604,chr13,43827515,43827574,#ERROR!,R. norvegicus,Eutheria,No,,1,1,,,,,,,,,,,,,,,,,,,,,,,,,,,,,,,,,,,,,,,,,,,,,,,,,,,,,,,,,,,,,,,,,,,,,,
Rno-Mir-350-P2,rno-mir-350-2,MIR-350,AAGUGCA,None,MIMAT0000604,chr13,94849832,94849891,-,R. norvegicus,Eutheria,No,,1,1,,,,,,,,,,,,,,,,,,,,,,,,,,,,,,,,,,,,,,,,,,,,,,,,,,,,,,,,,,,,,,,,,,,,,,
Rno-Mir-351-P1a,rno-mir-351-1,MIR-351,CCCUGAG,MIMAT0000608,MIMAT0017041,None,None,None,None,R. norvegicus,Muridae,No,,,,,,,,,,,,,,,,,,,,,,,,,,,,,,,,,,,,,,,,,,,,,,,,,,,,,,,,,,,,,,,,,,,,,,,,,
Rno-Mir-351-P1b,rno-mir-351-2,MIR-351,CCCUGAG,MIMAT0000608,MIMAT0017041,None,None,None,None,R. norvegicus,Muridae,No,,,,,,,,,,,,,,,,,,,,,,,,,,,,,,,,,,,,,,,,,,,,,,,,,,,,,,,,,,,,,,,,,,,,,,,,,
Rno-Mir-361-v1,rno-mir-361,MIR-361,UAUCAGA,MIMAT0003117,MIMAT0017199,chrX,84708914,84708975,-,Eutheria,Eutheria,No,1,,1,,,,,,,,,,,,,,,,,,,,,,,,,,,,,,,,,,,,,,,,,,,,,,,,,,,,,,,,,,,,,,,,,,,,,,
Rno-Mir-361-v2,rno-mir-361,MIR-361,CCCCCAG,MIMAT0003117,MIMAT0017199,chrX,84708915,84708974,-,Eutheria,Eutheria,No,,,1,,,,,,,,,,,,,,,,,,,,,,,,,,,,,,,,,,,,,,,,,,,,,,,,,,,,,,,,,,,,,,,,,,,,,,
Rno-Mir-362-P1,rno-mir-362,MIR-362,AUCCUUG,MIMAT0012828,MIMAT0017357,chrX,16117174,16117232,#ERROR!,Eutheria,Eutheria,No,1,,1,,,,,,,,,,,,,,,,,,,,,,,,,,,,,,,,,,,,,,,,,,,,,,,,,,,,,,,,,,,,,,,,,,,,,,
Rno-Mir-362-P3,rno-mir-501,MIR-362,AUGCACC,MIMAT0003116,MIMAT0017198,chrX,16117887,16117946,#ERROR!,Eutheria,Eutheria,No,1,,1,,,,,,,,,,,,,,,,,,,,,,,,,,,,,,,,,,,,,,,,,,,,,,,,,,,,,,,,,,,,,,,,,,,,,,
Rno-Mir-362-P4,rno-mir-500,MIR-362,AUGCACC,MIMAT0017311,MIMAT0005321,chrX,16121342,16121402,#ERROR!,Eutheria,Eutheria,No,1,,1,,,,,,,,,,,,,,,,,,,,,,,,,,,,,,,,,,,,,,,,,,,,,,,,,,,,,,,,,,,,,,,,,,,,,,
Rno-Mir-370,rno-mir-370,MIR-370,CCUGCUG,MIMAT0017202,MIMAT0003122,chr6,133739928,133739984,#ERROR!,Boreoeutheria,Boreoeutheria,No,,,1,,,,,,,,,,,,,,,,,,,,,,,,,,,,,,,,,,,,,,,,,,,,,,,,,,,,,,,,,,,,,,,,,,,,,,
Rno-Mir-374-P2,rno-mir-374,MIR-374,UAUAAUA,MIMAT0003208,MIMAT0017223,chrX,74443655,74443706,-,Eutheria,Eutheria,No,,,,,,,,,,,,,,,,,,,,,,,,,,,,,,,,,,,,,,,,,,,,,,,,,,,,,,,,,,,,,,,,,,,,,,,,,
Rno-Mir-375,rno-mir-375,MIR-375,UUGUUCG,MIMAT0017301,MIMAT0005307,chr9,82161725,82161781,-,Bilateria,Bilateria,No,,,1,,,,,,,,,,,,,,,,,,,,,,,,,,,,,,,,,,,,,,,,,,,,,,,,,,,,,,,,,,,,,,,,,,,,,,
Rno-Mir-376-P1,rno-mir-376a,MIR-376,UAGAUUC,MIMAT0003197,MIMAT0003198,chr6,133873618,133873675,#ERROR!,Eutheria,Eutheria,No,,,1,,,,,,,,,,,,,,,,,,,,,,,,,,,,,,,,,,,,,,,,,,,,,,,,,,,,,,,,,,,,,,,,,,,,,,
Rno-Mir-376-P2,rno-mir-376b,MIR-376,UGGAUAU,MIMAT0003195,MIMAT0003196,chr6,133873110,133873167,#ERROR!,Eutheria,Eutheria,No,,,,,,,,,,,,,,,,,,,,,,,,,,,,,,,,,,,,,,,,,,,,,,,,,,,,,,,,,,,,,,,,,,,,,,,,,
Rno-Mir-376-P4,rno-mir-376c,MIR-376,ACAUAGA,MIMAT0017219,MIMAT0003194,chr6,133872453,133872510,#ERROR!,Eutheria,Eutheria,No,,,1,,,,,,,,,,,,,,,,,,,,,,,,,,,,,,,,,,,,,,,,,,,,,,,,,,,,,,,,,,,,,,,,,,,,,,
Rno-Mir-378,rno-mir-378a,MIR-378,CUGGACU,MIMAT0003378,MIMAT0003379,chr18,56726152,56726211,-,Eutheria,Eutheria,No,,,1,,,,,,,,,,,,,,,,,,,,,,,,,,,,,,,,,,,,,,,,,,,,,,,,,,,,,,,,,,,,,,,,,,,,,,
Rno-Mir-383-v1,rno-mir-383,MIR-383,GAUCAGA,MIMAT0003114,MIMAT0017197,chr16,57519680,57519741,#ERROR!,Tetrapoda,Tetrapoda,No,,,,,,,,,,,,,,,,,,,,,,,,,,,,,,,,,,,,,,,,,,,,,,,,,,,,,,,,,,,,,,,,,,,,,,,,,
Rno-Mir-383-v2,rno-mir-383,MIR-383,AGAUCAG,MIMAT0003114,MIMAT0017197,chr16,57519679,57519741,#ERROR!,Tetrapoda,Tetrapoda,Yes,,,,,,,,,,,,,,,,,,,,,,,,,,,,,,,,,,,,,,,,,,,,,,,,,,,,,,,,,,,,,,,,,,,,,,,,,
Rno-Mir-384,rno-mir-384,MIR-384,GUAAACA,MIMAT0005309,MIMAT0005310,chrX,76301773,76301835,-,Eutheria,Eutheria,No,,,1,,,,,,,,,,,,,,,,,,,,,,,,,,,,,,,,,,,,,,,,,,,,,,,,,,,,,,,,,,,,,,,,,,,,,,
Rno-Mir-423,rno-mir-423,MIR-423,GAGGGGC,MIMAT0017305,MIMAT0005313,chr10,63098376,63098434,#ERROR!,Eutheria,Eutheria,No,,,,,,,,,,,,,,,,,,,,,,,,,,,,,,,,,,,,,,,,,,,,,,,,,,,,,,,,,,,,,,,,,,,,,,,,,
Rno-Mir-425,rno-mir-425,MIR-425,AUGACAC,MIMAT0005314,MIMAT0017306,chr8,117354831,117354893,#ERROR!,Gnathostomata,Gnathostomata,No,,,1,,,,,,,,,,,,,,,,,,,,,,,,,,,,,,,,,,,,,,,,,,,,,,,,,,,,,,,,,,,,,,,,,,,,,,
Rno-Mir-430-P1,None,MIR-430,AAGUGCU,None,None,chr2,231874984,231875043,#ERROR!,Gnathostomata,Vertebrata,No,,,,,,,,,,,,,,,,,,,,,,,,,,,,,,,,,,,,,,,,,,,,,,,,,,,,,,,,,,,,,,,,,,,,,,,,,
Rno-Mir-430-P3,None,MIR-430,AAGUGCU,None,None,chr2,231875231,231875291,#ERROR!,Gnathostomata,Vertebrata,No,,,,,,,,,,,,,,,,,,,,,,,,,,,,,,,,,,,,,,,,,,,,,,,,,,,,,,,,,,,,,,,,,,,,,,,,,
Rno-Mir-430-P4,None,MIR-430,AAGUGCU,None,None,chr2,231875359,231875416,#ERROR!,Gnathostomata,Vertebrata,Unknown,,1,1,,,,,,,,,,,,,,,,,,,,,,,,,,,,,,,,,,,,,,,,,,,,,,,,,,,,,,,,,,,,,,,,,,,,,,
Rno-Mir-430-P5a,rno-mir-290,MIR-430,CUCAAAC,MIMAT0000893,None,chr1,64538716,64538773,-,Muridae,Vertebrata,No,1,,1,,,,,,,,,,,,,,,,,,,,,,,,,,,,,,,,,,,,,,,,,,,,,,,,,,,,,,,,,,,,,,,,,,,,,,
Rno-Mir-430-P5b,rno-mir-292,MIR-430,AAGUGCC,MIMAT0000896,MIMAT0000897,chr1,64538128,64538189,-,Muridae,Vertebrata,No,,,1,,,,,,,,,,,,,,,,,,,,,,,,,,,,,,,,,,,,,,,,,,,,,,,,,,,,,,,,,,,,,,,,,,,,,,
Rno-Mir-430-P5c,rno-mir-293,MIR-430,GUGCCGC,MIMAT0012847,MIMAT0017365,chr1,64537114,64537171,-,Muridae,Vertebrata,No,,,1,,,,,,,,,,,,,,,,,,,,,,,,,,,,,,,,,,,,,,,,,,,,,,,,,,,,,,,,,,,,,,,,,,,,,,
Rno-Mir-430-P6a,rno-mir-295-1,MIR-430,AAGUGCU,MIMAT0012849,MIMAT0017366,chr1,66133322,66133380,-,R. norvegicus,Vertebrata,No,,,,,,,,,,,,,,,,,,,,,,,,,,,,,,,,,,,,,,,,,,,,,,,,,,,,,,,,,,,,,,,,,,,,,,,,,
Rno-Mir-430-P6b,rno-mir-295-2,MIR-430,AAGUGCU,MIMAT0012849,MIMAT0017366,chr1,64536633,64536691,-,R. norvegicus,Vertebrata,No,,,,,,,,,,,,,,,,,,,,,,,,,,,,,,,,,,,,,,,,,,,,,,,,,,,,,,,,,,,,,,,,,,,,,,,,,
Rno-Mir-430-P7a,rno-mir-291a,MIR-430,AUCAAAG,MIMAT0000894,MIMAT0000895,chr1,64538418,64538475,-,Muridae,Vertebrata,Unknown,,,1,,,,,,,,,,,,,,,,,,,,,,,,,,,,,,,,,,,,,,,,,,,,,,,,,,,,,,,,,,,,,,,,,,,,,,
Rno-Mir-430-P7b,rno-mir-291b,MIR-430,AUCAAAG,None,MIMAT0017822,chr1,64537854,64537910,-,Muridae,Vertebrata,Unknown,1,1,,,,,,,,,,,,,,,,,,,,,,,,,,,,,,,,,,,,,,,,,,,,,,,,,,,,,,,,,,,,,,,,,,,,,,,
Rno-Mir-430-P7c,rno-mir-294,MIR-430,AAGUGCU,MIMAT0012848,None,chr1,64536751,64536808,-,Muridae,Vertebrata,No,,,1,,,,,,,,,,,,,,,,,,,,,,,,,,,,,,,,,,,,,,,,,,,,,,,,,,,,,,,,,,,,,,,,,,,,,,
Rno-Mir-431,rno-mir-431,MIR-431,GUCUUGC,MIMAT0001626,None,chr6,133711444,133711507,#ERROR!,Eutheria,Eutheria,Yes,,,1,,,,,,,,,,,,,,,,,,,,,,,,,,,,,,,,,,,,,,,,,,,,,,,,,,,,,,,,,,,,,,,,,,,,,,
Rno-Mir-433,rno-mir-433,MIR-433,UCAUGAU,MIMAT0017192,MIMAT0001628,chr6,133712345,133712418,#ERROR!,Eutheria,Eutheria,No,1,,1,,,,,,,,,,,,,,,,,,,,,,,,,,,,,,,,,,,,,,,,,,,,,,,,,,,,,,,,,,,,,,,,,,,,,,
Rno-Mir-448,rno-mir-448,MIR-448,UGCAUAU,MIMAT0017177,MIMAT0001534,chrX,118277695,118277774,#ERROR!,Eutheria,Eutheria,Yes,1,,1,,,,,,,,,,,,,,,,,,,,,,,,,,,,,,,,,,,,,,,,,,,,,,,,,,,,,,,,,,,,,,,,,,,,,,
Rno-Mir-450-P1a,rno-mir-450b-1,MIR-450,UUUGCGA,MIMAT0035746,MIMAT0035747,None,None,None,None,R. norvegicus,Eutheria,No,,,,,,,,,,,,,,,,,,,,,,,,,,,,,,,,,,,,,,,,,,,,,,,,,,,,,,,,,,,,,,,,,,,,,,,,,
Rno-Mir-450-P1b,rno-mir-450b-2,MIR-450,UUUGCGA,MIMAT0035746,MIMAT0035747,None,None,None,None,R. norvegicus,Eutheria,No,,,,,,,,,,,,,,,,,,,,,,,,,,,,,,,,,,,,,,,,,,,,,,,,,,,,,,,,,,,,,,,,,,,,,,,,,
Rno-Mir-450-P2a,None,MIR-450,UUGGGAA,None,None,chrX,158589777,158589833,#ERROR!,R. norvegicus,Eutheria,No,,1,,,,,,,,,,,,,,,,,,,,,,,,,,,,,,,,,,,,,,,,,,,,,,,,,,,,,,,,,,,,,,,,,,,,,,,
Rno-Mir-450-P2b,rno-mir-450a,MIR-450,UUUGCGA,MIMAT0001547,MIMAT0017183,chrX,158153394,158153450,#ERROR!,R. norvegicus,Eutheria,No,,1,,,,,,,,,,,,,,,,,,,,,,,,,,,,,,,,,,,,,,,,,,,,,,,,,,,,,,,,,,,,,,,,,,,,,,,
Rno-Mir-450-P3a,None,MIR-450,UUUGCAG,None,None,chrX,158589938,158589994,#ERROR!,R. norvegicus,Eutheria,Unknown,,,,,,,,,,,,,,,,,,,,,,,,,,,,,,,,,,,,,,,,,,,,,,,,,,,,,,,,,,,,,,,,,,,,,,,,,
Rno-Mir-450-P3b,None,MIR-450,UUUGCAG,None,None,chrX,158153555,158153611,#ERROR!,R. norvegicus,Eutheria,Unknown,,,,,,,,,,,,,,,,,,,,,,,,,,,,,,,,,,,,,,,,,,,,,,,,,,,,,,,,,,,,,,,,,,,,,,,,,
Rno-Mir-451,rno-mir-451,MIR-451,AACCGUU,MIMAT0001633,,chr10,65291218,65291259,-,Vertebrata,Vertebrata,NA,1,,,,,,,,,,,,,,,,,,,,,,,,,,,,,,,,,,,,,,,,,,,,,,,,,,,,,,,,,,,,,,,,,,,,,,,,
Rno-Mir-452-v1,rno-mir-452,MIR-452,ACUGUUU,MIMAT0035748,MIMAT0035749,928997776,329,389,-,Eutheria,Eutheria,No,1,,1,,,,,,,,,,,,,,,,,,,,,,,,,,,,,,,,,,,,,,,,,,,,,,,,,,,,,,,,,,,,,,,,,,,,,,
Rno-Mir-452-v2,rno-mir-452,MIR-452,GUUUGCA,MIMAT0035748,MIMAT0035749,928997776,330,386,-,Eutheria,Eutheria,No,,,1,,,,,,,,,,,,,,,,,,,,,,,,,,,,,,,,,,,,,,,,,,,,,,,,,,,,,,,,,,,,,,,,,,,,,,
Rno-Mir-455,rno-mir-455,MIR-455,AUGUGCC,MIMAT0005316,MIMAT0017308,chr5,79097218,79097274,#ERROR!,Vertebrata,Vertebrata,No,,,,,,,,,,,,,,,,,,,,,,,,,,,,,,,,,,,,,,,,,,,,,,,,,,,,,,,,,,,,,,,,,,,,,,,,,
Rno-Mir-459,rno-mir-802,MIR-459,CAGUAAC,MIMAT0012840,MIMAT0017362,chr11,33570272,33570332,#ERROR!,Vertebrata,Vertebrata,No,,,1,,,,,,,,,,,,,,,,,,,,,,,,,,,,,,,,,,,,,,,,,,,,,,,,,,,,,,,,,,,,,,,,,,,,,,
Rno-Mir-483,rno-mir-483,MIR-483,AGACGGG,MIMAT0017201,MIMAT0003121,chr1,215832094,215832153,-,Theria,Theria,No,1,,1,,,,,,,,,,,,,,,,,,,,,,,,,,,,,,,,,,,,,,,,,,,,,,,,,,,,,,,,,,,,,,,,,,,,,,
Rno-Mir-486,rno-mir-486,MIR-486,CCUGUAC,MIMAT0037265,None,1621823597,128,190,-,Eutheria,Eutheria,No,,,1,,,,,,,,,,,,,,,,,,,,,,,,,,,,,,,,,,,,,,,,,,,,,,,,,,,,,,,,,,,,,,,,,,,,,,
Rno-Mir-488,rno-mir-488,MIR-488,UGAAAGG,MIMAT0017320,MIMAT0005341,chr13,76198603,76198661,#ERROR!,Eutheria,Eutheria,Yes,1,,1,,,,,,,,,,,,,,,,,,,,,,,,,,,,,,,,,,,,,,,,,,,,,,,,,,,,,,,,,,,,,,,,,,,,,,
Rno-Mir-489,rno-mir-489,MIR-489,UGACAUC,MIMAT0017196,MIMAT0003113,chr4,28659547,28659606,-,Osteichthyes,Osteichthyes,No,,,1,,,,,,,,,,,,,,,,,,,,,,,,,,,,,,,,,,,,,,,,,,,,,,,,,,,,,,,,,,,,,,,,,,,,,,
Rno-Mir-490,rno-mir-490,MIR-490,AACCUGG,MIMAT0017356,MIMAT0012823,chr4,63342964,63343023,#ERROR!,Amniota,Amniota,No,,,1,,,,,,,,,,,,,,,,,,,,,,,,,,,,,,,,,,,,,,,,,,,,,,,,,,,,,,,,,,,,,,,,,,,,,,
Rno-Mir-491,None,MIR-491,GUGGGGA,None,None,chr5,106446191,106446246,#ERROR!,Eutheria,Eutheria,Unknown,1,,,,,,,,,,,,,,,,,,,,,,,,,,,,,,,,,,,,,,,,,,,,,,,,,,,,,,,,,,,,,,,,,,,,,,,,
Rno-Mir-493,rno-mir-493,MIR-493,UGUACAU,MIMAT0017217,MIMAT0003191,chr6,133699522,133699583,#ERROR!,Eutheria,Eutheria,No,1,,,,,,,,,,,,,,,,,,,,,,,,,,,,,,,,,,,,,,,,,,,,,,,,,,,,,,,,,,,,,,,,,,,,,,,,
Rno-Mir-499,rno-mir-499,MIR-499,UAAGACU,MIMAT0003381,MIMAT0017227,chr3,151138866,151138924,#ERROR!,Vertebrata,Vertebrata,No,1,,1,,,,,,,,,,,,,,,,,,,,,,,,,,,,,,,,,,,,,,,,,,,,,,,,,,,,,,,,,,,,,,,,,,,,,,
Rno-Mir-504-v1,rno-mir-504,MIR-504,GACCCUG,MIMAT0012830,None,928066351,500,558,#ERROR!,Eutheria,Eutheria,No,,,1,,,,,,,,,,,,,,,,,,,,,,,,,,,,,,,,,,,,,,,,,,,,,,,,,,,,,,,,,,,,,,,,,,,,,,
Rno-Mir-504-v2,rno-mir-504,MIR-504,ACCCUGG,MIMAT0012830,None,928066351,501,557,#ERROR!,Eutheria,Eutheria,No,1,,1,,,,,,,,,,,,,,,,,,,,,,,,,,,,,,,,,,,,,,,,,,,,,,,,,,,,,,,,,,,,,,,,,,,,,,
Rno-Mir-505-v1,rno-mir-505,MIR-505,GUCAACA,MIMAT0017226,MIMAT0003380,chrX,143517017,143517075,-,Eutheria,Eutheria,No,,,,,,,,,,,,,,,,,,,,,,,,,,,,,,,,,,,,,,,,,,,,,,,,,,,,,,,,,,,,,,,,,,,,,,,,,
Rno-Mir-505-v2,rno-mir-505,MIR-505,UCAACAC,MIMAT0017226,MIMAT0003380,chrX,143517017,143517075,-,Eutheria,Eutheria,No,,,,,,,,,,,,,,,,,,,,,,,,,,,,,,,,,,,,,,,,,,,,,,,,,,,,,,,,,,,,,,,,,,,,,,,,,
Rno-Mir-506-P1,rno-mir-201,MIR-506,ACUCAGU,MIMAT0012846,MIMAT0017364,chrX,155339151,155339208,#ERROR!,Eutheria,Eutheria,No,,,1,,,,,,,,,,,,,,,,,,,,,,,,,,,,,,,,,,,,,,,,,,,,,,,,,,,,,,,,,,,,,,,,,,,,,,
Rno-Mir-506-P2,rno-mir-547,MIR-506,UUGGUAC,MIMAT0017368,MIMAT0012851,chrX,155338852,155338909,#ERROR!,Eutheria,Eutheria,No,,,1,,,,,,,,,,,,,,,,,,,,,,,,,,,,,,,,,,,,,,,,,,,,,,,,,,,,,,,,,,,,,,,,,,,,,,
Rno-Mir-506-P6,rno-mir-3585,MIR-506,UCACAAG,MIMAT0017878,MIMAT0017879,chrX,155344207,155344263,#ERROR!,Eutheria,Eutheria,No,1,,,,,,,,,,,,,,,,,,,,,,,,,,,,,,,,,,,,,,,,,,,,,,,,,,,,,,,,,,,,,,,,,,,,,,,,
Rno-Mir-506-P7,rno-mir-509,MIR-506,ACUCCAG,MIMAT0024849,MIMAT0024850,chrX,155317221,155317277,#ERROR!,Eutheria,Eutheria,No,1,,,,,,,,,,,,,,,,,,,,,,,,,,,,,,,,,,,,,,,,,,,,,,,,,,,,,,,,,,,,,,,,,,,,,,,,
Rno-Mir-506-P14,rno-mir-463,MIR-506,ACCUAAU,MIMAT0017309,MIMAT0005317,chrX,151276038,151276097,-,Muridae,Eutheria,No,,,1,,,,,,,,,,,,,,,,,,,,,,,,,,,,,,,,,,,,,,,,,,,,,,,,,,,,,,,,,,,,,,,,,,,,,,
Rno-Mir-506-P15,rno-mir-465,MIR-506,AUUUAGA,MIMAT0012850,MIMAT0017367,chrX,151297377,151297433,-,Muridae,Eutheria,No,1,,1,,,,,,,,,,,,,,,,,,,,,,,,,,,,,,,,,,,,,,,,,,,,,,,,,,,,,,,,,,,,,,,,,,,,,,
Rno-Mir-506-P17,rno-mir-471,MIR-506,ACGUAGU,MIMAT0005318,MIMAT0017310,chrX,151272114,151272171,-,Muridae,Eutheria,No,1,,1,,,,,,,,,,,,,,,,,,,,,,,,,,,,,,,,,,,,,,,,,,,,,,,,,,,,,,,,,,,,,,,,,,,,,,
Rno-Mir-506-P18,rno-mir-741,MIR-506,GAAAGAU,MIMAT0017901,MIMAT0017902,chrX,151274374,151274430,-,Muridae,Eutheria,No,,,1,,,,,,,,,,,,,,,,,,,,,,,,,,,,,,,,,,,,,,,,,,,,,,,,,,,,,,,,,,,,,,,,,,,,,,
Rno-Mir-506-P19,rno-mir-742,MIR-506,AAAGCCA,MIMAT0017314,MIMAT0005333,chrX,151260323,151260379,-,Muridae,Eutheria,No,,1,1,,,,,,,,,,,,,,,,,,,,,,,,,,,,,,,,,,,,,,,,,,,,,,,,,,,,,,,,,,,,,,,,,,,,,,
Rno-Mir-506-P20,rno-mir-743a,MIR-506,AAGACGC,MIMAT0017315,MIMAT0005334,chrX,151252838,151252893,-,Muridae,Eutheria,No,,,1,,,,,,,,,,,,,,,,,,,,,,,,,,,,,,,,,,,,,,,,,,,,,,,,,,,,,,,,,,,,,,,,,,,,,,
Rno-Mir-506-P21,rno-mir-743b,MIR-506,AAGACAC,MIMAT0017288,MIMAT0005280,chrX,151253328,151253384,-,Muridae,Eutheria,No,,,1,,,,,,,,,,,,,,,,,,,,,,,,,,,,,,,,,,,,,,,,,,,,,,,,,,,,,,,,,,,,,,,,,,,,,,
Rno-Mir-506-P22,rno-mir-871,MIR-506,GACUGGC,MIMAT0005281,MIMAT0017289,chrX,151287797,151287853,-,Muridae,Eutheria,No,1,,1,,,,,,,,,,,,,,,,,,,,,,,,,,,,,,,,,,,,,,,,,,,,,,,,,,,,,,,,,,,,,,,,,,,,,,
Rno-Mir-506-P23,rno-mir-878,MIR-506,AUCUAGU,None,MIMAT0005286,chrX,151283471,151283527,-,Muridae,Eutheria,No,1,1,1,,,,,,,,,,,,,,,,,,,,,,,,,,,,,,,,,,,,,,,,,,,,,,,,,,,,,,,,,,,,,,,,,,,,,,
Rno-Mir-506-P24,rno-mir-880,MIR-506,ACUCCAU,MIMAT0017292,MIMAT0005288,chrX,151281998,151282055,-,Muridae,Eutheria,No,1,,1,,,,,,,,,,,,,,,,,,,,,,,,,,,,,,,,,,,,,,,,,,,,,,,,,,,,,,,,,,,,,,,,,,,,,,
Rno-Mir-506-P25,rno-mir-881,MIR-506,ACUGUGG,MIMAT0017293,MIMAT0005289,chrX,151283920,151283976,-,Muridae,Eutheria,No,1,,1,,,,,,,,,,,,,,,,,,,,,,,,,,,,,,,,,,,,,,,,,,,,,,,,,,,,,,,,,,,,,,,,,,,,,,
Rno-Mir-506-P26,rno-mir-883,MIR-506,AACUGCA,MIMAT0017294,MIMAT0005290,chrX,151260712,151260770,-,Muridae,Eutheria,No,,,,,,,,,,,,,,,,,,,,,,,,,,,,,,,,,,,,,,,,,,,,,,,,,,,,,,,,,,,,,,,,,,,,,,,,,
Rno-Mir-506-P28,rno-mir-3551,MIR-506,CUUCACC,MIMAT0017809,MIMAT0017810,chrX,151272836,151272891,-,R. norvegicus,Eutheria,No,,,,,,,,,,,,,,,,,,,,,,,,,,,,,,,,,,,,,,,,,,,,,,,,,,,,,,,,,,,,,,,,,,,,,,,,,
Rno-Mir-511,rno-mir-511,MIR-511,AUGUGUA,MIMAT0012829,MIMAT0017358,chr17,81382975,81383035,#ERROR!,Euarchontoglires,Euarchontoglires,No,,,,,,,,,,,,,,,,,,,,,,,,,,,,,,,,,,,,,,,,,,,,,,,,,,,,,,,,,,,,,,,,,,,,,,,,,
Rno-Mir-540,rno-mir-540,MIR-540,GGUCAGA,MIMAT0017211,MIMAT0003174,chr6,133706216,133706274,#ERROR!,Muridae,Muridae,No,,,1,,,,,,,,,,,,,,,,,,,,,,,,,,,,,,,,,,,,,,,,,,,,,,,,,,,,,,,,,,,,,,,,,,,,,,
Rno-Mir-541,rno-mir-541,MIR-541,AGGGAUU,MIMAT0003177,MIMAT0017213,chr6,133892668,133892733,#ERROR!,Eutheria,Eutheria,No,1,,,,,,,,,,,,,,,,,,,,,,,,,,,,,,,,,,,,,,,,,,,,,,,,,,,,,,,,,,,,,,,,,,,,,,,,
Rno-Mir-542-P1a,rno-mir-542-1,MIR-542,GUGACAG,MIMAT0003178,MIMAT0003179,chrX,158588539,158588599,#ERROR!,R. norvegicus,Eutheria,No,,,1,,,,,,,,,,,,,,,,,,,,,,,,,,,,,,,,,,,,,,,,,,,,,,,,,,,,,,,,,,,,,,,,,,,,,,
Rno-Mir-542-P1b,rno-mir-542-3,MIR-542,GUGACAG,MIMAT0003178,MIMAT0003179,chrX,158158895,158158955,#ERROR!,R. norvegicus,Eutheria,No,,,1,,,,,,,,,,,,,,,,,,,,,,,,,,,,,,,,,,,,,,,,,,,,,,,,,,,,,,,,,,,,,,,,,,,,,,
Rno-Mir-542-P1c,rno-mir-542-2,MIR-542,GUGACAG,MIMAT0003178,MIMAT0003179,chrX,158152156,158152216,#ERROR!,R. norvegicus,Eutheria,No,,,1,,,,,,,,,,,,,,,,,,,,,,,,,,,,,,,,,,,,,,,,,,,,,,,,,,,,,,,,,,,,,,,,,,,,,,
Rno-Mir-544,rno-mir-544,MIR-544,CUUGUUA,MIMAT0017359,MIMAT0012831,chr6,133879179,133879235,#ERROR!,Eutheria,Eutheria,No,,,1,,,,,,,,,,,,,,,,,,,,,,,,,,,,,,,,,,,,,,,,,,,,,,,,,,,,,,,,,,,,,,,,,,,,,,
Rno-Mir-551-P2,rno-mir-551b,MIR-551,CGACCCA,MIMAT0017335,MIMAT0005596,chr2,116867664,116867723,#ERROR!,Vertebrata,Vertebrata,Yes,,,,,,,,,,,,,,,,,,,,,,,,,,,,,,,,,,,,,,,,,,,,,,,,,,,,,,,,,,,,,,,,,,,,,,,,,
Rno-Mir-582-v1,rno-mir-582,MIR-582,ACCUGUU,MIMAT0012833,MIMAT0017360,chr2,40863759,40863818,#ERROR!,Eutheria,Eutheria,No,,,,,,,,,,,,,,,,,,,,,,,,,,,,,,,,,,,,,,,,,,,,,,,,,,,,,,,,,,,,,,,,,,,,,,,,,
Rno-Mir-582-v2,rno-mir-582,MIR-582,AACCUGU,MIMAT0012833,MIMAT0017360,chr2,40863760,40863817,#ERROR!,Eutheria,Eutheria,No,,,,,,,,,,,,,,,,,,,,,,,,,,,,,,,,,,,,,,,,,,,,,,,,,,,,,,,,,,,,,,,,,,,,,,,,,
Rno-Mir-592,rno-mir-592,MIR-592,UGUGUCA,MIMAT0012834,None,chr4,55182387,55182447,-,Eutheria,Eutheria,Unknown,,,1,,,,,,,,,,,,,,,,,,,,,,,,,,,,,,,,,,,,,,,,,,,,,,,,,,,,,,,,,,,,,,,,,,,,,,
Rno-Mir-598-P1,rno-mir-598-1,MIR-598,ACGUCAU,MIMAT0005324,MIMAT0005325,chr15,47057506,47057564,#ERROR!,R. norvegicus,Eutheria,No,1,,1,,,,,,,,,,,,,,,,,,,,,,,,,,,,,,,,,,,,,,,,,,,,,,,,,,,,,,,,,,,,,,,,,,,,,,
Rno-Mir-598-P2,rno-mir-598-2,MIR-598,ACGUCAU,MIMAT0005324,MIMAT0005325,chr15,46893167,46893225,#ERROR!,R. norvegicus,Eutheria,No,1,,1,,,,,,,,,,,,,,,,,,,,,,,,,,,,,,,,,,,,,,,,,,,,,,,,,,,,,,,,,,,,,,,,,,,,,,
Rno-Mir-615,rno-mir-615,MIR-615,CCGAGCC,MIMAT0012835,None,chr7,144629035,144629098,#ERROR!,Eutheria,Eutheria,No,,,1,,,,,,,,,,,,,,,,,,,,,,,,,,,,,,,,,,,,,,,,,,,,,,,,,,,,,,,,,,,,,,,,,,,,,,
Rno-Mir-652,rno-mir-652,MIR-652,AUGGCGC,MIMAT0017321,MIMAT0005342,chrX,114002544,114002604,#ERROR!,Eutheria,Eutheria,Yes,,,1,,,,,,,,,,,,,,,,,,,,,,,,,,,,,,,,,,,,,,,,,,,,,,,,,,,,,,,,,,,,,,,,,,,,,,
Rno-Mir-653,rno-mir-653,MIR-653,UGAAACA,MIMAT0012838,MIMAT0017361,chr4,28658901,28658959,-,Eutheria,Eutheria,No,,,,,,,,,,,,,,,,,,,,,,,,,,,,,,,,,,,,,,,,,,,,,,,,,,,,,,,,,,,,,,,,,,,,,,,,,
Rno-Mir-666,rno-mir-666,MIR-666,GCUGCAG,MIMAT0012855,MIMAT0017371,chr6,133866541,133866601,#ERROR!,Muridae,Muridae,No,,,1,,,,,,,,,,,,,,,,,,,,,,,,,,,,,,,,,,,,,,,,,,,,,,,,,,,,,,,,,,,,,,,,,,,,,,
Rno-Mir-667,rno-mir-667,MIR-667,GACACCU,MIMAT0017369,MIMAT0012852,chr6,133869584,133869647,#ERROR!,Muridae,Muridae,No,,,1,,,,,,,,,,,,,,,,,,,,,,,,,,,,,,,,,,,,,,,,,,,,,,,,,,,,,,,,,,,,,,,,,,,,,,
Rno-Mir-670,None,MIR-670,UCCUGAG,None,None,chr3,83158232,83158294,-,Eutheria,Eutheria,Unknown,,,,,,,,,,,,,,,,,,,,,,,,,,,,,,,,,,,,,,,,,,,,,,,,,,,,,,,,,,,,,,,,,,,,,,,,,
Rno-Mir-671,rno-mir-671,MIR-671,CCGGUUC,None,MIMAT0005326,chr4,7108758,7108817,-,Theria,Theria,No,,,,,,,,,,,,,,,,,,,,,,,,,,,,,,,,,,,,,,,,,,,,,,,,,,,,,,,,,,,,,,,,,,,,,,,,,
Rno-Mir-672,rno-mir-672,MIR-672,GAGGUUG,MIMAT0005327,MIMAT0017312,chrX,74982080,74982139,-,Eutheria,Eutheria,No,,,,,,,,,,,,,,,,,,,,,,,,,,,,,,,,,,,,,,,,,,,,,,,,,,,,,,,,,,,,,,,,,,,,,,,,,
Rno-Mir-673,rno-mir-673,MIR-673,CCGGGAC,MIMAT0005328,MIMAT0017313,chr6,133691391,133691453,#ERROR!,Muridae,Muridae,No,1,,,,,,,,,,,,,,,,,,,,,,,,,,,,,,,,,,,,,,,,,,,,,,,,,,,,,,,,,,,,,,,,,,,,,,,,
Rno-Mir-674,rno-mir-674,MIR-674,ACAGCUC,MIMAT0005329,MIMAT0005330,chr3,108864472,108864528,#ERROR!,Muridae,Muridae,No,,,1,,,,,,,,,,,,,,,,,,,,,,,,,,,,,,,,,,,,,,,,,,,,,,,,,,,,,,,,,,,,,,,,,,,,,,
Rno-Mir-675,rno-mir-675,MIR-675,UGUAUGC,MIMAT0012841,MIMAT0017363,chr1,215745995,215746050,-,Theria,Theria,No,1,,,,,,,,,,,,,,,,,,,,,,,,,,,,,,,,,,,,,,,,,,,,,,,,,,,,,,,,,,,,,,,,,,,,,,,,
Rno-Mir-676,rno-mir-676,MIR-676,CGUCCUG,None,MIMAT0037264,chrX,70207033,70207089,#ERROR!,Eutheria,Eutheria,Yes,,,,,,,,,,,,,,,,,,,,,,,,,,,,,,,,,,,,,,,,,,,,,,,,,,,,,,,,,,,,,,,,,,,,,,,,,
Rno-Mir-700,None,MIR-700,AAGGCUC,None,None,chr5,153774001,153774062,-,Muridae,Muridae,Unknown,,,1,,,,,,,,,,,,,,,,,,,,,,,,,,,,,,,,,,,,,,,,,,,,,,,,,,,,,,,,,,,,,,,,,,,,,,
Rno-Mir-744,None,MIR-744,GCGGGGC,None,None,chr10,52244131,52244208,-,Eutheria,Eutheria,Yes,1,,1,,,,,,,,,,,,,,,,,,,,,,,,,,,,,,,,,,,,,,,,,,,,,,,,,,,,,,,,,,,,,,,,,,,,,,
Rno-Mir-760,rno-mir-760,MIR-760,GGCUCUG,MIMAT0005336,MIMAT0005337,chr2,225873365,225873422,-,Eutheria,Eutheria,Yes,,,1,,,,,,,,,,,,,,,,,,,,,,,,,,,,,,,,,,,,,,,,,,,,,,,,,,,,,,,,,,,,,,,,,,,,,,
Rno-Mir-770,rno-mir-770,MIR-770,GCACCAC,MIMAT0005338,MIMAT0017317,chr6,133682975,133683030,#ERROR!,Euarchontoglires,Euarchontoglires,No,,,,,,,,,,,,,,,,,,,,,,,,,,,,,,,,,,,,,,,,,,,,,,,,,,,,,,,,,,,,,,,,,,,,,,,,,
Rno-Mir-872,rno-mir-872,MIR-872,AGGUUAC,MIMAT0005282,MIMAT0005283,chr5,113657737,113657797,#ERROR!,Glires,Glires,No,,,1,,,,,,,,,,,,,,,,,,,,,,,,,,,,,,,,,,,,,,,,,,,,,,,,,,,,,,,,,,,,,,,,,,,,,,
Rno-Mir-873-v1,rno-mir-873,MIR-873,GCAGGAA,MIMAT0005339,MIMAT0017318,chr5,52481085,52481143,-,Mammalia,Mammalia,No,,,1,,,,,,,,,,,,,,,,,,,,,,,,,,,,,,,,,,,,,,,,,,,,,,,,,,,,,,,,,,,,,,,,,,,,,,
Rno-Mir-873-v2,rno-mir-873,MIR-873,CAGGAAC,MIMAT0005339,MIMAT0017318,chr5,52481086,52481142,-,Mammalia,Mammalia,No,,,1,,,,,,,,,,,,,,,,,,,,,,,,,,,,,,,,,,,,,,,,,,,,,,,,,,,,,,,,,,,,,,,,,,,,,,
Rno-Mir-874,rno-mir-874,MIR-874,UGCCCUG,MIMAT0017290,MIMAT0005284,chr17,7025023,7025080,#ERROR!,Eutheria,Eutheria,No,1,,1,,,,,,,,,,,,,,,,,,,,,,,,,,,,,,,,,,,,,,,,,,,,,,,,,,,,,,,,,,,,,,,,,,,,,,
Rno-Mir-875,rno-mir-875,MIR-875,AUACCUC,MIMAT0012842,None,chr7,74423239,74423295,-,Vertebrata,Vertebrata,Unknown,,,1,,,,,,,,,,,,,,,,,,,,,,,,,,,,,,,,,,,,,,,,,,,,,,,,,,,,,,,,,,,,,,,,,,,,,,
Rno-Mir-876,rno-mir-876,MIR-876,GGUGGUU,MIMAT0012843,None,chr5,52461656,52461714,-,Eutheria,Eutheria,Unknown,1,,1,,,,,,,,,,,,,,,,,,,,,,,,,,,,,,,,,,,,,,,,,,,,,,,,,,,,,,,,,,,,,,,,,,,,,,
Rno-Mir-877,rno-mir-877,MIR-877,UAGAGGA,MIMAT0005285,None,chr20,3318872,3318956,#ERROR!,Eutheria,Eutheria,Unknown,,,,,,,,,,,,,,,,,,,,,,,,,,,,,,,,,,,,,,,,,,,,,,,,,,,,,,,,,,,,,,,,,,,,,,,,,
Rno-Mir-879,rno-mir-879,MIR-879,GAGGCUU,MIMAT0005287,MIMAT0017291,chr4,21673645,21673700,-,Muridae,Muridae,No,,,,,,,,,,,,,,,,,,,,,,,,,,,,,,,,,,,,,,,,,,,,,,,,,,,,,,,,,,,,,,,,,,,,,,,,,
Rno-Mir-935-v1,rno-mir-935,MIR-935,AGUUACC,None,MIMAT0012845,chr1,64330562,64330621,-,Eutheria,Eutheria,No,,,1,,,,,,,,,,,,,,,,,,,,,,,,,,,,,,,,,,,,,,,,,,,,,,,,,,,,,,,,,,,,,,,,,,,,,,
Rno-Mir-935-v2,rno-mir-935,MIR-935,CAGUUAC,None,MIMAT0012845,chr1,64330562,64330621,-,Eutheria,Eutheria,No,,,1,,,,,,,,,,,,,,,,,,,,,,,,,,,,,,,,,,,,,,,,,,,,,,,,,,,,,,,,,,,,,,,,,,,,,,
Rno-Mir-1247,rno-mir-1247,MIR-1247,CCCGUCC,MIMAT0035721,MIMAT0035722,chr6,134626107,134626164,-,Eutheria,Eutheria,No,,,1,,,,,,,,,,,,,,,,,,,,,,,,,,,,,,,,,,,,,,,,,,,,,,,,,,,,,,,,,,,,,,,,,,,,,,
Rno-Mir-1249,rno-mir-1249,MIR-1249,CGCCCUU,None,MIMAT0017892,chr7,125861222,125861280,-,Eutheria,Eutheria,No,,,1,,,,,,,,,,,,,,,,,,,,,,,,,,,,,,,,,,,,,,,,,,,,,,,,,,,,,,,,,,,,,,,,,,,,,,
Rno-Mir-1251,None,MIR-1251,CUCUAGC,None,None,chr7,32983168,32983226,-,Theria,Theria,Unknown,,,,,,,,,,,,,,,,,,,,,,,,,,,,,,,,,,,,,,,,,,,,,,,,,,,,,,,,,,,,,,,,,,,,,,,,,
Rno-Mir-1271,None,MIR-1271,UUGGCAC,None,None,chr17,10572276,10572334,-,Eutheria,Eutheria,Unknown,,,,,,,,,,,,,,,,,,,,,,,,,,,,,,,,,,,,,,,,,,,,,,,,,,,,,,,,,,,,,,,,,,,,,,,,,
Rno-Mir-1298,rno-mir-1298,MIR-1298,UCAUUCG,MIMAT0025060,None,chrX,118190252,118190325,#ERROR!,Eutheria,Eutheria,No,1,,1,,,,,,,,,,,,,,,,,,,,,,,,,,,,,,,,,,,,,,,,,,,,,,,,,,,,,,,,,,,,,,,,,,,,,,
Rno-Mir-1306,rno-mir-1306,MIR-1306,CACCUCC,MIMAT0024851,MIMAT0024852,chr11,86857641,86857701,#ERROR!,Gnathostomata,Gnathostomata,Yes,,1,1,,,,,,,,,,,,,,,,,,,,,,,,,,,,,,,,,,,,,,,,,,,,,,,,,,,,,,,,,,,,,,,,,,,,,,
Rno-Mir-1912,rno-mir-1912,MIR-1912,ACAGAAC,MIMAT0017864,MIMAT0017865,chrX,118130668,118130726,#ERROR!,Eutheria,Eutheria,No,,,1,,,,,,,,,,,,,,,,,,,,,,,,,,,,,,,,,,,,,,,,,,,,,,,,,,,,,,,,,,,,,,,,,,,,,,
Rno-Mir-1955,None,MIR-1955,GUCCCAG,None,None,chr3,81106509,81106571,#ERROR!,Muridae,Muridae,Unknown,,,,,,,,,,,,,,,,,,,,,,,,,,,,,,,,,,,,,,,,,,,,,,,,,,,,,,,,,,,,,,,,,,,,,,,,,
Rno-Mir-1962-P1,None,MIR-1962,GAGGCUG,None,None,chr1,207802815,207802877,#ERROR!,R. norvegicus,Muridae,Unknown,,,1,,,,,,,,,,,,,,,,,,,,,,,,,,,,,,,,,,,,,,,,,,,,,,,,,,,,,,,,,,,,,,,,,,,,,,
Rno-Mir-1962-P2,None,MIR-1962,GAGGCUG,None,None,chr1,207848066,207848128,#ERROR!,R. norvegicus,Muridae,Unknown,,,1,,,,,,,,,,,,,,,,,,,,,,,,,,,,,,,,,,,,,,,,,,,,,,,,,,,,,,,,,,,,,,,,,,,,,,
Rno-Mir-3059,None,MIR-3059,UUCCUCU,None,None,chr7,43324718,43324775,#ERROR!,Eutheria,Eutheria,Unknown,,,,,,,,,,,,,,,,,,,,,,,,,,,,,,,,,,,,,,,,,,,,,,,,,,,,,,,,,,,,,,,,,,,,,,,,,
Rno-Mir-3068,rno-mir-3068,MIR-3068,UGGAGUU,MIMAT0024845,MIMAT0024846,chr6,111468737,111468799,-,Muridae,Muridae,No,,,,,,,,,,,,,,,,,,,,,,,,,,,,,,,,,,,,,,,,,,,,,,,,,,,,,,,,,,,,,,,,,,,,,,,,,
Rno-Mir-3072,rno-mir-3072,MIR-3072,GCCCCCU,None,MIMAT0025071,chr6,133898823,133898879,#ERROR!,Muridae,Muridae,No,,,,,,,,,,,,,,,,,,,,,,,,,,,,,,,,,,,,,,,,,,,,,,,,,,,,,,,,,,,,,,,,,,,,,,,,,
Rno-Mir-3075,rno-mir-3075,MIR-3075,GUCUGGG,MIMAT0025057,None,chr16,1822830,1822890,#ERROR!,Muridae,Muridae,No,,,,,,,,,,,,,,,,,,,,,,,,,,,,,,,,,,,,,,,,,,,,,,,,,,,,,,,,,,,,,,,,,,,,,,,,,
Rno-Mir-3085,rno-mir-3085,MIR-3085,CUGGCUG,None,MIMAT0017805,chr1,261524248,261524308,-,Eutheria,Eutheria,Yes,,,1,,,,,,,,,,,,,,,,,,,,,,,,,,,,,,,,,,,,,,,,,,,,,,,,,,,,,,,,,,,,,,,,,,,,,,
Rno-Mir-3099,rno-mir-3099,MIR-3099,AGGCUAG,None,MIMAT0025048,chr1,70136980,70137039,-,Muridae,Muridae,No,,,1,,,,,,,,,,,,,,,,,,,,,,,,,,,,,,,,,,,,,,,,,,,,,,,,,,,,,,,,,,,,,,,,,,,,,,
Rno-Mir-3112,None,MIR-3112,CAUAGAA,None,None,chrX,104898922,104898979,#ERROR!,Muridae,Muridae,Unknown,,,1,,,,,,,,,,,,,,,,,,,,,,,,,,,,,,,,,,,,,,,,,,,,,,,,,,,,,,,,,,,,,,,,,,,,,,
Rno-Mir-3558,rno-mir-3558,MIR-3558,CAUAGAA,MIMAT0017825,MIMAT0017826,chr6,10992716,10992779,#ERROR!,R. norvegicus,R. norvegicus,No,,,,,,,,,,,,,,,,,,,,,,,,,,,,,,,,,,,,,,,,,,,,,,,,,,,,,,,,,,,,,,,,,,,,,,,,,
Rno-Mir-3559,rno-mir-3559,MIR-3559,GACAGAC,MIMAT0017827,MIMAT0017828,chrX,75459266,75459327,-,R. norvegicus,R. norvegicus,No,,,,,,,,,,,,,,,,,,,,,,,,,,,,,,,,,,,,,,,,,,,,,,,,,,,,,,,,,,,,,,,,,,,,,,,,,
Rno-Mir-3580,rno-mir-3580,MIR-3580,GACUAGG,MIMAT0017868,MIMAT0017869,chrX,151295627,151295682,-,R. norvegicus,R. norvegicus,No,,,1,,,,,,,,,,,,,,,,,,,,,,,,,,,,,,,,,,,,,,,,,,,,,,,,,,,,,,,,,,,,,,,,,,,,,,
Rno-Mir-3593,rno-mir-3593,MIR-3593,UUCAACC,MIMAT0017896,MIMAT0017897,chr6,76661814,76661867,-,R. norvegicus,R. norvegicus,No,,,1,,,,,,,,,,,,,,,,,,,,,,,,,,,,,,,,,,,,,,,,,,,,,,,,,,,,,,,,,,,,,,,,,,,,,,
Rno-Mir-6324,rno-mir-6324,MIR-6324,GCUCUGC,None,MIMAT0025063,chr11,36383558,36383621,-,R. norvegicus,R. norvegicus,No,,1,,,,,,,,,,,,,,,,,,,,,,,,,,,,,,,,,,,,,,,,,,,,,,,,,,,,,,,,,,,,,,,,,,,,,,,
Rno-Mir-6329,rno-mir-6329,MIR-6329,AUGUGAC,MIMAT0025068,None,chr8,56629614,56629670,-,R. norvegicus,R. norvegicus,No,,,1,,,,,,,,,,,,,,,,,,,,,,,,,,,,,,,,,,,,,,,,,,,,,,,,,,,,,,,,,,,,,,,,,,,,,,
Rno-Mir-6715,None,MIR-6715,CAGGCCG,None,None,chr1,275972856,275972911,#ERROR!,Eutheria,Eutheria,Unknown,,,1,,,,,,,,,,,,,,,,,,,,,,,,,,,,,,,,,,,,,,,,,,,,,,,,,,,,,,,,,,,,,,,,,,,,,,