MirGeneDB ID â–²,MiRBase ID,Family,Seed,5p accession,3p accession,Chromosome,Start,End,Strand,Node of origin (locus),Node of origin (family),3' NTU,UG,UGUG,CNNC,Br,Ce,He,Ki,Te
Oan-Let-7-P1b,None,LET-7,GAGGUAG,None,None,NC_041732.1,4966574,4966640,-,Gnathostomata,Bilateria,No,,,1,,,,,
Oan-Let-7-P1c,oan-let-7c-1,LET-7,GAGGUAG,MIMAT0028958,MIMAT0028959,NC_041744.1,19915941,19916007,-,Gnathostomata,Bilateria,No,,,1,,,,,
Oan-Let-7-P1d,None,LET-7,GAGGUAG,None,None,NC_041738.1,51824995,51825061,#ERROR!,Gnathostomata,Bilateria,No,,,1,,,,,
Oan-Let-7-P2a1,None,LET-7,GAGGUAG,None,None,NC_041749.1,77605736,77605807,#ERROR!,Gnathostomata,Bilateria,Yes,,,1,,,,,
Oan-Let-7-P2a2,None,LET-7,GAGGUAG,None,None,NC_041741.1,51088217,51088287,-,Gnathostomata,Bilateria,Yes,,,,,,,,
Oan-Let-7-P2a3,oan-let-7f-2,LET-7,GAGGUAG,MIMAT0007179,MIMAT0009171,NC_041733.1,21206644,21206714,#ERROR!,Gnathostomata,Bilateria,Yes,1,,,,,,,
Oan-Let-7-P2a4,oan-let-7e,LET-7,GAGGUAG,MIMAT0006984,MIMAT0006985,NC_041734.1,69085988,69086058,#ERROR!,Gnathostomata,Bilateria,Yes,,1,,,,,,
Oan-Let-7-P2b1,oan-let-7f-1,LET-7,GAGGUAG,MIMAT0007179,MIMAT0007180,NC_041749.1,77606476,77606553,#ERROR!,Gnathostomata,Bilateria,Yes,,,1,,,,,
Oan-Let-7-P2b2,oan-let-7b,LET-7,GAGGUAG,MIMAT0006897,MIMAT0006898,NC_041741.1,51085874,51085950,-,Gnathostomata,Bilateria,Yes,,,1,,,,,
Oan-Let-7-P2b3,oan-mir-98,LET-7,GAGGUAG,MIMAT0007178,None,NC_041733.1,21207381,21207460,#ERROR!,Gnathostomata,Bilateria,Yes,1,1,,,,,,
Oan-Let-7-P2b4,None,LET-7,GAGGUAG,None,None,NC_041734.1,69086219,69086295,#ERROR!,Gnathostomata,Bilateria,Yes,,,1,,,,,
Oan-Let-7-P2c1,oan-let-7d,LET-7,GAGGUAG,MIMAT0007234,MIMAT0007235,NC_041749.1,77607860,77607934,#ERROR!,Gnathostomata,Bilateria,Yes,,,1,,,,,
Oan-Let-7-P2c2,None,LET-7,GAGGUAG,None,None,NC_041729.1,160071133,160071209,#ERROR!,Gnathostomata,Bilateria,Yes,,,,,,,,
Oan-Let-7-P2c3,oan-let-7g,LET-7,GAGGUAG,MIMAT0007038,MIMAT0007039,NC_041750.1,16857741,16857818,#ERROR!,Gnathostomata,Bilateria,Yes,,,1,,,,,
Oan-Mir-1-P1,oan-mir-1a,MIR-1,GGAAUGU,MIMAT0026752,MIMAT0006863,NC_041734.1,21771963,21772023,#ERROR!,Gnathostomata,Bilateria,No,,,,,,,,
Oan-Mir-1-P2,oan-mir-206,MIR-1,GGAAUGU,MIMAT0006994,MIMAT0006995,NC_041749.1,16298545,16298604,#ERROR!,Gnathostomata,Bilateria,No,1,,1,,,,,
Oan-Mir-1-P3,None,MIR-1,GGAAUGU,None,None,NC_041735.1,17247073,17247133,#ERROR!,Gnathostomata,Bilateria,No,,,,,,,,
Oan-Mir-1-P4,oan-mir-1b,MIR-1,GGAAUGU,None,MIMAT0007149,NC_041743.1,39748483,39748544,#ERROR!,Gnathostomata,Bilateria,No,,,1,,,,,
Oan-Mir-7-P1,oan-mir-7-2,MIR-7,GGAAGAC,MIMAT0006986,MIMAT0006987,NC_041732.1,21282120,21282183,#ERROR!,Gnathostomata,Bilateria,No,,,1,,,,,
Oan-Mir-7-P2,oan-mir-7-1,MIR-7,GGAAGAC,MIMAT0006986,MIMAT0009195,NC_041753.1,67177448,67177511,-,Gnathostomata,Bilateria,No,,1,1,,,,,
Oan-Mir-8-P1a,oan-mir-200b,MIR-8,AAUACUG,MIMAT0006937,MIMAT0006938,NC_041732.1,56175576,56175635,#ERROR!,Vertebrata,Bilateria,No,,,1,,,,,
Oan-Mir-8-P1b,None,MIR-8,AAUACUG,None,None,NC_041752.1,1494618,1494681,#ERROR!,Vertebrata,Bilateria,No,,1,1,,,,,
Oan-Mir-8-P2a,oan-mir-200a,MIR-8,AACACUG,MIMAT0006935,MIMAT0006936,NC_041732.1,56177396,56177454,#ERROR!,Vertebrata,Bilateria,No,1,,1,,,,,
Oan-Mir-8-P2b,None,MIR-8,AACACUG,None,None,NC_041752.1,1494907,1494971,#ERROR!,Vertebrata,Bilateria,No,,,,,,,,
Oan-Mir-8-P3a,oan-mir-429,MIR-8,AAUACUG,MIMAT0007127,MIMAT0007128,NC_041732.1,56180410,56180468,#ERROR!,Vertebrata,Bilateria,No,,,,,,,,
Oan-Mir-9-P1,None,MIR-9,CUUUGGU,None,None,NC_041732.1,21919514,21919575,#ERROR!,Gnathostomata,Bilateria,No,,1,1,,,,,
Oan-Mir-9-P2,oan-mir-9-2,MIR-9,CUUUGGU,MIMAT0006792,None,NC_041728.1,16000538,16000597,#ERROR!,Gnathostomata,Bilateria,No,,1,1,,,,,
Oan-Mir-9-P3-v1,None,MIR-9,CUUUGGU,None,None,NC_041753.1,164722,164782,-,Gnathostomata,Bilateria,No,,,1,,,,,
Oan-Mir-9-P3-v2,None,MIR-9,UUGGUUA,None,None,NC_041753.1,164723,164780,-,Gnathostomata,Bilateria,No,,,,,,,,
Oan-Mir-9-P4,oan-mir-9-1,MIR-9,CUUUGGU,MIMAT0006792,MIMAT0006793,NC_041749.1,114595992,114596051,-,Gnathostomata,Bilateria,No,1,1,1,,,,,
Oan-Mir-10-P1b-v1,oan-mir-10b,MIR-10,ACCCUGU,MIMAT0007218,MIMAT0007219,NC_041736.1,19531513,19531574,#ERROR!,Gnathostomata,Eumetazoa,No,,1,1,,,,,
Oan-Mir-10-P1b-v2,oan-mir-10b,MIR-10,CCCUGUA,MIMAT0007218,MIMAT0007219,NC_041736.1,19531514,19531573,#ERROR!,Gnathostomata,Eumetazoa,No,,,,,,,,
Oan-Mir-10-P1c-v1,oan-mir-10a,MIR-10,ACCCUGU,MIMAT0007122,MIMAT0007123,NC_041738.1,58283264,58283326,-,Gnathostomata,Eumetazoa,No,,,1,,,,,
Oan-Mir-10-P1c-v2,oan-mir-10a,MIR-10,CCCUGUA,MIMAT0007122,MIMAT0007123,NC_041738.1,58283265,58283325,-,Gnathostomata,Eumetazoa,No,1,,,,,,,
Oan-Mir-10-P2b,None,MIR-10,ACCCGUA,None,None,NC_041732.1,4966871,4966930,-,Gnathostomata,Eumetazoa,Yes,1,,1,,,,,
Oan-Mir-10-P2c,oan-mir-99,MIR-10,ACCCGUA,MIMAT0007183,MIMAT0007184,NC_041744.1,19916710,19916768,-,Gnathostomata,Eumetazoa,Yes,1,1,,,,,,
Oan-Mir-10-P2d,oan-mir-100,MIR-10,ACCCGUA,MIMAT0007046,MIMAT0007047,NC_041738.1,51817669,51817725,#ERROR!,Gnathostomata,Eumetazoa,No,,1,,,,,,
Oan-Mir-10-P3b,None,MIR-10,CCCUGAG,None,None,NC_041732.1,4965856,4965914,-,Gnathostomata,Eumetazoa,No,,,1,,,,,
Oan-Mir-10-P3c,None,MIR-10,CCCUGAG,None,None,NC_041744.1,19884780,19884841,-,Gnathostomata,Eumetazoa,No,1,,1,,,,,
Oan-Mir-10-P3d,oan-mir-125,MIR-10,CCCUGAG,MIMAT0007048,MIMAT0007049,NC_041738.1,51864564,51864625,#ERROR!,Gnathostomata,Eumetazoa,No,1,1,1,,,,,
Oan-Mir-15-P1a,oan-mir-15a,MIR-15,AGCAGCA,MIMAT0007164,MIMAT0007165,NC_041747.1,8171572,8171627,#ERROR!,Gnathostomata,Olfactores,Unknown,,,,,,,,
Oan-Mir-15-P1b,oan-mir-15b,MIR-15,AGCAGCA,MIMAT0007050,MIMAT0007051,NC_041728.1,155378996,155379055,#ERROR!,Gnathostomata,Olfactores,No,,,,,,,,
Oan-Mir-15-P1c,oan-mir-15c,MIR-15,AGCAGCA,MIMAT0006845,MIMAT0006846,NC_041733.1,24804183,24804240,-,Gnathostomata,Olfactores,No,,,,,,,,
Oan-Mir-15-P1d,None,MIR-15,AGCAGCA,None,None,NC_041753.1,7279407,7279468,#ERROR!,Gnathostomata,Olfactores,No,,,1,,,,,
Oan-Mir-15-P2a,oan-mir-16a,MIR-15,AGCAGCA,MIMAT0007166,MIMAT0007167,NC_041747.1,8171709,8171773,#ERROR!,Gnathostomata,Olfactores,No,1,,1,,,,,
Oan-Mir-15-P2b,oan-mir-16b,MIR-15,AGCAGCA,MIMAT0007052,MIMAT0007053,NC_041728.1,155379151,155379211,#ERROR!,Gnathostomata,Olfactores,No,,,1,,,,,
Oan-Mir-15-P2c,oan-mir-16c,MIR-15,AGCAGCA,MIMAT0006847,MIMAT0006848,NC_041733.1,24803845,24803910,-,Gnathostomata,Olfactores,No,1,,1,,,,,
Oan-Mir-15-P2d,None,MIR-15,AGCAGCA,None,None,NC_041753.1,7279566,7279631,#ERROR!,Gnathostomata,Olfactores,No,,,1,,,,,
Oan-Mir-17-P1a,oan-mir-17,MIR-17,AAAGUGC,MIMAT0007278,MIMAT0007279,NC_041737.1,22690068,22690128,-,Gnathostomata,Vertebrata,No,,,1,,,,,
Oan-Mir-17-P1c,oan-mir-106,MIR-17,AAAGUGC,MIMAT0006849,MIMAT0006850,NC_041733.1,24650384,24650441,-,Gnathostomata,Vertebrata,No,,,,,,,,
Oan-Mir-17-P2a,None,MIR-17,AAGGUGC,None,None,NC_041737.1,22689923,22689987,-,Gnathostomata,Vertebrata,No,,,1,,,,,
Oan-Mir-17-P2c,oan-mir-18,MIR-17,AAGGUGC,MIMAT0006851,MIMAT0006852,NC_041733.1,24650219,24650283,-,Gnathostomata,Vertebrata,No,,,1,,,,,
Oan-Mir-17-P4a7,oan-mir-20a-2,MIR-17,AAAGUGC,MIMAT0007145,MIMAT0009169,NC_041737.1,22689543,22689601,-,O. anatinus,Vertebrata,No,,1,1,,,,,
Oan-Mir-17-P4a8,oan-mir-20a-1,MIR-17,AAAGUGC,MIMAT0007145,MIMAT0007146,NC_041737.1,29148077,29148135,-,O. anatinus,Vertebrata,No,,,1,,,,,
Oan-Mir-17-P4c,oan-mir-20b,MIR-17,AAAGUGC,MIMAT0006853,MIMAT0006854,NC_041733.1,24650009,24650072,-,Gnathostomata,Vertebrata,No,,,1,,,,,
Oan-Mir-19-P1a,oan-mir-19a,MIR-19,GUGCAAA,MIMAT0007147,MIMAT0007148,NC_041737.1,22689716,22689773,-,Gnathostomata,Vertebrata,No,1,,1,,,,,
Oan-Mir-19-P2a5,oan-mir-19b-2,MIR-19,GUGCAAA,MIMAT0031104,MIMAT0006856,NC_041737.1,22689406,22689466,-,O. anatinus,Vertebrata,No,,1,,,,,,
Oan-Mir-19-P2a6,None,MIR-19,GUGCAAA,None,None,NC_041737.1,21871748,21871808,-,O. anatinus,Vertebrata,No,,,,,,,,
Oan-Mir-19-P2c,oan-mir-19b-1,MIR-19,GUGCAAA,MIMAT0006855,MIMAT0006856,NC_041733.1,24649885,24649944,-,Gnathostomata,Vertebrata,No,,,,,,,,
Oan-Mir-21,oan-mir-21,MIR-21,AGCUUAU,MIMAT0007160,MIMAT0007161,NC_041744.1,12227486,12227545,#ERROR!,Vertebrata,Vertebrata,No,,1,,,,,,
Oan-Mir-22-P1b,oan-mir-22,MIR-22,AGCUGCC,MIMAT0006961,MIMAT0006962,NC_041744.1,5697962,5698021,#ERROR!,Vertebrata,Bilateria,No,,,1,,,,,
Oan-Mir-23-P2,oan-mir-23b,MIR-23,UCACAUU,MIMAT0006958,MIMAT0006959,NC_041753.1,69581117,69581177,#ERROR!,Gnathostomata,Vertebrata,Yes,,1,1,,,,,
Oan-Mir-23-P3,oan-mir-23a,MIR-23,UCACAUU,MIMAT0007060,MIMAT0007061,Oan-Mir-23-P1_KAAE-bpy46e04,255,315,-,Gnathostomata,Vertebrata,No,1,,,,,,,
Oan-Mir-24-P2,oan-mir-24-1,MIR-24,GGCUCAG,MIMAT0006954,MIMAT0006955,NC_041753.1,69581866,69581924,#ERROR!,Gnathostomata,Vertebrata,Yes,,,1,,,,,
Oan-Mir-24-P3,oan-mir-24-2,MIR-24,GGCUCAG,MIMAT0031092,MIMAT0006955,Oan-Mir-24_27-P1_KAAE-cwe25b12,394,453,#ERROR!,Gnathostomata,Vertebrata,Yes,,,,,,,,
Oan-Mir-26-P1,oan-mir-26-2,MIR-26,UCAAGUA,MIMAT0006991,MIMAT0031115,NC_041740.1,636791,636851,-,Gnathostomata,Vertebrata,No,,1,1,,,,,
Oan-Mir-26-P2,None,MIR-26,UCAAGUA,None,None,NC_041728.1,180525575,180525632,#ERROR!,Gnathostomata,Vertebrata,No,1,,1,,,,,
Oan-Mir-26-P4,oan-mir-26-1,MIR-26,UCAAGUA,MIMAT0006991,MIMAT0006992,NC_041737.1,59432068,59432124,-,Gnathostomata,Vertebrata,No,,,1,,,,,
Oan-Mir-27-P2,oan-mir-27b,MIR-27,UCACAGU,MIMAT0006956,MIMAT0006957,NC_041753.1,69581278,69581340,#ERROR!,Gnathostomata,Vertebrata,No,,,,,,,,
Oan-Mir-27-P3,oan-mir-27a,MIR-27,UCACAGU,MIMAT0007062,MIMAT0007063,Oan-Mir-24_27-P1_KAAE-cwe25b12,162,221,#ERROR!,Gnathostomata,Vertebrata,No,1,,1,,,,,
Oan-Mir-29-P1b-v1,oan-mir-29b-1,MIR-29,AGCACCA,MIMAT0006808,MIMAT0006809,NC_041737.1,47607568,47607631,-,Gnathostomata,Bilateria,No,,,1,,,,,
Oan-Mir-29-P1b-v2,oan-mir-29b-1,MIR-29,UAGCACC,MIMAT0006808,MIMAT0006809,NC_041737.1,47607569,47607630,-,Gnathostomata,Bilateria,No,,,1,,,,,
Oan-Mir-29-P1d-v1,oan-mir-29b-2,MIR-29,AGCACCA,None,MIMAT0006809,NC_041734.1,63785637,63785701,-,Gnathostomata,Bilateria,No,,,1,,,,,
Oan-Mir-29-P1d-v2,oan-mir-29b-2,MIR-29,UAGCACC,None,MIMAT0006809,NC_041734.1,63785638,63785700,-,Gnathostomata,Bilateria,No,,,1,,,,,
Oan-Mir-29-P2b,oan-mir-29a-1,MIR-29,AGCACCA,MIMAT0006806,MIMAT0006807,NC_041737.1,47607181,47607240,-,Gnathostomata,Bilateria,No,,,1,,,,,
Oan-Mir-29-P2d,oan-mir-29a-2,MIR-29,AGCACCA,MIMAT0009167,MIMAT0006807,NC_041734.1,63785067,63785126,-,Gnathostomata,Bilateria,No,,,1,,,,,
Oan-Mir-30-P1a,oan-mir-30d,MIR-30,GUAAACA,MIMAT0007041,MIMAT0007042,NC_041731.1,6889147,6889208,-,Gnathostomata,Vertebrata,No,,,1,,,,,
Oan-Mir-30-P1b,oan-mir-30a,MIR-30,GUAAACA,MIMAT0006913,MIMAT0006914,NC_041728.1,83171461,83171524,-,Gnathostomata,Vertebrata,No,1,1,1,,,,,
Oan-Mir-30-P1d,oan-mir-30e,MIR-30,GUAAACA,MIMAT0007203,MIMAT0007204,NC_041743.1,40945688,40945750,#ERROR!,Gnathostomata,Vertebrata,No,,,1,,,,,
Oan-Mir-30-P2a,oan-mir-30b,MIR-30,GUAAACA,MIMAT0007043,MIMAT0007044,NC_041731.1,6885357,6885416,-,Gnathostomata,Vertebrata,No,,1,1,,,,,
Oan-Mir-30-P2b,oan-mir-30c-2,MIR-30,GUAAACA,MIMAT0006911,MIMAT0006912,NC_041728.1,83138851,83138911,-,Gnathostomata,Vertebrata,No,1,,1,,,,,
Oan-Mir-30-P2d,oan-mir-30c-1,MIR-30,GUAAACA,MIMAT0006911,MIMAT0031028,NC_041743.1,40947632,40947692,#ERROR!,Gnathostomata,Vertebrata,No,,,1,,,,,
Oan-Mir-31,oan-mir-31,MIR-31,GGCAAGA,MIMAT0007111,MIMAT0007112,NC_041750.1,18353075,18353133,#ERROR!,Bilateria,Bilateria,No,,,1,,,,,
Oan-Mir-32,oan-mir-32,MIR-32,AUUGCAC,MIMAT0007268,MIMAT0007269,NC_041751.1,3911357,3911418,#ERROR!,Gnathostomata,Gnathostomata,No,,1,1,,,,,
Oan-Mir-33-P1,oan-mir-33a,MIR-33,UGCAUUG,MIMAT0006817,MIMAT0006818,NC_041729.1,34459075,34459133,#ERROR!,Gnathostomata,Bilateria,No,,1,1,,,,,
Oan-Mir-33-P3,oan-mir-33b,MIR-33,UGCAUUG,MIMAT0006817,MIMAT0009191,NC_041741.1,47386578,47386638,#ERROR!,Gnathostomata,Bilateria,Yes,,,1,,,,,
Oan-Mir-34-P1,None,MIR-34,GGCAGUG,None,None,NC_041732.1,69225512,69225577,#ERROR!,Gnathostomata,Bilateria,No,1,1,,,,,,
Oan-Mir-34-P2a,oan-mir-34b,MIR-34,GGCAGUG,MIMAT0028988,MIMAT0028989,NC_041738.1,57208218,57208276,-,Gnathostomata,Bilateria,No,,,1,,,,,
Oan-Mir-34-P2b,oan-mir-34a,MIR-34,GGCAGUG,MIMAT0007108,MIMAT0007109,NC_041738.1,57206526,57206580,-,Gnathostomata,Bilateria,No,,,1,,,,,
Oan-Mir-34-P3a,oan-mir-449c,MIR-34,GGCAGUG,MIMAT0007012,None,NC_041728.1,7247559,7247619,-,Gnathostomata,Bilateria,Unknown,,,1,,,,,
Oan-Mir-34-P3b,oan-mir-449b,MIR-34,GGCAGUG,MIMAT0007013,MIMAT0007014,NC_041728.1,7246184,7246244,-,Gnathostomata,Bilateria,Yes,,,1,,,,,
Oan-Mir-34-P3c,oan-mir-449a,MIR-34,GGCAGUG,MIMAT0007015,None,NC_041728.1,7246045,7246105,-,Gnathostomata,Bilateria,Unknown,,,,,,,,
Oan-Mir-92-P1a5,oan-mir-92d,MIR-92,GGUUGGG,None,MIMAT0017354,NC_041753.1,32976272,32976330,-,O. anatinus,Bilateria,Unknown,,,,,,,,
Oan-Mir-92-P1a6,None,MIR-92,AUUGCAC,None,None,NC_041753.1,40189635,40189692,-,O. anatinus,Bilateria,No,,,,,,,,
Oan-Mir-92-P1a7,oan-mir-92a-2,MIR-92,AUUGCAC,MIMAT0009170,MIMAT0006858,NC_041737.1,22689293,22689351,-,O. anatinus,Bilateria,No,,,,,,,,
Oan-Mir-92-P1a8,oan-mir-92b,MIR-92,AUUGCAC,None,MIMAT0006918,NC_041728.1,18870026,18870082,-,O. anatinus,Bilateria,No,,,,,,,,
Oan-Mir-92-P1c,oan-mir-92a-1,MIR-92,AUUGCAC,MIMAT0006857,MIMAT0006858,NC_041733.1,24649741,24649802,-,Gnathostomata,Bilateria,No,,1,,,,,,
Oan-Mir-92-P1d,None,MIR-92,AUUGCAC,None,None,NC_041753.1,868997,869058,#ERROR!,Gnathostomata,Bilateria,No,,,1,,,,,
Oan-Mir-92-P2a,None,MIR-92,AUUGCAC,None,None,NC_041739.1,34493535,34493594,#ERROR!,Gnathostomata,Bilateria,Unknown,,,,,,,,
Oan-Mir-92-P2c,oan-mir-363,MIR-92,AUUGCAC,MIMAT0006859,MIMAT0006860,NC_041733.1,24649599,24649663,-,Gnathostomata,Bilateria,No,1,,,,,,,
Oan-Mir-92-P2d,None,MIR-92,AUUGCAC,None,None,Oan-Mir-92-P2c_KAAE-bza08b20,247,306,-,Gnathostomata,Bilateria,No,,,1,,,,,
Oan-Mir-96-P1,oan-mir-96,MIR-96,UUGGCAC,MIMAT0006803,MIMAT0006804,NC_041737.1,47132591,47132654,-,Bilateria,Bilateria,Unknown,,,,,,,,
Oan-Mir-96-P2,oan-mir-182,MIR-96,UUGGCAA,MIMAT0012798,MIMAT0026955,NC_041737.1,47124380,47124444,-,Bilateria,Bilateria,Unknown,,,1,,,,,
Oan-Mir-96-P3-v1,oan-mir-183,MIR-96,AUGGCAC,MIMAT0006805,None,NC_041737.1,47132912,47132973,-,Bilateria,Bilateria,Unknown,,1,1,,,,,
Oan-Mir-96-P3-v2,oan-mir-183,MIR-96,UGGCACU,MIMAT0006805,None,NC_041737.1,47132913,47132972,-,Bilateria,Bilateria,No,,,1,,,,,
Oan-Mir-101-P1-v1,oan-mir-101-1,MIR-101,ACAGUAC,None,MIMAT0007011,NC_041745.1,41083106,41083164,#ERROR!,Vertebrata,Vertebrata,No,,1,1,,,,,
Oan-Mir-101-P1-v2,oan-mir-101-1,MIR-101,UACAGUA,None,MIMAT0007011,NC_041745.1,41083107,41083163,#ERROR!,Vertebrata,Vertebrata,No,,,1,,,,,
Oan-Mir-101-P2-v1,oan-mir-101-2,MIR-101,ACAGUAC,None,MIMAT0007011,NC_041753.1,52495166,52495224,-,Vertebrata,Vertebrata,No,1,,,,,,,
Oan-Mir-101-P2-v2,oan-mir-101-2,MIR-101,UACAGUA,None,MIMAT0007011,NC_041753.1,52495167,52495223,-,Vertebrata,Vertebrata,No,,,,,,,,
Oan-Mir-103-P1,oan-mir-107,MIR-103,GCAGCAU,MIMAT0007118,MIMAT0007119,NC_041730.1,111210031,111210090,-,Gnathostomata,Deuterostomia,No,,,1,,,,,
Oan-Mir-103-P2,oan-mir-103-2,MIR-103,GCAGCAU,MIMAT0006941,MIMAT0006942,NC_041745.1,18562503,18562562,#ERROR!,Gnathostomata,Deuterostomia,No,,,1,,,,,
Oan-Mir-103-P4,oan-mir-103-1,MIR-103,GCAGCAU,MIMAT0031098,MIMAT0006942,NC_041749.1,21728165,21728224,#ERROR!,Gnathostomata,Deuterostomia,No,1,,1,,,,,
Oan-Mir-122,oan-mir-122,MIR-122,GGAGUGU,MIMAT0006825,MIMAT0006826,NC_041730.1,72516067,72516124,#ERROR!,Vertebrata,Vertebrata,No,1,1,1,,,,,
Oan-Mir-124-P1-v1,None,MIR-124,AAGGCAC,None,None,NC_041734.1,5355241,5355299,-,Gnathostomata,Bilateria,No,,,1,,,,,
Oan-Mir-124-P1-v2,None,MIR-124,UAAGGCA,None,None,NC_041734.1,5355242,5355299,-,Gnathostomata,Bilateria,No,,,1,,,,,
Oan-Mir-124-P3-v1,None,MIR-124,AAGGCAC,None,None,NC_041735.1,18324190,18324249,#ERROR!,Gnathostomata,Bilateria,No,,,1,,,,,
Oan-Mir-124-P3-v2,None,MIR-124,UAAGGCA,None,None,NC_041735.1,18324190,18324248,#ERROR!,Gnathostomata,Bilateria,No,,,1,,,,,
Oan-Mir-124-P4-v1,oan-mir-124a-1,MIR-124,AAGGCAC,MIMAT0007113,MIMAT0007114,NC_041750.1,608840,608900,-,Gnathostomata,Bilateria,No,,,1,,,,,
Oan-Mir-124-P4-v2,oan-mir-124a-1,MIR-124,UUAAGGC,MIMAT0007113,MIMAT0007114,NC_041750.1,608841,608900,-,Gnathostomata,Bilateria,No,,,1,,,,,
Oan-Mir-126-P2-v1,oan-mir-126,MIR-126,CGUACCG,MIMAT0007125,MIMAT0007126,NC_041731.1,40180381,40180439,-,Vertebrata,Olfactores,No,,1,1,,,,,
Oan-Mir-126-P2-v2,oan-mir-126,MIR-126,AUUAUUA,MIMAT0007125,MIMAT0007126,NC_041731.1,40180381,40180439,-,Vertebrata,Olfactores,No,,,1,,,,,
Oan-Mir-126-P2-v3,oan-mir-126,MIR-126,UCGUACC,MIMAT0007125,MIMAT0007126,NC_041731.1,40180381,40180439,-,Vertebrata,Olfactores,No,,1,1,,,,,
Oan-Mir-128-P1,oan-mir-128-2,MIR-128,CACAGUG,MIMAT0007175,MIMAT0007006,NC_041748.1,4813595,4813652,#ERROR!,Gnathostomata,Vertebrata,No,1,1,1,,,,,
Oan-Mir-128-P2,oan-mir-128-1,MIR-128,CACAGUG,None,MIMAT0007006,NC_041736.1,470761,470816,#ERROR!,Gnathostomata,Vertebrata,No,1,,1,,,,,
Oan-Mir-129-P1,None,MIR-129,UUUUUGC,None,None,NC_041730.1,24847646,24847710,-,Gnathostomata,Chordata,No,1,1,1,,,,,
Oan-Mir-129-P2,oan-mir-129,MIR-129,UUUUUGC,MIMAT0006801,MIMAT0006802,NC_041737.1,46239912,46239977,#ERROR!,Gnathostomata,Chordata,No,,1,1,,,,,
Oan-Mir-130-P1a,oan-mir-130c,MIR-130,AGUGCAA,MIMAT0006907,MIMAT0006908,NC_041748.1,23340935,23340990,-,Gnathostomata,Vertebrata,No,,,1,,,,,
Oan-Mir-130-P1b,oan-mir-130b,MIR-130,AGUGCAA,MIMAT0007158,MIMAT0007159,NC_041744.1,11810731,11810793,-,Gnathostomata,Vertebrata,No,,,1,,,,,
Oan-Mir-130-P1c,oan-mir-130a,MIR-130,AGUGCAA,MIMAT0007098,None,NC_041730.1,19258657,19258718,-,Gnathostomata,Vertebrata,Yes,,,,,,,,
Oan-Mir-130-P2a,None,MIR-130,AGUGCAA,None,None,NC_041748.1,23340756,23340817,-,Gnathostomata,Vertebrata,No,,1,,,,,,
Oan-Mir-130-P2b,oan-mir-301,MIR-130,AGUGCAA,MIMAT0006909,MIMAT0006910,NC_041744.1,11809710,11809771,-,Gnathostomata,Vertebrata,No,,,1,,,,,
Oan-Mir-130-P3b,oan-mir-454,MIR-130,AGUGCAA,MIMAT0007156,MIMAT0007157,NC_041744.1,11797223,11797287,-,Gnathostomata,Vertebrata,No,,1,,,,,,
Oan-Mir-132-P1,None,MIR-132,AACAGUC,None,None,NC_041744.1,5457600,5457657,#ERROR!,Vertebrata,Vertebrata,No,,1,1,,,,,
Oan-Mir-132-P2,None,MIR-132,CCUUGGC,None,None,NC_041744.1,5457125,5457187,#ERROR!,Vertebrata,Vertebrata,No,,,1,,,,,
Oan-Mir-133-P1-v1,oan-mir-133a-1,MIR-133,UUGGUCC,MIMAT0006864,MIMAT0006865,NC_041734.1,21775875,21775934,#ERROR!,Gnathostomata,Bilateria,No,,,1,,,,,
Oan-Mir-133-P1-v2,oan-mir-133a-1,MIR-133,UGGUCCC,MIMAT0006864,MIMAT0006865,NC_041734.1,21775875,21775934,#ERROR!,Gnathostomata,Bilateria,No,,,1,,,,,
Oan-Mir-133-P2-v1,oan-mir-133b,MIR-133,UUGGUCC,MIMAT0006996,MIMAT0006997,NC_041749.1,16303147,16303205,#ERROR!,Gnathostomata,Bilateria,No,1,,1,,,,,
Oan-Mir-133-P2-v2,oan-mir-133b,MIR-133,UGGUCCC,MIMAT0006996,MIMAT0006997,NC_041749.1,16303147,16303205,#ERROR!,Gnathostomata,Bilateria,No,1,,1,,,,,
Oan-Mir-133-P3-v1,oan-mir-133a-2,MIR-133,UUGGUCC,MIMAT0006864,MIMAT0006865,NC_041735.1,17261680,17261739,#ERROR!,Gnathostomata,Bilateria,No,,,,,,,,
Oan-Mir-133-P3-v2,oan-mir-133a-2,MIR-133,UGGUCCC,MIMAT0006864,MIMAT0006865,NC_041735.1,17261680,17261739,#ERROR!,Gnathostomata,Bilateria,No,,,,,,,,
Oan-Mir-133-P4-v1,oan-mir-133c,MIR-133,UUGGUCC,None,MIMAT0007150,NC_041743.1,39748895,39748952,#ERROR!,Gnathostomata,Bilateria,Yes,,,1,,,,,
Oan-Mir-133-P4-v2,oan-mir-133c,MIR-133,UGGUCCC,None,MIMAT0007150,NC_041743.1,39748895,39748952,#ERROR!,Gnathostomata,Bilateria,Yes,,,1,,,,,
Oan-Mir-135-P1,oan-mir-135b-2,MIR-135,AUGGCUU,MIMAT0006870,MIMAT0031114,NC_041750.1,16824873,16824932,#ERROR!,Gnathostomata,Chordata,Yes,,,1,,,,,
Oan-Mir-135-P2,oan-mir-135a,MIR-135,AUGGCUU,None,MIMAT0007193,NC_041741.1,36251177,36251236,#ERROR!,Gnathostomata,Chordata,Yes,,,1,,,,,
Oan-Mir-135-P4,oan-mir-135b-1,MIR-135,AUGGCUU,MIMAT0006870,MIMAT0006871,NC_041734.1,61618119,61618179,-,Gnathostomata,Chordata,Yes,,,,,,,,
Oan-Mir-137-P1-v1,oan-mir-137a,MIR-137,UAUUGCU,MIMAT0006837,MIMAT0006838,NC_041731.1,90584395,90584453,#ERROR!,Gnathostomata,Bilateria,No,,,1,,,,,
Oan-Mir-137-P1-v2,oan-mir-137a,MIR-137,AUUGCUU,MIMAT0006837,MIMAT0006838,NC_041731.1,90584394,90584454,#ERROR!,Gnathostomata,Bilateria,No,1,,1,,,,,
Oan-Mir-137-P3-v1,oan-mir-137b,MIR-137,UAUUGCU,MIMAT0026753,MIMAT0006878,NC_041750.1,9725441,9725499,-,Gnathostomata,Bilateria,No,,,1,,,,,
Oan-Mir-137-P3-v2,oan-mir-137b,MIR-137,AUUGCUU,MIMAT0026753,MIMAT0006878,NC_041750.1,9725440,9725500,-,Gnathostomata,Bilateria,No,,,1,,,,,
Oan-Mir-138-P1,oan-mir-138-1,MIR-138,GCUGGUG,MIMAT0007216,MIMAT0007216,NC_041735.1,51462583,51462643,-,Vertebrata,Vertebrata,No,,,1,,,,,
Oan-Mir-138-P2,oan-mir-138-2,MIR-138,GCUGGUG,MIMAT0007216,MIMAT0007220,NC_041738.1,33676105,33676172,#ERROR!,Vertebrata,Vertebrata,No,,,1,,,,,
Oan-Mir-139,oan-mir-139,MIR-139,CUACAGU,MIMAT0006904,MIMAT0006905,NC_041729.1,140872749,140872807,-,Gnathostomata,Gnathostomata,No,,,1,,,,,
Oan-Mir-140-P1-v1,oan-mir-140,MIR-140,CCACAGG,MIMAT0006812,MIMAT0006813,NC_041738.1,39776980,39777041,-,Gnathostomata,Vertebrata,No,,,,,,,,
Oan-Mir-140-P1-v2,oan-mir-140,MIR-140,ACCACAG,MIMAT0006812,MIMAT0006813,NC_041738.1,39776980,39777041,-,Gnathostomata,Vertebrata,No,,,,,,,,
Oan-Mir-142-P1-v1,oan-mir-142,MIR-142,AUAAAGU,MIMAT0006982,MIMAT0006983,NC_041744.1,11231636,11231694,-,Gnathostomata,Vertebrata,No,,,1,,,,,
Oan-Mir-142-P1-v2,oan-mir-142,MIR-142,UAGUGUU,MIMAT0006982,MIMAT0006983,NC_041744.1,11231636,11231694,-,Gnathostomata,Vertebrata,No,,,1,,,,,
Oan-Mir-142-P1-v3,oan-mir-142,MIR-142,GUAGUGU,MIMAT0006982,MIMAT0006983,NC_041744.1,11231636,11231694,-,Gnathostomata,Vertebrata,No,,,1,,,,,
Oan-Mir-142-P1-v4,oan-mir-142,MIR-142,CCAUAAA,MIMAT0006982,MIMAT0006983,NC_041744.1,11231634,11231696,-,Gnathostomata,Vertebrata,No,,,,,,,,
Oan-Mir-143,oan-mir-143,MIR-143,GAGAUGA,MIMAT0007143,MIMAT0007144,NC_041749.1,16799841,16799895,#ERROR!,Vertebrata,Vertebrata,Yes,,,,,,,,
Oan-Mir-144,oan-mir-144,MIR-144,GAUAUCA,MIMAT0006902,MIMAT0006903,NC_041744.1,9165005,9165062,#ERROR!,Vertebrata,Vertebrata,No,,,1,,,,,
Oan-Mir-145,oan-mir-145,MIR-145,UCCAGUU,MIMAT0007141,MIMAT0007142,NC_041749.1,16801834,16801893,#ERROR!,Vertebrata,Vertebrata,No,,,1,,,,,
Oan-Mir-146-P1,oan-mir-146b,MIR-146,GAGAACU,MIMAT0007007,MIMAT0007008,NC_041743.1,34965095,34965154,-,Gnathostomata,Vertebrata,No,,,,,,,,
Oan-Mir-146-P4,oan-mir-146a,MIR-146,GAGAACU,MIMAT0007230,MIMAT0007231,NC_041749.1,27130039,27130101,-,Gnathostomata,Vertebrata,No,,,1,,,,,
Oan-Mir-147,oan-mir-147,MIR-147,GCGGAAU,None,MIMAT0007003,NC_041732.1,18473932,18473992,-,Vertebrata,Vertebrata,No,,,1,,,,,
Oan-Mir-148-P1,oan-mir-148,MIR-148,CAGUGCA,MIMAT0007137,MIMAT0007138,NC_041735.1,56269380,56269439,#ERROR!,Gnathostomata,Vertebrata,No,,,1,,,,,
Oan-Mir-148-P3,None,MIR-148,CAGUGCA,None,None,NC_041738.1,57629707,57629767,-,Gnathostomata,Vertebrata,No,,,,,,,,
Oan-Mir-150,oan-mir-150,MIR-150,CUCCCAA,MIMAT0007090,MIMAT0007091,NC_041737.1,53402220,53402278,-,Gnathostomata,Gnathostomata,No,,,1,,,,,
Oan-Mir-153-P1,oan-mir-153-2,MIR-153,UGCAUAG,MIMAT0031116,MIMAT0007005,NC_041740.1,6971996,6972056,-,Gnathostomata,Bilateria,No,,,1,,,,,
Oan-Mir-153-P2,oan-mir-153-1,MIR-153,UGCAUAG,MIMAT0007004,MIMAT0007005,NC_041728.1,181850150,181850210,-,Gnathostomata,Bilateria,No,,,1,,,,,
Oan-Mir-155,oan-mir-155,MIR-155,UAAUGCU,MIMAT0006988,MIMAT0006989,NC_041744.1,18141409,18141470,-,Vertebrata,Vertebrata,No,1,,,,,,,
Oan-Mir-181-P1a,oan-mir-181a-1,MIR-181,ACAUUCA,MIMAT0006833,MIMAT0006834,NC_041731.1,80341024,80341085,-,Gnathostomata,Vertebrata,No,1,,1,,,,,
Oan-Mir-181-P1b,oan-mir-181a-2,MIR-181,ACAUUCA,MIMAT0006833,MIMAT0031026,NC_041731.1,45803555,45803615,#ERROR!,Gnathostomata,Vertebrata,No,,,,,,,,
Oan-Mir-181-P1c,oan-mir-181a-3,MIR-181,ACAUUCA,MIMAT0006833,MIMAT0031027,NC_041749.1,108838650,108838712,#ERROR!,Gnathostomata,Vertebrata,No,,,1,,,,,
Oan-Mir-181-P2a,oan-mir-181b-1,MIR-181,ACAUUCA,MIMAT0006835,MIMAT0006836,NC_041731.1,80340842,80340902,-,Gnathostomata,Vertebrata,No,,,1,,,,,
Oan-Mir-181-P2b,oan-mir-181b-2,MIR-181,ACAUUCA,MIMAT0006835,MIMAT0031055,NC_041731.1,45805053,45805112,#ERROR!,Gnathostomata,Vertebrata,No,,,,,,,,
Oan-Mir-181-P2c,oan-mir-181c,MIR-181,ACAUUCA,MIMAT0007058,MIMAT0007059,NC_041749.1,108839013,108839074,#ERROR!,Gnathostomata,Vertebrata,No,,1,1,,,,,
Oan-Mir-184,oan-mir-184,MIR-184,GGACGGA,None,MIMAT0007045,NC_041749.1,56007216,56007277,#ERROR!,Bilateria,Bilateria,No,,,1,,,,,
Oan-Mir-186,oan-mir-186,MIR-186,AAAGAAU,MIMAT0006931,MIMAT0006932,NC_041731.1,116682503,116682563,#ERROR!,Mammalia,Mammalia,No,1,,1,,,,,
Oan-Mir-187,oan-mir-187,MIR-187,CGUGUCU,MIMAT0007266,MIMAT0007267,NC_041751.1,4330273,4330330,-,Osteichthyes,Osteichthyes,Yes,,,1,,,,,
Oan-Mir-190-P1,oan-mir-190a,MIR-190,GAUAUGU,MIMAT0006843,MIMAT0006844,NC_041732.1,50106036,50106094,-,Gnathostomata,Bilateria,No,1,,1,,,,,
Oan-Mir-190-P3,oan-mir-190b,MIR-190,GAUAUGU,MIMAT0006998,None,NC_041753.1,1119984,1120043,#ERROR!,Gnathostomata,Bilateria,Unknown,1,,,,,,,
Oan-Mir-191,oan-mir-191,MIR-191,AACGGAA,MIMAT0007152,MIMAT0007153,NC_041749.1,91032820,91032883,-,Gnathostomata,Gnathostomata,No,,,1,,,,,
Oan-Mir-192-P1,oan-mir-215,MIR-192,UGACCUA,MIMAT0007000,MIMAT0007001,NC_041746.1,8010939,8010997,#ERROR!,Vertebrata,Vertebrata,No,1,,1,,,,,
Oan-Mir-192-P1-as,None,MIR-192,UGGCCUA,None,None,NC_041746.1,8010937,8010995,-,O. anatinus,Vertebrata,No,,,1,,,,,
Oan-Mir-192-P2,oan-mir-192,MIR-192,UGACCUA,MIMAT0007016,MIMAT0007017,NC_041730.1,7220148,7220211,#ERROR!,Vertebrata,Vertebrata,No,,,,,,,,
Oan-Mir-193-P1a,oan-mir-193,MIR-193,ACUGGCC,MIMAT0006820,MIMAT0006821,NC_041729.1,52316346,52316404,#ERROR!,Vertebrata,Bilateria,No,1,,,,,,,
Oan-Mir-193-P1b,None,MIR-193,GGGUCUU,None,None,NC_041742.1,2848676,2848732,#ERROR!,Vertebrata,Bilateria,No,,,1,,,,,
Oan-Mir-193-P2a,oan-mir-365-1,MIR-193,AAUGCCC,MIMAT0006822,MIMAT0006823,NC_041729.1,52321465,52321525,#ERROR!,Vertebrata,Bilateria,Yes,,,1,,,,,
Oan-Mir-193-P2b,oan-mir-365-2,MIR-193,AAUGCCC,MIMAT0031067,MIMAT0006823,NC_041742.1,2861999,2862060,#ERROR!,Vertebrata,Bilateria,No,,,1,,,,,
Oan-Mir-194-P1,oan-mir-194-1,MIR-194,GUAACAG,MIMAT0006999,None,NC_041746.1,8009904,8009959,#ERROR!,Vertebrata,Vertebrata,No,,,1,,,,,
Oan-Mir-194-P2,oan-mir-194-2,MIR-194,GUAACAG,MIMAT0006999,MIMAT0007018,NC_041730.1,7219904,7219961,#ERROR!,Vertebrata,Vertebrata,No,1,,,,,,,
Oan-Mir-196-P1,oan-mir-196b,MIR-196,AGGUAGU,MIMAT0007139,MIMAT0007140,NC_041735.1,55167001,55167059,#ERROR!,Gnathostomata,Olfactores,Unknown,,,1,,,,,
Oan-Mir-196-P4,oan-mir-196a,MIR-196,AGGUAGU,MIMAT0006876,MIMAT0006877,NC_041737.1,57674459,57674517,#ERROR!,Gnathostomata,Olfactores,No,,,1,,,,,
Oan-Mir-199-P1-v1,oan-mir-199,MIR-199,CAGUAGU,MIMAT0007172,MIMAT0007173,NC_041743.1,5356219,5356279,-,Gnathostomata,Vertebrata,No,,,1,,,,,
Oan-Mir-199-P1-v2,oan-mir-199,MIR-199,ACAGUAG,MIMAT0007172,MIMAT0007173,NC_041743.1,5356219,5356279,-,Gnathostomata,Vertebrata,No,,,1,,,,,
Oan-Mir-199-P1-v3,oan-mir-199,MIR-199,AGUAGUC,MIMAT0007172,MIMAT0007173,NC_041743.1,5356219,5356279,-,Gnathostomata,Vertebrata,No,,,1,,,,,
Oan-Mir-199-P2-v1,None,MIR-199,CAGUAGU,None,None,NC_041731.1,32349237,32349297,#ERROR!,Gnathostomata,Vertebrata,No,,,,,,,,
Oan-Mir-199-P2-v2,None,MIR-199,ACAGUAG,None,None,NC_041731.1,32349237,32349297,#ERROR!,Gnathostomata,Vertebrata,No,,,,,,,,
Oan-Mir-199-P2-v3,None,MIR-199,AGUAGUC,None,None,NC_041731.1,32349237,32349297,#ERROR!,Gnathostomata,Vertebrata,No,,,,,,,,
Oan-Mir-202,None,MIR-202,UCCUAUG,None,None,NC_041730.1,132996124,132996181,#ERROR!,Vertebrata,Vertebrata,No,,,1,,,,,
Oan-Mir-203-v1,None,MIR-203,UGAAAUG,None,None,NC_041728.1,64035377,64035436,#ERROR!,Vertebrata,Vertebrata,No,,,1,,,,,
Oan-Mir-203-v2,None,MIR-203,GAAAUGU,None,None,NC_041728.1,64035377,64035437,#ERROR!,Vertebrata,Vertebrata,No,,,1,,,,,
Oan-Mir-204-P1,oan-mir-204,MIR-204,UCCCUUU,MIMAT0006841,MIMAT0006842,NC_041732.1,54081453,54081510,#ERROR!,Gnathostomata,Vertebrata,No,1,,1,,,,,
Oan-Mir-204-P2,None,MIR-204,UCCCUUU,None,None,NC_041753.1,57858118,57858177,-,Gnathostomata,Vertebrata,No,1,,1,,,,,
Oan-Mir-205-P4,oan-mir-205,MIR-205,CCUUCAU,MIMAT0006866,MIMAT0006867,NC_041734.1,65176531,65176589,#ERROR!,Gnathostomata,Vertebrata,Unknown,,,,,,,,
Oan-Mir-208-P2,oan-mir-208,MIR-208,UAAGACG,MIMAT0006920,MIMAT0006921,NC_041740.1,38947810,38947866,-,Vertebrata,Vertebrata,No,,,1,,,,,
Oan-Mir-210,None,MIR-210,UGUGCGU,None,None,NC_041730.1,4083954,4084014,#ERROR!,Bilateria,Bilateria,Yes,,,1,,,,,
Oan-Mir-214-v1,oan-mir-214,MIR-214,GCCUGUC,MIMAT0007170,MIMAT0007171,NC_041743.1,5349852,5349914,-,Gnathostomata,Gnathostomata,No,,,,,,,,
Oan-Mir-214-v2,oan-mir-214,MIR-214,ACAGCAG,MIMAT0007170,MIMAT0007171,NC_041743.1,5349852,5349914,-,Gnathostomata,Gnathostomata,Unknown,,,,,,,,
Oan-Mir-216-P2a,oan-mir-216b,MIR-216,AAUCUCU,MIMAT0029020,MIMAT0029021,NC_041736.1,56800547,56800608,#ERROR!,Vertebrata,Bilateria,Yes,,1,,,,,,
Oan-Mir-216-P2b,oan-mir-216a,MIR-216,AAUCUCA,MIMAT0007223,MIMAT0007224,NC_041736.1,56809006,56809067,#ERROR!,Vertebrata,Bilateria,No,,,,,,,,
Oan-Mir-217-v1,oan-mir-217,MIR-217,ACUGCAU,MIMAT0007221,MIMAT0007222,NC_041736.1,56814321,56814379,#ERROR!,Chordata,Chordata,No,,,1,,,,,
Oan-Mir-217-v2,oan-mir-217,MIR-217,UACUGCA,MIMAT0007221,MIMAT0007222,NC_041736.1,56814320,56814380,#ERROR!,Chordata,Chordata,Unknown,,,1,,,,,
Oan-Mir-218-P2,oan-mir-218-1,MIR-218,UGUGCUU,MIMAT0006815,MIMAT0006816,NC_041745.1,37929482,37929545,-,Gnathostomata,Vertebrata,No,,,1,,,,,
Oan-Mir-218-P4,oan-mir-218-2,MIR-218,UGUGCUU,MIMAT0006815,None,NC_041749.1,21569479,21569542,#ERROR!,Gnathostomata,Vertebrata,No,,1,1,,,,,
Oan-Mir-219-P2,oan-mir-219,MIR-219,GAUUGUC,MIMAT0006899,MIMAT0006900,NC_041731.1,32222732,32222796,#ERROR!,Gnathostomata,Bilateria,No,,,1,,,,,
Oan-Mir-221-P1a,oan-mir-222a,MIR-221,GCUACAU,MIMAT0007132,MIMAT0007133,NC_041745.1,8659576,8659637,#ERROR!,Gnathostomata,Vertebrata,No,,1,1,,,,,
Oan-Mir-221-P1b,oan-mir-222b-1,MIR-221,GCUACAU,MIMAT0007056,MIMAT0007057,NC_041733.1,13691892,13691958,-,Gnathostomata,Vertebrata,Yes,,1,1,,,,,
Oan-Mir-221-P2a,oan-mir-221,MIR-221,CCUGGCA,MIMAT0007134,MIMAT0007135,NC_041745.1,8660201,8660263,#ERROR!,Gnathostomata,Vertebrata,No,,,,,,,,
Oan-Mir-223,oan-mir-223,MIR-223,GUCAGUU,MIMAT0007019,MIMAT0007020,NC_041733.1,44196718,44196782,-,Vertebrata,Vertebrata,No,,,1,,,,,
Oan-Mir-338-P2,None,MIR-338,CCAGCAU,None,None,NW_021638079.1,3139464,3139523,-,Vertebrata,Vertebrata,No,,,1,,,,,
Oan-Mir-375,None,MIR-375,UUGUUCG,None,None,NC_041728.1,181301137,181301192,-,Bilateria,Bilateria,No,,,1,,,,,
Oan-Mir-383-v1,oan-mir-383,MIR-383,GAUCAGA,MIMAT0007189,MIMAT0007190,NC_041739.1,57271955,57272016,#ERROR!,Tetrapoda,Tetrapoda,No,,,,,,,,
Oan-Mir-383-v2,oan-mir-383,MIR-383,AGAUCAG,MIMAT0007189,MIMAT0007190,NC_041739.1,57271954,57272016,#ERROR!,Tetrapoda,Tetrapoda,Yes,,,,,,,,
Oan-Mir-425,oan-mir-425,MIR-425,AUGACAC,MIMAT0007154,MIMAT0007155,NC_041749.1,91030435,91030497,-,Gnathostomata,Gnathostomata,No,,,1,,,,,
Oan-Mir-430-P1,oan-mir-302-2,MIR-430,AAGUGCU,MIMAT0007194,MIMAT0007195,NC_041739.1,34492840,34492898,#ERROR!,Gnathostomata,Vertebrata,No,,1,,,,,,
Oan-Mir-430-P2,None,MIR-430,AAGUGCU,None,None,NC_041739.1,34493073,34493130,#ERROR!,Gnathostomata,Vertebrata,No,,,1,,,,,
Oan-Mir-430-P3,oan-mir-302-1,MIR-430,AAGUGCU,None,MIMAT0007195,NC_041739.1,34493236,34493293,#ERROR!,Gnathostomata,Vertebrata,No,,,1,,,,,
Oan-Mir-430-P4,None,MIR-430,AAGUGCU,None,None,NC_041739.1,34493344,34493404,#ERROR!,Gnathostomata,Vertebrata,No,,1,,,,,,
Oan-Mir-430-P53,oan-mir-1420a,MIR-430,AAGUGCU,MIMAT0006922,MIMAT0006923,NC_041737.1,54187151,54187209,#ERROR!,O. anatinus,Vertebrata,No,,,1,,,,,
Oan-Mir-430-P54,oan-mir-1420b,MIR-430,AAGUGCC,MIMAT0006924,MIMAT0006925,NC_041737.1,54187300,54187360,#ERROR!,O. anatinus,Vertebrata,No,,,,,,,,
Oan-Mir-430-P55,oan-mir-1420c,MIR-430,AAGUGCU,MIMAT0026754,MIMAT0006926,NC_041737.1,54187861,54187919,#ERROR!,O. anatinus,Vertebrata,No,,,,,,,,
Oan-Mir-430-P56,oan-mir-1420d,MIR-430,AAUUGCU,MIMAT0006927,MIMAT0006928,NC_041737.1,54190035,54190095,#ERROR!,O. anatinus,Vertebrata,No,,,1,,,,,
Oan-Mir-430-P57,oan-mir-1420e,MIR-430,AAGUGCG,MIMAT0026755,MIMAT0006929,NC_041737.1,54190187,54190244,#ERROR!,O. anatinus,Vertebrata,No,,,,,,,,
Oan-Mir-430-P58,oan-mir-1347,MIR-430,AGUGCAA,MIMAT0006930,None,NC_041737.1,54190481,54190536,#ERROR!,O. anatinus,Vertebrata,No,,,1,,,,,
Oan-Mir-430-P59,oan-mir-1420f,MIR-430,AAGUGCG,None,MIMAT0006944,NC_041737.1,54191591,54191649,#ERROR!,O. anatinus,Vertebrata,No,,,1,,,,,
Oan-Mir-430-P60,oan-mir-1420g,MIR-430,AAUUGCC,MIMAT0007318,MIMAT0007319,NC_041737.1,54191452,54191511,#ERROR!,O. anatinus,Vertebrata,No,,,1,,,,,
Oan-Mir-430-P61,None,MIR-430,AAGUGCU,None,None,NC_041737.1,54191823,54191881,#ERROR!,O. anatinus,Vertebrata,No,,,1,,,,,
Oan-Mir-451,oan-mir-451,MIR-451,AACCGUU,MIMAT0006901,,NC_041744.1,9165224,9165265,#ERROR!,Vertebrata,Vertebrata,NA,,,,,,,,
Oan-Mir-455,None,MIR-455,AUGUGCC,None,None,NC_041731.1,31545290,31545347,#ERROR!,Vertebrata,Vertebrata,No,,,,,,,,
Oan-Mir-458,oan-mir-458,MIR-458,UAGCUCU,MIMAT0007009,MIMAT0007010,NC_041749.1,17802192,17802249,#ERROR!,Osteichthyes,Osteichthyes,No,,,1,,,,,
Oan-Mir-459,oan-mir-802,MIR-459,CAGUAAC,MIMAT0007181,MIMAT0007182,NC_041744.1,21488371,21488431,#ERROR!,Vertebrata,Vertebrata,No,,,1,,,,,
Oan-Mir-460-P1,oan-mir-460,MIR-460,CUGCAUU,MIMAT0006915,MIMAT0006916,NC_041740.1,1810852,1810908,#ERROR!,Osteichthyes,Osteichthyes,Yes,,,1,,,,,
Oan-Mir-490,oan-mir-490,MIR-490,AACCUGG,MIMAT0006810,MIMAT0006811,NC_041737.1,51002637,51002696,#ERROR!,Amniota,Amniota,No,,,1,,,,,
Oan-Mir-499,oan-mir-499,MIR-499,UAAGACU,MIMAT0006949,MIMAT0006950,NC_041742.1,432248,432306,#ERROR!,Vertebrata,Vertebrata,No,1,,1,,,,,
Oan-Mir-551-P2,oan-mir-551,MIR-551,CGACCCA,MIMAT0007129,MIMAT0007130,NC_041728.1,162109414,162109473,#ERROR!,Vertebrata,Vertebrata,Yes,,,,,,,,
Oan-Mir-590,oan-mir-590,MIR-590,ACUUUUA,MIMAT0007096,MIMAT0007097,NC_041744.1,959305,959364,-,Mammalia,Mammalia,No,,,1,,,,,
Oan-Mir-599,None,MIR-599,UUGAUAA,None,None,NC_041731.1,62097434,62097493,-,Sarcopterygii,Sarcopterygii,Unknown,,,,,,,,
Oan-Mir-737,None,MIR-737,AGUCAAA,None,None,NC_041728.1,132317247,132317307,#ERROR!,Osteichthyes,Osteichthyes,No,,,,,,,,
Oan-Mir-873-v1,oan-mir-873,MIR-873,GCAGGAA,MIMAT0007272,MIMAT0007273,NC_041753.1,38127936,38127994,-,Mammalia,Mammalia,No,,,1,,,,,
Oan-Mir-873-v2,oan-mir-873,MIR-873,CAGGAAC,MIMAT0007272,MIMAT0007273,NC_041753.1,38127937,38127993,-,Mammalia,Mammalia,No,,,1,,,,,
Oan-Mir-875,oan-mir-875,MIR-875,AUACCUC,MIMAT0006830,MIMAT0006831,NC_041731.1,62097582,62097638,-,Vertebrata,Vertebrata,Unknown,,,1,,,,,
Oan-Mir-1306,None,MIR-1306,CACCUCC,None,None,NC_041748.1,24074222,24074282,#ERROR!,Gnathostomata,Gnathostomata,Unknown,,1,1,,,,,
Oan-Mir-1327,oan-mir-1327,MIR-1327,AAAAGGC,MIMAT0006796,MIMAT0026750,NC_041728.1,25806166,25806229,-,O. anatinus,O. anatinus,No,1,,1,,,,,
Oan-Mir-1329-v1,oan-mir-1329,MIR-1329,ACAGUGA,MIMAT0006798,MIMAT0006799,NC_041728.1,86137750,86137810,#ERROR!,Vertebrata,Vertebrata,No,,,1,,,,,
Oan-Mir-1329-v2,oan-mir-1329,MIR-1329,CAGUGAU,MIMAT0006798,MIMAT0006799,NC_041728.1,86137751,86137809,#ERROR!,Vertebrata,Vertebrata,No,,,1,,,,,
Oan-Mir-1332,oan-mir-1332,MIR-1332,AUUGGUU,MIMAT0026751,MIMAT0006819,NC_041729.1,51196742,51196796,#ERROR!,O. anatinus,O. anatinus,Yes,,,,,,,,
Oan-Mir-1338,oan-mir-1338,MIR-1338,AGGGAGC,MIMAT0006839,MIMAT0006840,NC_041732.1,39211982,39212047,-,O. anatinus,O. anatinus,No,,,,,,,,
Oan-Mir-1339,oan-mir-1339,MIR-1339,GAUGCAA,MIMAT0006861,MIMAT0006862,NC_041734.1,17894855,17894915,#ERROR!,O. anatinus,O. anatinus,No,,1,,,,,,
Oan-Mir-1340,oan-mir-1340,MIR-1340,GCUGUCC,MIMAT0006868,MIMAT0006869,NC_041739.1,1264465,1264519,-,O. anatinus,O. anatinus,No,,,,,,,,
Oan-Mir-1350,oan-mir-1350,MIR-1350,GUCAACU,MIMAT0006940,None,NC_041749.1,106749864,106749924,#ERROR!,O. anatinus,O. anatinus,No,1,,1,,,,,
Oan-Mir-1355,oan-mir-1355,MIR-1355,GUUCCAG,MIMAT0006951,MIMAT0006952,NC_041728.1,132076177,132076234,-,O. anatinus,O. anatinus,No,,1,,,,,,
Oan-Mir-1360,oan-mir-1360,MIR-1360,AGGCAGU,MIMAT0007002,None,NC_041738.1,604476,604536,-,O. anatinus,O. anatinus,No,1,,1,,,,,
Oan-Mir-1361,oan-mir-1361,MIR-1361,GACCUAG,MIMAT0007021,MIMAT0007022,NC_041736.1,48519,48582,#ERROR!,O. anatinus,O. anatinus,No,,,1,,,,,
Oan-Mir-1362,oan-mir-1362,MIR-1362,ACCCCGC,MIMAT0007023,MIMAT0007024,NC_041753.1,161271,161330,-,O. anatinus,O. anatinus,No,,,,,,,,
Oan-Mir-1363,oan-mir-1363,MIR-1363,AGGGCCC,MIMAT0007025,MIMAT0007026,NC_041744.1,1154803,1154863,#ERROR!,O. anatinus,O. anatinus,No,1,,1,,,,,
Oan-Mir-1365,oan-mir-1365,MIR-1365,ACUGGGC,MIMAT0007028,MIMAT0007029,NC_041730.1,140252531,140252590,-,O. anatinus,O. anatinus,No,,,1,,,,,
Oan-Mir-1374,oan-mir-1374,MIR-1374,GUUUCCU,MIMAT0007055,None,NC_041747.1,2572376,2572440,#ERROR!,O. anatinus,O. anatinus,No,,,,,,,,
Oan-Mir-1375,oan-mir-1375,MIR-1375,GCUUCCU,MIMAT0007064,MIMAT0007065,NC_041746.1,989567,989622,#ERROR!,O. anatinus,O. anatinus,No,1,,1,,,,,
Oan-Mir-1376,oan-mir-1376,MIR-1376,AGAAAGU,MIMAT0007105,MIMAT0007106,NC_041749.1,94770564,94770621,-,O. anatinus,O. anatinus,No,,,1,,,,,
Oan-Mir-1380,oan-mir-1380,MIR-1380,UUUAGUC,MIMAT0007116,MIMAT0007117,NC_041731.1,68255444,68255502,#ERROR!,O. anatinus,O. anatinus,No,,1,,,,,,
Oan-Mir-1381,oan-mir-1381,MIR-1381,CCCUCGC,MIMAT0007120,MIMAT0007121,NC_041741.1,18817132,18817194,#ERROR!,O. anatinus,O. anatinus,Yes,,,,,,,,
Oan-Mir-1388-v1,oan-mir-1388,MIR-1388,UCUCAGG,MIMAT0007168,MIMAT0007169,NC_041735.1,20334932,20334992,#ERROR!,Gnathostomata,Gnathostomata,No,1,1,,,,,,
Oan-Mir-1388-v2,oan-mir-1388,MIR-1388,GGACUGU,MIMAT0007168,MIMAT0007169,NC_041735.1,20334932,20334992,#ERROR!,Gnathostomata,Gnathostomata,No,1,,,,,,,
Oan-Mir-1389,oan-mir-1389,MIR-1389,CUGGGCU,MIMAT0026758,MIMAT0007174,NC_041743.1,12605067,12605125,#ERROR!,O. anatinus,O. anatinus,No,,,,,,,,
Oan-Mir-1390,oan-mir-1390,MIR-1390,GCACACU,MIMAT0007176,MIMAT0007177,NC_041728.1,138347837,138347896,-,O. anatinus,O. anatinus,No,1,,,,,,,
Oan-Mir-1391,oan-mir-1391,MIR-1391,GCCAGUA,MIMAT0007185,MIMAT0007186,NC_041749.1,102679447,102679506,-,O. anatinus,O. anatinus,No,,,,,,,,
Oan-Mir-1395,oan-mir-1395,MIR-1395,CCUGAAG,MIMAT0026759,MIMAT0007197,NC_041753.1,67799380,67799440,#ERROR!,O. anatinus,O. anatinus,No,,,,,,,,
Oan-Mir-1397,oan-mir-1397,MIR-1397,GCAUUGC,MIMAT0007199,MIMAT0007200,NC_041742.1,18645071,18645128,-,Amniota,Amniota,No,1,,,,,,,
Oan-Mir-1398,oan-mir-1398,MIR-1398,CCCUUUG,MIMAT0007201,MIMAT0026760,NC_041742.1,18645998,18646053,-,O. anatinus,O. anatinus,No,,,,,,,,
Oan-Mir-1400,oan-mir-1400,MIR-1400,AUCCCAC,MIMAT0007205,MIMAT0007206,NC_041750.1,19507595,19507653,-,O. anatinus,O. anatinus,No,,,1,,,,,
Oan-Mir-1401,oan-mir-1401,MIR-1401,UUCUGAC,MIMAT0007207,MIMAT0007208,NC_041750.1,23137729,23137791,#ERROR!,O. anatinus,O. anatinus,No,1,,1,,,,,
Oan-Mir-1405,oan-mir-1405,MIR-1405,GCAGCAA,MIMAT0007212,MIMAT0007213,NC_041749.1,114283155,114283213,#ERROR!,O. anatinus,O. anatinus,No,,,1,,,,,
Oan-Mir-1409,oan-mir-1409,MIR-1409,AGCGCAC,MIMAT0007226,MIMAT0007227,NC_041732.1,8917730,8917789,#ERROR!,O. anatinus,O. anatinus,No,,,,,,,,
Oan-Mir-1416,oan-mir-1416,MIR-1416,CCUUAAC,MIMAT0007271,None,NC_041753.1,57421839,57421895,#ERROR!,Amniota,Amniota,Unknown,1,,1,,,,,
Oan-Mir-1419-P1,oan-mir-1419e,MIR-1419,UGCUGGG,MIMAT0007262,MIMAT0007263,NC_041749.1,96841505,96841558,#ERROR!,O. anatinus,O. anatinus,Unknown,1,,1,,,,,
Oan-Mir-1419-P2a,oan-mir-1419c-3,MIR-1419,GAUAUCG,MIMAT0007247,MIMAT0007248,NC_041749.1,96867655,96867713,#ERROR!,O. anatinus,O. anatinus,No,1,,1,,,,,
Oan-Mir-1419-P2b,oan-mir-1419c-2,MIR-1419,GAUAUCG,MIMAT0007247,MIMAT0007248,NC_041749.1,96861885,96861943,#ERROR!,O. anatinus,O. anatinus,No,,,1,,,,,
Oan-Mir-1419-P2c,oan-mir-1419c-1,MIR-1419,GAUAUCG,MIMAT0007247,MIMAT0007248,NC_041749.1,96853761,96853819,#ERROR!,O. anatinus,O. anatinus,No,1,,1,,,,,
Oan-Mir-1419-P3,oan-mir-1419d,MIR-1419,CAGUGCU,MIMAT0007253,MIMAT0007254,NC_041749.1,96860539,96860600,#ERROR!,O. anatinus,O. anatinus,No,,,,,,,,
Oan-Mir-1419-P4,oan-mir-1419b-2,MIR-1419,GAUAUCG,MIMAT0007240,MIMAT0009174,NC_041749.1,96871320,96871378,#ERROR!,O. anatinus,O. anatinus,No,,,1,,,,,
Oan-Mir-1419-P5,oan-mir-1419b-1,MIR-1419,GUGCUGG,MIMAT0007240,MIMAT0007241,NC_041749.1,96873874,96873932,#ERROR!,O. anatinus,O. anatinus,No,,,1,,,,,
Oan-Mir-1419-P6,None,MIR-1419,GAUAUCA,None,None,NC_041749.1,96875584,96875642,#ERROR!,O. anatinus,O. anatinus,No,,,1,,,,,
Oan-Mir-1419-P7,oan-mir-1419a,MIR-1419,GAUAUCA,MIMAT0007070,MIMAT0007071,NC_041749.1,96808674,96808732,#ERROR!,O. anatinus,O. anatinus,No,,,,,,,,
Oan-Mir-1419-P8,oan-mir-1419g,MIR-1419,UUACUGA,MIMAT0007322,MIMAT0007323,NC_041749.1,96820654,96820712,#ERROR!,O. anatinus,O. anatinus,No,,,1,,,,,
Oan-Mir-1419-P9,oan-mir-1419f,MIR-1419,GUGCUCG,MIMAT0007320,MIMAT0007321,NC_041749.1,96823966,96824024,#ERROR!,O. anatinus,O. anatinus,No,,,1,,,,,
Oan-Mir-1421-P1,oan-mir-1421ah,MIR-1421,GGAGGAC,MIMAT0007303,MIMAT0007304,NC_041749.1,96837949,96838010,#ERROR!,O. anatinus,O. anatinus,No,,1,1,,,,,
Oan-Mir-1421-P2,oan-mir-1421af,MIR-1421,ACAGGUU,MIMAT0007264,MIMAT0007265,NC_041749.1,96840218,96840278,#ERROR!,O. anatinus,O. anatinus,No,,1,1,,,,,
Oan-Mir-1421-P3,None,MIR-1421,GGAGGAC,None,None,NC_041749.1,96840770,96840830,#ERROR!,O. anatinus,O. anatinus,Unknown,,,1,,,,,
Oan-Mir-1421-P4,oan-mir-1421ae,MIR-1421,ACAGGUU,MIMAT0007261,None,NC_041749.1,96842948,96843008,#ERROR!,O. anatinus,O. anatinus,No,,1,1,,,,,
Oan-Mir-1421-P5,oan-mir-1421ad,MIR-1421,ACAGGUU,MIMAT0007259,MIMAT0007260,NC_041749.1,96844194,96844254,#ERROR!,O. anatinus,O. anatinus,No,,1,1,,,,,
Oan-Mir-1421-P6,oan-mir-1421aj,MIR-1421,GGAGGAC,MIMAT0007307,MIMAT0007308,NC_041749.1,96844751,96844811,#ERROR!,O. anatinus,O. anatinus,No,,,,,,,,
Oan-Mir-1421-P7a,None,MIR-1421,GAGGUGG,None,None,NC_041749.1,96847250,96847310,#ERROR!,O. anatinus,O. anatinus,Unknown,,1,1,,,,,
Oan-Mir-1421-P7b,oan-mir-1421ag-2,MIR-1421,GAGUUGG,None,MIMAT0007298,NC_041749.1,96855059,96855119,#ERROR!,O. anatinus,O. anatinus,Unknown,,1,1,,,,,
Oan-Mir-1421-P7c,oan-mir-1421ag-1,MIR-1421,UUGAGGU,MIMAT0007297,MIMAT0007298,NC_041749.1,96863179,96863242,#ERROR!,O. anatinus,O. anatinus,Unknown,,,,,,,,
Oan-Mir-1421-P8,oan-mir-1421ac-1,MIR-1421,GGAGGAC,MIMAT0007257,MIMAT0007258,NC_041749.1,96847806,96847866,#ERROR!,O. anatinus,O. anatinus,No,,1,1,,,,,
Oan-Mir-1421-P9,oan-mir-1421ac-2,MIR-1421,GGAGGAC,MIMAT0007257,MIMAT0007302,NC_041749.1,96850234,96850294,#ERROR!,O. anatinus,O. anatinus,No,,,1,,,,,
Oan-Mir-1421-P10,oan-mir-1421y-3,MIR-1421,GGAGGGC,MIMAT0007244,MIMAT0009173,NC_041749.1,96855616,96855676,#ERROR!,O. anatinus,O. anatinus,No,,1,1,,,,,
Oan-Mir-1421-P11,None,MIR-1421,ACAGGUU,None,None,NC_041749.1,96856623,96856683,#ERROR!,O. anatinus,O. anatinus,No,,1,1,,,,,
Oan-Mir-1421-P12,oan-mir-1421ai,MIR-1421,GCAGGUC,MIMAT0007305,MIMAT0007306,NC_041749.1,96857179,96857236,#ERROR!,O. anatinus,O. anatinus,No,,1,,,,,,
Oan-Mir-1421-P13a,oan-mir-1421ab-1,MIR-1421,GGAGCUC,MIMAT0007251,MIMAT0007252,NC_041749.1,96860142,96860202,#ERROR!,O. anatinus,O. anatinus,No,,1,,,,,,
Oan-Mir-1421-P13b,oan-mir-1421ab-2,MIR-1421,GGAGCUC,MIMAT0007251,MIMAT0007300,NC_041749.1,96864853,96864913,#ERROR!,O. anatinus,O. anatinus,No,,1,,,,,,
Oan-Mir-1421-P14,None,MIR-1421,GGAGGUC,None,None,NC_041749.1,96862608,96862668,#ERROR!,O. anatinus,O. anatinus,Unknown,1,,,,,,,
Oan-Mir-1421-P15,oan-mir-1421y-2,MIR-1421,GGAGGGC,MIMAT0007244,MIMAT0009172,NC_041749.1,96863738,96863798,#ERROR!,O. anatinus,O. anatinus,No,,1,,,,,,
Oan-Mir-1421-P16,oan-mir-1421aa,MIR-1421,ACAGGUC,MIMAT0007249,MIMAT0007250,NC_041749.1,96866978,96867038,#ERROR!,O. anatinus,O. anatinus,No,,1,,,,,,
Oan-Mir-1421-P17,oan-mir-1421z,MIR-1421,GCAGGUC,MIMAT0007245,MIMAT0007246,NC_041749.1,96868684,96868744,#ERROR!,O. anatinus,O. anatinus,No,,1,1,,,,,
Oan-Mir-1421-P18,oan-mir-1421y-1,MIR-1421,GGAGGGC,MIMAT0007244,None,NC_041749.1,96872639,96872699,#ERROR!,O. anatinus,O. anatinus,Unknown,,1,,,,,,
Oan-Mir-1421-P19,oan-mir-1421x,MIR-1421,GUAGGUC,MIMAT0007242,MIMAT0007243,NC_041749.1,96873176,96873236,#ERROR!,O. anatinus,O. anatinus,No,,,1,,,,,
Oan-Mir-1421-P20,None,MIR-1421,GCAGGUC,None,None,NC_041749.1,96831372,96831433,#ERROR!,O. anatinus,O. anatinus,No,,1,1,,,,,
Oan-Mir-1421-P21,oan-mir-1421v,MIR-1421,ACAGGUU,MIMAT0007236,MIMAT0007237,NC_041749.1,96875181,96875241,#ERROR!,O. anatinus,O. anatinus,Unknown,,1,1,,,,,
Oan-Mir-1421-P22,oan-mir-1421am,MIR-1421,GGAGGUC,MIMAT0007313,None,NC_041749.1,96790662,96790722,#ERROR!,O. anatinus,O. anatinus,Unknown,,1,1,,,,,
Oan-Mir-1421-P23,oan-mir-1421al,MIR-1421,ACAGGUU,MIMAT0007311,MIMAT0007312,NC_041749.1,96791221,96791281,#ERROR!,O. anatinus,O. anatinus,No,,,,,,,,
Oan-Mir-1421-P24,oan-mir-1421u,MIR-1421,GGUGGCC,MIMAT0007088,None,NC_041749.1,96791800,96791860,#ERROR!,O. anatinus,O. anatinus,No,,1,,,,,,
Oan-Mir-1421-P25,oan-mir-1421n-2,MIR-1421,GGUGGUC,MIMAT0007074,MIMAT0009168,NC_041749.1,96794548,96794608,#ERROR!,O. anatinus,O. anatinus,No,,,,,,,,
Oan-Mir-1421-P26,None,MIR-1421,GGAGGUC,None,None,NC_041749.1,96795273,96795333,#ERROR!,O. anatinus,O. anatinus,No,,1,1,,,,,
Oan-Mir-1421-P27,oan-mir-1421t,MIR-1421,ACAGGUU,MIMAT0007086,MIMAT0007087,NC_041749.1,96795832,96795892,#ERROR!,O. anatinus,O. anatinus,Unknown,,1,1,,,,,
Oan-Mir-1421-P28,oan-mir-1421s,MIR-1421,GGUGGUC,MIMAT0007084,MIMAT0007085,NC_041749.1,96796646,96796706,#ERROR!,O. anatinus,O. anatinus,No,,,,,,,,
Oan-Mir-1421-P29a,oan-mir-1421p-2,MIR-1421,GGGGGCC,MIMAT0007078,MIMAT0007079,NC_041749.1,96797344,96797411,#ERROR!,O. anatinus,O. anatinus,No,,1,,,,,,
Oan-Mir-1421-P29b,oan-mir-1421p-1,MIR-1421,GGGGGCC,MIMAT0007078,MIMAT0007079,NC_041749.1,96801390,96801450,#ERROR!,O. anatinus,O. anatinus,No,,1,,,,,,
Oan-Mir-1421-P30,oan-mir-1421ak,MIR-1421,CUGCAUA,MIMAT0007309,MIMAT0007310,NC_041749.1,96798506,96798563,#ERROR!,O. anatinus,O. anatinus,No,,,1,,,,,
Oan-Mir-1421-P31a,oan-mir-1421i-2,MIR-1421,GGAGGCC,MIMAT0006979,MIMAT0009177,NC_041749.1,96802450,96802510,#ERROR!,O. anatinus,O. anatinus,No,,1,,,,,,
Oan-Mir-1421-P31b,oan-mir-1421i-3,MIR-1421,GGAGGCC,MIMAT0006979,MIMAT0009178,NC_041749.1,96799320,96799380,#ERROR!,O. anatinus,O. anatinus,No,,1,,,,,,
Oan-Mir-1421-P31c,oan-mir-1421i-1,MIR-1421,GGAGGCC,MIMAT0006979,MIMAT0006980,NC_041749.1,96816957,96817017,#ERROR!,O. anatinus,O. anatinus,Unknown,,1,,,,,,
Oan-Mir-1421-P32,oan-mir-1421r,MIR-1421,ACAGGUU,MIMAT0007082,MIMAT0007083,NC_041749.1,96799874,96799934,#ERROR!,O. anatinus,O. anatinus,No,,1,1,,,,,
Oan-Mir-1421-P33,oan-mir-1421q,MIR-1421,GGUGGUC,MIMAT0007080,MIMAT0007081,NC_041749.1,96800689,96800749,#ERROR!,O. anatinus,O. anatinus,No,,,,,,,,
Oan-Mir-1421-P34,oan-mir-1421o,MIR-1421,GGUCACA,MIMAT0007076,MIMAT0007077,NC_041749.1,96803000,96803054,#ERROR!,O. anatinus,O. anatinus,No,1,,,,,,,
Oan-Mir-1421-P35,oan-mir-1421g-3,MIR-1421,GGGGGUC,MIMAT0006975,None,NC_041749.1,96803731,96803791,#ERROR!,O. anatinus,O. anatinus,No,,1,1,,,,,
Oan-Mir-1421-P36a,oan-mir-1421k-2,MIR-1421,ACAGGUU,MIMAT0007066,MIMAT0009179,NC_041749.1,96810861,96810921,#ERROR!,O. anatinus,O. anatinus,No,,1,,,,,,
Oan-Mir-1421-P36b,oan-mir-1421k-3,MIR-1421,ACAGGUU,MIMAT0007066,MIMAT0009179,NC_041749.1,96804289,96804349,#ERROR!,O. anatinus,O. anatinus,No,,1,,,,,,
Oan-Mir-1421-P37,oan-mir-1421l-2,MIR-1421,AGUGGUC,MIMAT0007068,MIMAT0009181,NC_041749.1,96805105,96805165,#ERROR!,O. anatinus,O. anatinus,No,,,1,,,,,
Oan-Mir-1421-P38,oan-mir-1421n-1,MIR-1421,GGUGGUC,MIMAT0007074,MIMAT0007075,NC_041749.1,96806411,96806471,#ERROR!,O. anatinus,O. anatinus,No,,,1,,,,,
Oan-Mir-1421-P39,oan-mir-1421m,MIR-1421,GGACGUC,MIMAT0007072,MIMAT0007073,NC_041749.1,96808270,96808331,#ERROR!,O. anatinus,O. anatinus,No,,,,,,,,
Oan-Mir-1421-P40,oan-mir-1421g-2,MIR-1421,GGGGGUC,MIMAT0006975,MIMAT0009176,NC_041749.1,96810304,96810363,#ERROR!,O. anatinus,O. anatinus,No,,1,1,,,,,
Oan-Mir-1421-P41,oan-mir-1421l-1,MIR-1421,AGUGGUC,MIMAT0007068,MIMAT0007069,NC_041749.1,96811675,96811735,#ERROR!,O. anatinus,O. anatinus,No,,,1,,,,,
Oan-Mir-1421-P42,oan-mir-1421k-1,MIR-1421,ACAGGUU,MIMAT0007066,MIMAT0007067,NC_041749.1,96812547,96812607,#ERROR!,O. anatinus,O. anatinus,No,,,1,,,,,
Oan-Mir-1421-P43,oan-mir-1421j,MIR-1421,AGUCACG,MIMAT0006981,MIMAT0026757,NC_041749.1,96816733,96816787,#ERROR!,O. anatinus,O. anatinus,No,,,1,,,,,
Oan-Mir-1421-P44,oan-mir-1421h,MIR-1421,GGUCACC,MIMAT0006977,MIMAT0006978,NC_041749.1,96819518,96819575,#ERROR!,O. anatinus,O. anatinus,No,1,1,1,,,,,
Oan-Mir-1421-P45,oan-mir-1421g-1,MIR-1421,GGGGGUC,MIMAT0006975,MIMAT0006976,NC_041749.1,96820252,96820312,#ERROR!,O. anatinus,O. anatinus,No,,,1,,,,,
Oan-Mir-1421-P46,oan-mir-1421f,MIR-1421,GGAAGUU,MIMAT0006973,MIMAT0006974,NC_041749.1,96821372,96821432,#ERROR!,O. anatinus,O. anatinus,No,,1,,,,,,
Oan-Mir-1421-P47,oan-mir-1421e,MIR-1421,GCGUGGA,MIMAT0006971,MIMAT0006972,NC_041749.1,96822447,96822507,#ERROR!,O. anatinus,O. anatinus,No,1,1,,,,,,
Oan-Mir-1421-P48,oan-mir-1421d,MIR-1421,GGAAGUC,MIMAT0006969,MIMAT0006970,NC_041749.1,96822927,96822987,#ERROR!,O. anatinus,O. anatinus,No,1,1,1,,,,,
Oan-Mir-1421-P49,oan-mir-1421c,MIR-1421,AGGUUAC,MIMAT0006967,MIMAT0006968,NC_041749.1,96823569,96823625,#ERROR!,O. anatinus,O. anatinus,No,,,1,,,,,
Oan-Mir-1421-P50,oan-mir-1421b,MIR-1421,CGAGGUC,MIMAT0006965,MIMAT0006966,NC_041749.1,96824715,96824775,#ERROR!,O. anatinus,O. anatinus,No,,,,,,,,
Oan-Mir-1421-P51,oan-mir-1421a,MIR-1421,AGGUUAC,MIMAT0006963,MIMAT0006964,NC_041749.1,96826285,96826341,#ERROR!,O. anatinus,O. anatinus,No,,,1,,,,,
Oan-Mir-1421-P52a,oan-mir-1421an,MIR-1421,GGAGGCC,MIMAT0028972,MIMAT0028973,NC_041749.1,96833979,96834039,#ERROR!,O. anatinus,O. anatinus,No,,,1,,,,,
Oan-Mir-1421-P52b,None,MIR-1421,GGAGGCC,None,None,NC_041749.1,96827002,96827062,#ERROR!,O. anatinus,O. anatinus,No,,,1,,,,,
Oan-Mir-1421-P53,None,MIR-1421,CGCAUGG,None,None,NC_041749.1,96828984,96829044,#ERROR!,O. anatinus,O. anatinus,No,1,,1,,,,,
Oan-Mir-1421-P54,None,MIR-1421,GGAGGUC,None,None,NC_041749.1,96830817,96830877,#ERROR!,O. anatinus,O. anatinus,No,,,1,,,,,
Oan-Mir-1422-P1,oan-mir-1422a,MIR-1422,GAAAAUC,MIMAT0006879,MIMAT0006880,NC_041749.1,94735825,94735883,-,O. anatinus,O. anatinus,No,,,,,,,,
Oan-Mir-1422-P2,oan-mir-1422e,MIR-1422,AAGUCAU,MIMAT0006881,MIMAT0006882,NC_041749.1,94736816,94736874,-,O. anatinus,O. anatinus,No,,,,,,,,
Oan-Mir-1422-P3,oan-mir-1422q,MIR-1422,AAACUGU,MIMAT0007316,MIMAT0007317,NC_041749.1,94737600,94737660,-,O. anatinus,O. anatinus,Yes,,,,,,,,
Oan-Mir-1422-P4,oan-mir-1422h,MIR-1422,AAAUCGU,MIMAT0006883,MIMAT0006884,NC_041749.1,94738351,94738409,-,O. anatinus,O. anatinus,No,,,,,,,,
Oan-Mir-1422-P5,oan-mir-1422b-1,MIR-1422,GAAAAUC,MIMAT0006885,MIMAT0006886,NC_041749.1,94739031,94739089,-,O. anatinus,O. anatinus,No,,,,,,,,
Oan-Mir-1422-P6,oan-mir-1422f,MIR-1422,AAAAAUG,MIMAT0006887,MIMAT0006888,NC_041749.1,94740235,94740295,-,O. anatinus,O. anatinus,No,1,,,,,,,
Oan-Mir-1422-P7,oan-mir-1422b-2,MIR-1422,GAAAAUC,MIMAT0009175,MIMAT0006886,NC_041749.1,94741858,94741917,-,O. anatinus,O. anatinus,No,1,1,,,,,,
Oan-Mir-1422-P8,oan-mir-1422g,MIR-1422,AAGUCGU,MIMAT0006889,MIMAT0006890,NC_041749.1,94743026,94743086,-,O. anatinus,O. anatinus,No,,,,,,,,
Oan-Mir-1422-P9,oan-mir-1422c,MIR-1422,GAAAACC,MIMAT0006891,MIMAT0006892,NC_041749.1,94746545,94746603,-,O. anatinus,O. anatinus,No,,,,,,,,
Oan-Mir-1422-P10,oan-mir-1422i,MIR-1422,AAACUGC,MIMAT0006893,MIMAT0006894,NC_041749.1,94747570,94747631,-,O. anatinus,O. anatinus,No,,,,,,,,
Oan-Mir-1422-P11,oan-mir-1422k,MIR-1422,AGUCCAG,MIMAT0006895,MIMAT0006896,NC_041749.1,94748332,94748391,-,O. anatinus,O. anatinus,No,1,,,,,,,
Oan-Mir-1422-P12,oan-mir-1422j,MIR-1422,AAACUGC,MIMAT0007092,MIMAT0007093,NC_041749.1,94733107,94733168,-,O. anatinus,O. anatinus,No,,,,,,,,
Oan-Mir-1422-P13,oan-mir-1422d,MIR-1422,GAAAACC,None,MIMAT0007094,NC_041749.1,94731555,94731614,-,O. anatinus,O. anatinus,No,,,,,,,,
Oan-Mir-1422-P14,oan-mir-1422p,MIR-1422,AAAUGGU,MIMAT0007314,MIMAT0007315,NC_041749.1,94758854,94758914,-,O. anatinus,O. anatinus,No,,,,,,,,
Oan-Mir-1422-P15,oan-mir-1422m,MIR-1422,GGAAAAU,MIMAT0007099,MIMAT0007100,NC_041749.1,94759650,94759706,-,O. anatinus,O. anatinus,No,1,,,,,,,
Oan-Mir-1422-P16,oan-mir-1422n,MIR-1422,CAACCCU,MIMAT0007101,MIMAT0007102,NC_041749.1,94762729,94762788,-,O. anatinus,O. anatinus,Yes,,,,,,,,
Oan-Mir-1422-P17,oan-mir-1422o,MIR-1422,ACAAGAC,MIMAT0007103,MIMAT0007104,NC_041749.1,94763638,94763693,-,O. anatinus,O. anatinus,No,1,,,,,,,
Oan-Mir-1422-P18,oan-mir-1422l,MIR-1422,UUCAUUC,MIMAT0006939,None,NC_041749.1,94754440,94754500,-,O. anatinus,O. anatinus,No,,,,,,,,
Oan-Mir-2188,None,MIR-2188,AGGUCCA,None,None,NC_041732.1,40060949,40061008,-,Gnathostomata,Gnathostomata,No,,,,,,,,
Oan-Mir-2970,None,MIR-2970,ACGGUCA,None,None,NC_041749.1,91029185,91029243,-,Sarcopterygii,Sarcopterygii,Unknown,,1,,,,,,
Oan-Mir-7406,oan-mir-7406,MIR-7406,CGGUACC,MIMAT0028954,MIMAT0028955,NC_041744.1,17409907,17409967,-,O. anatinus,O. anatinus,No,,,,,,,,
Oan-Mir-7414,oan-mir-7414,MIR-7414,GGUCUUG,MIMAT0028976,MIMAT0028977,NC_041753.1,4965859,4965913,#ERROR!,O. anatinus,O. anatinus,No,1,,,,,,,
Oan-Mir-7416,oan-mir-7416,MIR-7416,CUAUCUG,MIMAT0028980,MIMAT0028981,NC_041747.1,13397332,13397391,-,O. anatinus,O. anatinus,No,,,1,,,,,
Oan-Mir-7419,oan-mir-7419,MIR-7419,GUUUAGA,MIMAT0028986,MIMAT0028987,NC_041729.1,72876121,72876179,#ERROR!,O. anatinus,O. anatinus,No,,,1,,,,,
Oan-Mir-7422,oan-mir-7422b,MIR-7422,ACCUCUG,MIMAT0029022,MIMAT0029023,NC_041749.1,43019514,43019569,-,O. anatinus,O. anatinus,No,,,,,,,,
Oan-Mir-7423,oan-mir-7423,MIR-7423,GGACAAG,MIMAT0028996,MIMAT0028997,NC_041749.1,38941200,38941259,-,O. anatinus,O. anatinus,No,,,,,,,,
Oan-Mir-7428,oan-mir-7428,MIR-7428,AAAUCAG,MIMAT0029006,MIMAT0029007,NC_041743.1,3932986,3933043,#ERROR!,O. anatinus,O. anatinus,No,,,,,,,,
Oan-Mir-7432,oan-mir-7432,MIR-7432,GGACAGA,MIMAT0029014,MIMAT0029015,NC_041730.1,127851935,127851993,-,O. anatinus,O. anatinus,No,,,,,,,,
Oan-Mir-7433,oan-mir-7433,MIR-7433,UGAUGAU,MIMAT0029016,MIMAT0029017,NC_041728.1,112462938,112462991,-,O. anatinus,O. anatinus,No,1,,,,,,,
Oan-Mir-7435,oan-mir-7435,MIR-7435,GGGAUUU,MIMAT0029024,MIMAT0029025,NC_041749.1,74723731,74723790,-,O. anatinus,O. anatinus,No,,,,,,,,
Oan-Novel-1,None,OAN-NOVEL-1,ACUAAUA,None,None,KAAE-cps63c07,674,739,#ERROR!,O. anatinus,O. anatinus,No,,,1,,,,,
Oan-Novel-2,None,OAN-NOVEL-2,GGGAGAU,None,None,NC_041753.1,43115691,43115749,-,O. anatinus,O. anatinus,No,,,,,,,,
Oan-Novel-3,None,OAN-NOVEL-3,AUCAAGC,None,None,NC_041753.1,38081613,38081670,-,O. anatinus,O. anatinus,No,1,,,,,,,
Oan-Novel-4-P1,None,OAN-NOVEL-4,UUGCCAG,None,None,NC_041749.1,96834326,96834383,#ERROR!,O. anatinus,O. anatinus,No,1,,,,,,,
Oan-Novel-4-P2,None,OAN-NOVEL-4,UUGCCAG,None,None,NC_041749.1,96827349,96827406,#ERROR!,O. anatinus,O. anatinus,No,1,,,,,,,
Oan-Novel-5,None,OAN-NOVEL-5,GGAGCCG,None,None,NC_041728.1,133875511,133875570,-,O. anatinus,O. anatinus,No,1,,,,,,,
Oan-Novel-6,None,OAN-NOVEL-6,AGUAAAG,None,None,NC_041729.1,49166166,49166232,-,O. anatinus,O. anatinus,No,,1,1,,,,,
Oan-Novel-7,None,OAN-NOVEL-7,AUGGACA,None,None,NC_041730.1,89380446,89380505,-,O. anatinus,O. anatinus,No,,,,,,,,
Oan-Novel-8,None,OAN-NOVEL-8,AGGCGCU,None,None,NC_041732.1,100607079,100607139,#ERROR!,O. anatinus,O. anatinus,No,1,,,,,,,
Oan-Novel-9,None,OAN-NOVEL-9,UAUUUUA,None,None,NC_041736.1,21137986,21138042,-,O. anatinus,O. anatinus,No,,,,,,,,
Oan-Novel-10,None,OAN-NOVEL-10,GGUAUUU,None,None,NC_041739.1,57272420,57272476,#ERROR!,O. anatinus,O. anatinus,No,,,,,,,,
Oan-Novel-11,None,OAN-NOVEL-11,CUACCCA,None,None,NC_041742.1,17791886,17791945,#ERROR!,O. anatinus,O. anatinus,No,,,,,,,,
Oan-Novel-12,None,OAN-NOVEL-12,GGGAACA,None,None,NC_041743.1,40940749,40940804,#ERROR!,O. anatinus,O. anatinus,No,,,,,,,,
Oan-Novel-13,None,OAN-NOVEL-13,ACGGGAG,None,None,NC_041744.1,18125229,18125291,#ERROR!,O. anatinus,O. anatinus,No,,,,,,,,