MirGeneDB ID â–²,MiRBase ID,Family,Seed,5p accession,3p accession,Chromosome,Start,End,Strand,Node of origin (locus),Node of origin (family),3' NTU,UG,UGUG,CNNC,He,Ki,Te,To,Wh
Ocu-Let-7-P1b,None,LET-7,GAGGUAG,None,None,None,None,None,None,Gnathostomata,Bilateria,No,,,,,,,,
Ocu-Let-7-P1c,ocu-let-7c,LET-7,GAGGUAG,MIMAT0048080,MIMAT0048081,chr14,144548251,144548317,#ERROR!,Gnathostomata,Bilateria,No,,,1,,,,,
Ocu-Let-7-P1d,ocu-let-7a-2,LET-7,GAGGUAG,MIMAT0048075,MIMAT0048077,chr1,95875282,95875348,#ERROR!,Gnathostomata,Bilateria,No,,,1,,,,,
Ocu-Let-7-P2a1,ocu-let-7a-1,LET-7,GAGGUAG,MIMAT0048075,MIMAT0048076,chr1,71563893,71563964,#ERROR!,Gnathostomata,Bilateria,Yes,,,,,,,,
Ocu-Let-7-P2a2,ocu-let-7a-3,LET-7,GAGGUAG,MIMAT0048075,MIMAT0048076,chrUn0230,73632,73700,#ERROR!,Gnathostomata,Bilateria,Yes,,,1,,,,,
Ocu-Let-7-P2a3,ocu-let-7f-2,LET-7,GAGGUAG,MIMAT0048084,MIMAT0048086,chrX,35040026,35040096,-,Gnathostomata,Bilateria,Yes,,,,,,,,
Ocu-Let-7-P2b1,ocu-let-7f-1,LET-7,GAGGUAG,MIMAT0048084,MIMAT0048085,chr1,71564253,71564329,#ERROR!,Gnathostomata,Bilateria,Yes,,1,1,,,,,
Ocu-Let-7-P2b2,ocu-let-7b,LET-7,GAGGUAG,MIMAT0048078,MIMAT0048079,chrUn0230,74189,74263,#ERROR!,Gnathostomata,Bilateria,Yes,,,,,,,,
Ocu-Let-7-P2b3,ocu-mir-98,LET-7,GAGGUAG,MIMAT0048180,MIMAT0048181,chrX,35039089,35039167,-,Gnathostomata,Bilateria,Yes,1,1,,,,,,
Ocu-Let-7-P2c1,ocu-let-7d,LET-7,GAGGUAG,MIMAT0048082,MIMAT0048083,chr1,71566522,71566596,#ERROR!,Gnathostomata,Bilateria,Yes,,,1,,,,,
Ocu-Let-7-P2c2,ocu-let-7i,LET-7,GAGGUAG,MIMAT0048089,MIMAT0048090,chr4,41563454,41563530,#ERROR!,Gnathostomata,Bilateria,Yes,,,1,,,,,
Ocu-Let-7-P2c3,ocu-let-7g,LET-7,GAGGUAG,MIMAT0048087,MIMAT0048088,chr9,19340307,19340384,-,Gnathostomata,Bilateria,Yes,,,1,,,,,
Ocu-Mir-1-P1,ocu-mir-1-2,MIR-1,GGAAUGU,MIMAT0048091,MIMAT0048092,chr9,63183544,63183604,-,Gnathostomata,Bilateria,No,,,,,,,,
Ocu-Mir-1-P2,ocu-mir-206,MIR-1,GGAAUGU,MIMAT0048327,MIMAT0048328,chr12,41638561,41638620,#ERROR!,Gnathostomata,Bilateria,No,1,,1,,,,,
Ocu-Mir-1-P3,None,MIR-1,GGAAUGU,None,None,1985387934,431,491,#ERROR!,Gnathostomata,Bilateria,No,,,,,,,,
Ocu-Mir-7-P1,None,MIR-7,GGAAGAC,None,None,1995007670,164,225,-,Gnathostomata,Bilateria,Unknown,,,,,,,,
Ocu-Mir-7-P2,ocu-mir-7a,MIR-7,GGAAGAC,MIMAT0048093,MIMAT0048094,chrUn0030,1064317,1064380,-,Gnathostomata,Bilateria,No,,,1,,,,,
Ocu-Mir-7-P4,None,MIR-7,GGAAGAC,None,None,2034071532,552,611,#ERROR!,Gnathostomata,Bilateria,No,,,1,,,,,
Ocu-Mir-8-P1a,None,MIR-8,AAUACUG,None,None,639058788,140,198,#ERROR!,Vertebrata,Bilateria,No,,,1,,,,,
Ocu-Mir-8-P1b,ocu-mir-200c,MIR-8,AAUACUG,MIMAT0048321,MIMAT0048322,chr8,32966987,32967049,#ERROR!,Vertebrata,Bilateria,No,1,1,1,,,,,
Ocu-Mir-8-P2a,None,MIR-8,AACACUG,None,None,639058788,590,649,#ERROR!,Vertebrata,Bilateria,No,,,1,,,,,
Ocu-Mir-8-P2b,ocu-mir-141,MIR-8,AACACUG,MIMAT0048243,MIMAT0048244,chr8,32967353,32967417,#ERROR!,Vertebrata,Bilateria,No,,,1,,,,,
Ocu-Mir-8-P3a,None,MIR-8,AAUACUG,None,None,2049010754,508,565,-,Vertebrata,Bilateria,No,,,1,,,,,
Ocu-Mir-9-P1,None,MIR-9,CUUUGGU,None,None,1937863118,362,423,-,Gnathostomata,Bilateria,No,,1,1,,,,,
Ocu-Mir-9-P2,ocu-mir-9-2,MIR-9,CUUUGGU,MIMAT0048095,MIMAT0048096,chr11,8577704,8577763,-,Gnathostomata,Bilateria,No,,1,1,,,,,
Ocu-Mir-9-P3,ocu-mir-9-1,MIR-9,CUUUGGU,MIMAT0048095,MIMAT0048096,chr13,36488233,36488294,#ERROR!,Gnathostomata,Bilateria,No,,1,1,,,,,
Ocu-Mir-10-P1b-v1,ocu-mir-10b,MIR-10,ACCCUGU,MIMAT0048099,MIMAT0048100,chr7,115709575,115709636,#ERROR!,Gnathostomata,Eumetazoa,No,,1,1,,,,,
Ocu-Mir-10-P1b-v2,ocu-mir-10b,MIR-10,CCCUGUA,MIMAT0048099,MIMAT0048100,chr7,115709576,115709635,#ERROR!,Gnathostomata,Eumetazoa,No,,,,,,,,
Ocu-Mir-10-P1c-v1,ocu-mir-10a,MIR-10,ACCCUGU,MIMAT0048097,MIMAT0048098,chr19,38782599,38782661,#ERROR!,Gnathostomata,Eumetazoa,No,,,1,,,,,
Ocu-Mir-10-P1c-v2,ocu-mir-10a,MIR-10,CCCUGUA,MIMAT0048097,MIMAT0048098,chr19,38782600,38782660,#ERROR!,Gnathostomata,Eumetazoa,No,1,,,,,,,
Ocu-Mir-10-P2b,None,MIR-10,ACCCGUA,None,None,JABWOR010003582.1,81529,81588,#ERROR!,Gnathostomata,Eumetazoa,Yes,1,,,,,,,
Ocu-Mir-10-P2c,ocu-mir-99a,MIR-10,ACCCGUA,MIMAT0048182,MIMAT0048183,chr14,144547521,144547579,#ERROR!,Gnathostomata,Eumetazoa,Yes,1,1,,,,,,
Ocu-Mir-10-P2d,ocu-mir-100,MIR-10,ACCCGUA,MIMAT0048184,MIMAT0048185,chr1,95869540,95869596,#ERROR!,Gnathostomata,Eumetazoa,No,,1,,,,,,
Ocu-Mir-10-P3b,None,MIR-10,CCCUGAG,None,None,JABWOR010003582.1,82042,82101,#ERROR!,Gnathostomata,Eumetazoa,No,1,,1,,,,,
Ocu-Mir-10-P3c,ocu-mir-125b-2,MIR-10,CCCUGAG,MIMAT0048205,MIMAT0048207,chr14,144598484,144598544,#ERROR!,Gnathostomata,Eumetazoa,No,,,1,,,,,
Ocu-Mir-10-P3d,ocu-mir-125b-1,MIR-10,CCCUGAG,MIMAT0048205,MIMAT0048206,chr1,95926707,95926768,#ERROR!,Gnathostomata,Eumetazoa,No,1,1,1,,,,,
Ocu-Mir-15-P1a,ocu-mir-15a,MIR-15,AGCAGCA,MIMAT0048101,MIMAT0048102,chrUn0007,3665136,3665194,-,Gnathostomata,Olfactores,Unknown,,,,,,,,
Ocu-Mir-15-P1b,ocu-mir-15b,MIR-15,AGCAGCA,MIMAT0048103,MIMAT0048104,chr14,54807846,54807905,#ERROR!,Gnathostomata,Olfactores,No,,,,,,,,
Ocu-Mir-15-P1c,ocu-mir-424,MIR-15,AGCAGCA,MIMAT0048443,MIMAT0048444,chrX,108856105,108856163,-,Gnathostomata,Olfactores,No,,1,,,,,,
Ocu-Mir-15-P1d,ocu-mir-497,MIR-15,AGCAGCA,MIMAT0048487,MIMAT0048488,chr19,12026199,12026260,#ERROR!,Gnathostomata,Olfactores,Unknown,,,1,,,,,
Ocu-Mir-15-P2a,ocu-mir-16a,MIR-15,AGCAGCA,MIMAT0048105,MIMAT0048106,chrUn0007,3664988,3665052,-,Gnathostomata,Olfactores,No,1,,1,,,,,
Ocu-Mir-15-P2b,ocu-mir-16b,MIR-15,AGCAGCA,MIMAT0048107,MIMAT0048108,chr14,54807993,54808057,#ERROR!,Gnathostomata,Olfactores,No,,,1,,,,,
Ocu-Mir-15-P2c,ocu-mir-503,MIR-15,AGCAGCG,MIMAT0048499,MIMAT0048500,chrX,108855773,108855835,-,Gnathostomata,Olfactores,No,,,1,,,,,
Ocu-Mir-15-P2d,ocu-mir-195,MIR-15,AGCAGCA,MIMAT0048309,MIMAT0048310,chr19,12026542,12026602,#ERROR!,Gnathostomata,Olfactores,No,,,1,,,,,
Ocu-Mir-17-P1a,ocu-mir-17,MIR-17,AAAGUGC,MIMAT0048109,MIMAT0048110,chr8,93067701,93067760,#ERROR!,Gnathostomata,Vertebrata,No,,,1,,,,,
Ocu-Mir-17-P1c,ocu-mir-106a,MIR-17,AAAGUGC,MIMAT0048195,MIMAT0048196,chrX,108519035,108519093,-,Gnathostomata,Vertebrata,No,,,,,,,,
Ocu-Mir-17-P1d,ocu-mir-106b,MIR-17,AAAGUGC,MIMAT0048197,MIMAT0048198,chrUn0062,102749,102810,#ERROR!,Gnathostomata,Vertebrata,No,,1,1,,,,,
Ocu-Mir-17-P2a,ocu-mir-18a,MIR-17,AAGGUGC,MIMAT0048111,MIMAT0048112,chr8,93067839,93067903,#ERROR!,Gnathostomata,Vertebrata,No,,,1,,,,,
Ocu-Mir-17-P2c,ocu-mir-18b,MIR-17,AAGGUGC,MIMAT0048113,MIMAT0048114,chrX,108518869,108518933,-,Gnathostomata,Vertebrata,Unknown,,,,,,,,
Ocu-Mir-17-P4a,ocu-mir-20a,MIR-17,AAAGUGC,MIMAT0048120,MIMAT0048121,chr8,93068174,93068232,#ERROR!,Gnathostomata,Vertebrata,No,,1,1,,,,,
Ocu-Mir-17-P4c,ocu-mir-20b,MIR-17,AAAGUGC,MIMAT0048122,MIMAT0048123,chrX,108518632,108518692,-,Gnathostomata,Vertebrata,No,1,,1,,,,,
Ocu-Mir-17-P4d,ocu-mir-93,MIR-17,AAAGUGC,MIMAT0048176,MIMAT0048177,chrUn0062,102971,103032,#ERROR!,Gnathostomata,Vertebrata,No,,1,1,,,,,
Ocu-Mir-19-P1a,ocu-mir-19a,MIR-19,GUGCAAA,MIMAT0048115,MIMAT0048116,chr8,93067987,93068044,#ERROR!,Gnathostomata,Vertebrata,No,1,,1,,,,,
Ocu-Mir-19-P2a,ocu-mir-19b-1,MIR-19,GUGCAAA,MIMAT0048117,MIMAT0048118,chr8,93068307,93068367,#ERROR!,Gnathostomata,Vertebrata,No,,1,,,,,,
Ocu-Mir-19-P2c,ocu-mir-19b-2,MIR-19,GUGCAAA,MIMAT0048119,MIMAT0048118,chrX,108518503,108518568,-,Gnathostomata,Vertebrata,No,1,,,,,,,
Ocu-Mir-21,ocu-mir-21,MIR-21,AGCUUAU,MIMAT0048124,MIMAT0048125,chr19,28514190,28514249,-,Vertebrata,Vertebrata,No,,,,,,,,
Ocu-Mir-22-P1b,ocu-mir-22,MIR-22,AGCUGCC,MIMAT0048126,MIMAT0048127,chr19,16435658,16435717,#ERROR!,Vertebrata,Bilateria,No,,1,1,,,,,
Ocu-Mir-23-P2,ocu-mir-23b,MIR-23,UCACAUU,MIMAT0048128,MIMAT0048129,chr1,74102158,74102217,#ERROR!,Gnathostomata,Vertebrata,No,1,1,1,,,,,
Ocu-Mir-23-P3,None,MIR-23,UCACAUU,None,None,VIYN01006261.1,192406,192464,-,Gnathostomata,Vertebrata,No,1,,1,,,,,
Ocu-Mir-24-P2,ocu-mir-24-1,MIR-24,GGCUCAG,MIMAT0048130,MIMAT0048131,chr1,74102787,74102846,#ERROR!,Gnathostomata,Vertebrata,Yes,,,,,,,,
Ocu-Mir-24-P3,ocu-mir-24-2,MIR-24,GGCUCAG,MIMAT0048132,MIMAT0048131,chrUn0990,23718,23778,#ERROR!,Gnathostomata,Vertebrata,Yes,,,,,,,,
Ocu-Mir-26-P1,None,MIR-26,UCAAGUA,None,None,Ocu-Mir-26-P3_pre_CM023785.1:1955415-1955555,41,101,-,Gnathostomata,Vertebrata,No,,1,1,,,,,
Ocu-Mir-26-P2,ocu-mir-26b,MIR-26,UCAAGUA,MIMAT0048137,MIMAT0048138,chr7,159720534,159720590,#ERROR!,Gnathostomata,Vertebrata,No,1,1,1,,,,,
Ocu-Mir-26-P4,ocu-mir-26a,MIR-26,UCAAGUA,MIMAT0048135,MIMAT0048136,chrUn0016,918076,918135,-,Gnathostomata,Vertebrata,No,,,1,,,,,
Ocu-Mir-27-P2,ocu-mir-27b,MIR-27,UCACAGU,MIMAT0048139,MIMAT0048140,chr1,74102379,74102441,#ERROR!,Gnathostomata,Vertebrata,No,,1,,,,,,
Ocu-Mir-27-P3,None,MIR-27,UCACAGU,None,None,VIYN01006261.1,192288,192349,-,Gnathostomata,Vertebrata,No,,,1,,,,,
Ocu-Mir-28-P1,ocu-mir-28,MIR-28,ACUAGAU,MIMAT0048141,MIMAT0048142,chr14,84299170,84299231,#ERROR!,Eutheria,Eutheria,No,1,,1,,,,,
Ocu-Mir-28-P2,ocu-mir-151,MIR-28,CGAGGAG,MIMAT0048265,MIMAT0048266,chrUn0252,213334,213390,#ERROR!,Eutheria,Eutheria,No,,1,1,,,,,
Ocu-Mir-28-P3,ocu-mir-708,MIR-28,AACUAGA,MIMAT0048561,MIMAT0048562,chr1,137399785,137399853,#ERROR!,Eutheria,Eutheria,No,1,,,,,,,
Ocu-Mir-29-P1b-v1,ocu-mir-29b-1,MIR-29,AGCACCA,MIMAT0048145,MIMAT0048146,chr7,9515809,9515872,-,Gnathostomata,Bilateria,No,,,,,,,,
Ocu-Mir-29-P1b-v2,ocu-mir-29b-1,MIR-29,UAGCACC,MIMAT0048145,MIMAT0048146,chr7,9515810,9515871,-,Gnathostomata,Bilateria,No,,,,,,,,
Ocu-Mir-29-P1d-v1,ocu-mir-29b-2,MIR-29,AGCACCA,MIMAT0048147,MIMAT0048146,chr16,64849791,64849855,#ERROR!,Gnathostomata,Bilateria,No,,,1,,,,,
Ocu-Mir-29-P1d-v2,ocu-mir-29b-2,MIR-29,UAGCACC,MIMAT0048147,MIMAT0048146,chr16,64849792,64849854,#ERROR!,Gnathostomata,Bilateria,No,,,1,,,,,
Ocu-Mir-29-P2b,ocu-mir-29a,MIR-29,AGCACCA,MIMAT0048143,MIMAT0048144,chr7,9515490,9515549,-,Gnathostomata,Bilateria,No,,,1,,,,,
Ocu-Mir-29-P2d,ocu-mir-29c,MIR-29,AGCACCA,MIMAT0048148,MIMAT0048149,chr16,64850350,64850407,#ERROR!,Gnathostomata,Bilateria,No,,,1,,,,,
Ocu-Mir-30-P1a,ocu-mir-30d,MIR-30,GUAAACA,MIMAT0048157,MIMAT0048158,chr3,150424946,150425005,-,Gnathostomata,Vertebrata,No,,,1,,,,,
Ocu-Mir-30-P1b,ocu-mir-30a,MIR-30,GUAAACA,MIMAT0048150,MIMAT0048151,chr12,58159842,58159903,-,Gnathostomata,Vertebrata,No,1,1,1,,,,,
Ocu-Mir-30-P1d,ocu-mir-30e,MIR-30,GUAAACA,MIMAT0048159,MIMAT0048160,chr13,125818449,125818512,-,Gnathostomata,Vertebrata,No,,,1,,,,,
Ocu-Mir-30-P2a,ocu-mir-30b,MIR-30,GUAAACA,MIMAT0048152,MIMAT0048153,chr3,150418853,150418912,-,Gnathostomata,Vertebrata,No,,,1,,,,,
Ocu-Mir-30-P2b,ocu-mir-30c-2,MIR-30,GUAAACA,MIMAT0048154,MIMAT0048156,chr12,58129088,58129149,-,Gnathostomata,Vertebrata,No,1,1,1,,,,,
Ocu-Mir-30-P2d,ocu-mir-30c-1,MIR-30,GUAAACA,MIMAT0048154,MIMAT0048155,chr13,125814890,125814950,-,Gnathostomata,Vertebrata,No,,1,1,,,,,
Ocu-Mir-31,ocu-mir-31,MIR-31,GGCAAGA,MIMAT0048161,MIMAT0048162,chr1,32242014,32242072,#ERROR!,Bilateria,Bilateria,No,1,,1,,,,,
Ocu-Mir-32,ocu-mir-32,MIR-32,AUUGCAC,MIMAT0048163,MIMAT0048164,chr1,4122967,4123028,#ERROR!,Gnathostomata,Gnathostomata,No,1,1,,,,,,
Ocu-Mir-33-P1,None,MIR-33,UGCAUUG,None,None,1944924069,423,481,-,Gnathostomata,Bilateria,No,,1,1,,,,,
Ocu-Mir-33-P3,ocu-mir-33a,MIR-33,UGCAUUG,MIMAT0048165,MIMAT0048166,chrUn0036,661092,661151,-,Gnathostomata,Bilateria,No,,1,1,,,,,
Ocu-Mir-34-P1,ocu-mir-34a,MIR-34,GGCAGUG,MIMAT0048167,MIMAT0048168,chr13,140941487,140941552,#ERROR!,Gnathostomata,Bilateria,No,1,1,,,,,,
Ocu-Mir-34-P2a,ocu-mir-34b,MIR-34,GGCAGUG,MIMAT0048169,MIMAT0048170,chr1,104894570,104894628,-,Gnathostomata,Bilateria,No,,,1,,,,,
Ocu-Mir-34-P2b,ocu-mir-34c,MIR-34,GGCAGUG,MIMAT0048171,MIMAT0048172,chr1,104894060,104894114,-,Gnathostomata,Bilateria,No,1,,,,,,,
Ocu-Mir-34-P3a,None,MIR-34,GGCAGUG,None,None,chr11,71143078,71143138,-,Gnathostomata,Bilateria,Unknown,1,,1,,,,,
Ocu-Mir-34-P3b,ocu-mir-449b,MIR-34,GGCAGUG,MIMAT0048455,MIMAT0048456,chr11,71142387,71142447,-,Gnathostomata,Bilateria,Unknown,,,,,,,,
Ocu-Mir-34-P3c,ocu-mir-449a,MIR-34,GGCAGUG,MIMAT0048453,MIMAT0048454,chr11,71142265,71142326,-,Gnathostomata,Bilateria,No,,,,,,,,
Ocu-Mir-92-P1a,ocu-mir-92a-1,MIR-92,AUUGCAC,MIMAT0048173,MIMAT0048174,chr8,93068424,93068482,#ERROR!,Gnathostomata,Bilateria,No,,1,,,,,,
Ocu-Mir-92-P1c,ocu-mir-92a-2,MIR-92,AUUGCAC,MIMAT0048175,MIMAT0048174,chrX,108518367,108518428,-,Gnathostomata,Bilateria,No,,1,,,,,,
Ocu-Mir-92-P1d,None,MIR-92,AUUGCAC,None,None,1935211406,269,332,#ERROR!,Gnathostomata,Bilateria,No,,,,,,,,
Ocu-Mir-92-P2a,ocu-mir-367,MIR-92,AUUGCAC,MIMAT0036324,MIMAT0036325,chr15,36770238,36770297,#ERROR!,Gnathostomata,Bilateria,Unknown,,,,,,,,
Ocu-Mir-92-P2c,ocu-mir-363,MIR-92,AUUGCAC,MIMAT0048397,MIMAT0048398,chrX,108518210,108518274,-,Gnathostomata,Bilateria,No,1,,,,,,,
Ocu-Mir-92-P2d,ocu-mir-25,MIR-92,AUUGCAC,MIMAT0048133,MIMAT0048134,chrUn0062,103178,103237,#ERROR!,Gnathostomata,Bilateria,No,1,,1,,,,,
Ocu-Mir-95-P2,ocu-mir-421,MIR-95,UCAACAG,MIMAT0048439,MIMAT0048440,chrUn0059,1593435,1593491,#ERROR!,Eutheria,Eutheria,Yes,1,,,,,,,
Ocu-Mir-95-P3-v1,ocu-mir-545,MIR-95,UCAGUAA,MIMAT0048527,MIMAT0048528,chrUn0059,1527804,1527864,#ERROR!,Eutheria,Eutheria,No,,,1,,,,,
Ocu-Mir-95-P3-v2,ocu-mir-545,MIR-95,UCAACAA,MIMAT0048527,MIMAT0048528,chrUn0059,1527805,1527863,#ERROR!,Eutheria,Eutheria,No,,,1,,,,,
Ocu-Mir-95-P4,ocu-mir-1264,MIR-95,AAGUCUU,MIMAT0048589,MIMAT0048590,chrX,63088620,63088682,#ERROR!,Eutheria,Eutheria,No,,,,,,,,
Ocu-Mir-96-P1,ocu-mir-96,MIR-96,UUGGCAC,MIMAT0048178,MIMAT0048179,chr7,14827059,14827122,#ERROR!,Bilateria,Bilateria,No,,1,1,,,,,
Ocu-Mir-96-P2,ocu-mir-182,MIR-96,UUGGCAA,MIMAT0048285,MIMAT0048286,chr7,14830047,14830110,#ERROR!,Bilateria,Bilateria,No,1,,1,,,,,
Ocu-Mir-96-P3-v1,ocu-mir-183,MIR-96,AUGGCAC,MIMAT0048287,MIMAT0048288,chr7,14826894,14826955,#ERROR!,Bilateria,Bilateria,No,,1,1,,,,,
Ocu-Mir-96-P3-v2,ocu-mir-183,MIR-96,UGGCACU,MIMAT0048287,MIMAT0048288,chr7,14826895,14826954,#ERROR!,Bilateria,Bilateria,Unknown,,,1,,,,,
Ocu-Mir-101-P1-v1,ocu-mir-101-1,MIR-101,ACAGUAC,MIMAT0048186,MIMAT0048187,chr13,101340538,101340596,#ERROR!,Vertebrata,Vertebrata,No,,1,1,,,,,
Ocu-Mir-101-P1-v2,ocu-mir-101-1,MIR-101,UACAGUA,MIMAT0048186,MIMAT0048187,chr13,101340539,101340595,#ERROR!,Vertebrata,Vertebrata,No,,,1,,,,,
Ocu-Mir-101-P2-v1,ocu-mir-101-2,MIR-101,ACAGUAC,MIMAT0048188,MIMAT0048187,chr1,49384671,49384729,-,Vertebrata,Vertebrata,No,1,,,,,,,
Ocu-Mir-101-P2-v2,ocu-mir-101-2,MIR-101,UACAGUA,MIMAT0048188,MIMAT0048187,chr1,49384672,49384728,-,Vertebrata,Vertebrata,No,,,,,,,,
Ocu-Mir-103-P1,ocu-mir-107,MIR-103,GCAGCAU,MIMAT0048199,MIMAT0048200,chr18,37563532,37563591,-,Gnathostomata,Deuterostomia,No,,,1,,,,,
Ocu-Mir-103-P2,ocu-mir-103a-2,MIR-103,GCAGCAU,MIMAT0048191,MIMAT0048190,chr4,10776359,10776418,#ERROR!,Gnathostomata,Deuterostomia,No,,,,,,,,
Ocu-Mir-103-P4,ocu-mir-103a-1,MIR-103,GCAGCAU,MIMAT0048189,MIMAT0048190,chr3,49920405,49920464,-,Gnathostomata,Deuterostomia,No,,,1,,,,,
Ocu-Mir-105-P1,ocu-mir-105a-2,MIR-105,CAAAUGC,MIMAT0048192,MIMAT0048194,chrUn0033,388180,388238,#ERROR!,Eutheria,Eutheria,No,1,,1,,,,,
Ocu-Mir-105-P2,ocu-mir-105a-1,MIR-105,CAAAUGC,MIMAT0048192,MIMAT0048193,chrUn0033,390331,390389,#ERROR!,Eutheria,Eutheria,No,,,1,,,,,
Ocu-Mir-122,ocu-mir-122,MIR-122,GGAGUGU,MIMAT0048201,MIMAT0048202,chr9,98912055,98912112,#ERROR!,Vertebrata,Vertebrata,No,,1,1,,,,,
Ocu-Mir-124-P1-v1,ocu-mir-124-2,MIR-124,AAGGCAC,MIMAT0048203,MIMAT0048204,chr3,80281790,80281848,#ERROR!,Gnathostomata,Bilateria,No,,,1,,,,,
Ocu-Mir-124-P1-v2,ocu-mir-124-2,MIR-124,UAAGGCA,MIMAT0048203,MIMAT0048204,chr3,80281790,80281847,#ERROR!,Gnathostomata,Bilateria,No,,,1,,,,,
Ocu-Mir-124-P2-v1,ocu-mir-124-1,MIR-124,AAGGCAC,MIMAT0048203,MIMAT0048204,chr2,40110277,40110337,#ERROR!,Gnathostomata,Bilateria,No,,,1,,,,,
Ocu-Mir-124-P2-v2,ocu-mir-124-1,MIR-124,UAAGGCA,MIMAT0048203,MIMAT0048204,chr2,40110277,40110336,#ERROR!,Gnathostomata,Bilateria,No,,,,,,,,
Ocu-Mir-124-P3-v1,None,MIR-124,AAGGCAC,None,None,638693847,42,101,-,Gnathostomata,Bilateria,No,,,1,,,,,
Ocu-Mir-124-P3-v2,None,MIR-124,UAAGGCA,None,None,638693847,43,101,-,Gnathostomata,Bilateria,No,,,1,,,,,
Ocu-Mir-126-P2-v1,None,MIR-126,CGUACCG,None,None,638401207_G757P633257FG9_corrected,48,106,#ERROR!,Vertebrata,Olfactores,No,,1,1,,,,,
Ocu-Mir-126-P2-v2,None,MIR-126,AUUAUUA,None,None,638401207_G757P633257FG9_corrected,48,106,#ERROR!,Vertebrata,Olfactores,No,,,1,,,,,
Ocu-Mir-126-P2-v3,None,MIR-126,UCGUACC,None,None,638401207_G757P633257FG9_corrected,48,106,#ERROR!,Vertebrata,Olfactores,No,,1,1,,,,,
Ocu-Mir-127,ocu-mir-127,MIR-127,CGGAUCC,MIMAT0048208,MIMAT0048209,chrUn0352,7903,7958,#ERROR!,Eutheria,Eutheria,No,,,1,,,,,
Ocu-Mir-128-P1,ocu-mir-128b,MIR-128,CACAGUG,MIMAT0048212,MIMAT0048213,chr14,22637299,22637356,#ERROR!,Gnathostomata,Vertebrata,No,1,1,1,,,,,
Ocu-Mir-128-P2,ocu-mir-128a,MIR-128,CACAGUG,MIMAT0048210,MIMAT0048211,chr7,72954506,72954561,#ERROR!,Gnathostomata,Vertebrata,No,1,,1,,,,,
Ocu-Mir-129-P1,ocu-mir-129-2,MIR-129,UUUUUGC,MIMAT0048214,MIMAT0048216,chr1,183233898,183233961,#ERROR!,Gnathostomata,Chordata,No,1,1,1,,,,,
Ocu-Mir-129-P2,ocu-mir-129-1,MIR-129,UUUUUGC,MIMAT0048214,MIMAT0048215,chr7,16127062,16127127,-,Gnathostomata,Chordata,No,,1,1,,,,,
Ocu-Mir-130-P1c,ocu-mir-130a,MIR-130,AGUGCAA,MIMAT0048217,MIMAT0048218,chr1,190714203,190714264,#ERROR!,Gnathostomata,Vertebrata,Yes,1,,1,,,,,
Ocu-Mir-130-P2a,ocu-mir-301b,MIR-130,AGUGCAA,MIMAT0048366,MIMAT0048367,chr21,5522622,5522681,#ERROR!,Gnathostomata,Vertebrata,No,1,1,,,,,,
Ocu-Mir-130-P2b,ocu-mir-301a,MIR-130,AGUGCAA,MIMAT0048364,MIMAT0048365,chr19,29153384,29153445,#ERROR!,Gnathostomata,Vertebrata,No,,,1,,,,,
Ocu-Mir-130-P4a,ocu-mir-130b,MIR-130,AGUGCAA,MIMAT0048219,MIMAT0048220,chr21,5522961,5523020,#ERROR!,Gnathostomata,Vertebrata,No,,1,1,,,,,
Ocu-Mir-132-P1,None,MIR-132,CCAUGGC,None,None,1964940977,210,268,-,Vertebrata,Vertebrata,Unknown,,,,,,,,
Ocu-Mir-132-P2,ocu-mir-212,MIR-132,CCUUGGC,MIMAT0048335,MIMAT0048336,chr19,16131718,16131779,#ERROR!,Vertebrata,Vertebrata,No,,,1,,,,,
Ocu-Mir-133-P1-v1,ocu-mir-133a,MIR-133,UUGGUCC,MIMAT0048221,MIMAT0048222,chr9,63180526,63180585,-,Gnathostomata,Bilateria,No,,,1,,,,,
Ocu-Mir-133-P1-v2,ocu-mir-133a,MIR-133,UGGUCCC,MIMAT0048221,MIMAT0048222,chr9,63180526,63180585,-,Gnathostomata,Bilateria,No,,,1,,,,,
Ocu-Mir-133-P2-v1,ocu-mir-133b,MIR-133,UUGGUCC,MIMAT0048223,MIMAT0048224,chr12,41642532,41642590,#ERROR!,Gnathostomata,Bilateria,No,,,,,,,,
Ocu-Mir-133-P2-v2,ocu-mir-133b,MIR-133,UGGUCCC,MIMAT0048223,MIMAT0048224,chr12,41642532,41642590,#ERROR!,Gnathostomata,Bilateria,No,,,,,,,,
Ocu-Mir-134,ocu-mir-134,MIR-134,GUGACUG,MIMAT0048225,MIMAT0048226,chrUn0352,143048,143107,#ERROR!,Eutheria,Eutheria,No,,1,1,,,,,
Ocu-Mir-135-P1,ocu-mir-135a-1,MIR-135,AUGGCUU,MIMAT0048227,MIMAT0048228,chr9,19378424,19378483,-,Gnathostomata,Chordata,No,,,1,,,,,
Ocu-Mir-135-P2,ocu-mir-135a-2,MIR-135,AUGGCUU,MIMAT0048227,MIMAT0048229,chr4,76791386,76791445,#ERROR!,Gnathostomata,Chordata,No,,,1,,,,,
Ocu-Mir-135-P4,ocu-mir-135b,MIR-135,AUGGCUU,MIMAT0048230,MIMAT0048231,chr16,66692191,66692251,#ERROR!,Gnathostomata,Chordata,No,,,1,,,,,
Ocu-Mir-136-v1,ocu-mir-136,MIR-136,AUCAUCG,MIMAT0048232,MIMAT0048233,chrUn0352,10072,10127,#ERROR!,Eutheria,Eutheria,No,1,,,,,,,
Ocu-Mir-136-v2,ocu-mir-136,MIR-136,UCAUCGU,MIMAT0048232,MIMAT0048233,chrUn0352,10072,10127,#ERROR!,Eutheria,Eutheria,No,1,,,,,,,
Ocu-Mir-137-P1-v1,ocu-mir-137,MIR-137,UAUUGCU,MIMAT0048234,MIMAT0048235,chr13,66300905,66300963,#ERROR!,Gnathostomata,Bilateria,No,,,1,,,,,
Ocu-Mir-137-P1-v2,ocu-mir-137,MIR-137,AUUGCUU,MIMAT0048234,MIMAT0048235,chr13,66300904,66300964,#ERROR!,Gnathostomata,Bilateria,No,1,,1,,,,,
Ocu-Mir-138-P1,ocu-mir-138-1,MIR-138,GCUGGUG,MIMAT0048236,MIMAT0048237,chr9,448099,448159,-,Vertebrata,Vertebrata,No,,,1,,,,,
Ocu-Mir-138-P2,ocu-mir-138-2,MIR-138,GCUGGUG,MIMAT0048236,MIMAT0048238,chr5,13100646,13100713,#ERROR!,Vertebrata,Vertebrata,No,,,1,,,,,
Ocu-Mir-139,ocu-mir-139,MIR-139,CUACAGU,MIMAT0048239,MIMAT0048240,chr1,143799359,143799417,#ERROR!,Gnathostomata,Gnathostomata,No,,1,,,,,,
Ocu-Mir-140-P1-v1,ocu-mir-140,MIR-140,CCACAGG,MIMAT0048241,MIMAT0048242,chr5,25337165,25337226,#ERROR!,Gnathostomata,Vertebrata,No,,,1,,,,,
Ocu-Mir-140-P1-v2,ocu-mir-140,MIR-140,ACCACAG,MIMAT0048241,MIMAT0048242,chr5,25337165,25337226,#ERROR!,Gnathostomata,Vertebrata,No,,,1,,,,,
Ocu-Mir-142-P1-v1,ocu-mir-142,MIR-142,AUAAAGU,MIMAT0048245,MIMAT0048246,chr19,29938908,29938966,#ERROR!,Gnathostomata,Vertebrata,No,,,1,,,,,
Ocu-Mir-142-P1-v2,ocu-mir-142,MIR-142,UAGUGUU,MIMAT0048245,MIMAT0048246,chr19,29938908,29938966,#ERROR!,Gnathostomata,Vertebrata,No,,,1,,,,,
Ocu-Mir-142-P1-v3,ocu-mir-142,MIR-142,GUAGUGU,MIMAT0048245,MIMAT0048246,chr19,29938908,29938966,#ERROR!,Gnathostomata,Vertebrata,No,,,1,,,,,
Ocu-Mir-142-P1-v4,ocu-mir-142,MIR-142,CCAUAAA,MIMAT0048245,MIMAT0048246,chr19,29938906,29938968,#ERROR!,Gnathostomata,Vertebrata,No,,,,,,,,
Ocu-Mir-143,ocu-mir-143,MIR-143,GAGAUGA,MIMAT0048247,MIMAT0048248,chr3,31258615,31258669,#ERROR!,Vertebrata,Vertebrata,Yes,,,,,,,,
Ocu-Mir-144-v1,ocu-mir-144,MIR-144,ACAGUAU,MIMAT0048249,MIMAT0048250,chr19,19330299,19330356,#ERROR!,Vertebrata,Vertebrata,No,,,,,,,,
Ocu-Mir-144-v2,ocu-mir-144,MIR-144,GAUAUCA,MIMAT0048249,MIMAT0048250,chr19,19330299,19330356,#ERROR!,Vertebrata,Vertebrata,No,,,,,,,,
Ocu-Mir-145,ocu-mir-145,MIR-145,UCCAGUU,MIMAT0048251,MIMAT0048252,chr3,31259937,31259996,#ERROR!,Vertebrata,Vertebrata,Yes,,,1,,,,,
Ocu-Mir-146-P1,ocu-mir-146b,MIR-146,GAGAACU,MIMAT0048255,MIMAT0048256,chr18,50441898,50441957,#ERROR!,Gnathostomata,Vertebrata,Unknown,1,,1,,,,,
Ocu-Mir-146-P4,ocu-mir-146a,MIR-146,GAGAACU,MIMAT0048253,MIMAT0048254,chr3,41906611,41906668,#ERROR!,Gnathostomata,Vertebrata,Unknown,1,1,1,,,,,
Ocu-Mir-147,ocu-mir-147,MIR-147,UGUGCGG,MIMAT0048257,MIMAT0048258,chr17,27150524,27150583,-,Vertebrata,Vertebrata,No,,,1,,,,,
Ocu-Mir-148-P1,ocu-mir-148a,MIR-148,CAGUGCA,MIMAT0048259,MIMAT0048260,chr10,10783749,10783808,-,Gnathostomata,Vertebrata,No,,,1,,,,,
Ocu-Mir-148-P3,ocu-mir-152,MIR-148,CAGUGCA,MIMAT0048267,MIMAT0048268,chr19,39313272,39313330,#ERROR!,Gnathostomata,Vertebrata,No,,,1,,,,,
Ocu-Mir-148-P4,ocu-mir-148b,MIR-148,CAGUGCA,MIMAT0048261,MIMAT0048262,chr4,38090666,38090726,#ERROR!,Gnathostomata,Vertebrata,No,,1,1,,,,,
Ocu-Mir-149,None,MIR-149,CUGGCUC,None,None,1995685930,194,255,-,Eutheria,Eutheria,No,,1,,,,,,
Ocu-Mir-150,ocu-mir-150,MIR-150,CUCCCAA,MIMAT0048263,MIMAT0048264,chrUn0458,68519,68575,-,Gnathostomata,Gnathostomata,No,,,1,,,,,
Ocu-Mir-153-P1,ocu-mir-153,MIR-153,UGCAUAG,MIMAT0048269,MIMAT0048270,chr13,9786312,9786372,#ERROR!,Gnathostomata,Bilateria,No,,,,,,,,
Ocu-Mir-154-P1,ocu-mir-154,MIR-154,AGGUUAU,MIMAT0048271,MIMAT0048272,chrUn0352,147896,147953,#ERROR!,Eutheria,Eutheria,No,,,1,,,,,
Ocu-Mir-154-P2-v1,ocu-mir-299,MIR-154,AUGUGGG,MIMAT0048362,MIMAT0048363,chrUn0352,123314,123368,#ERROR!,Eutheria,Eutheria,No,,,,,,,,
Ocu-Mir-154-P2-v2,ocu-mir-299,MIR-154,UAUGUGG,MIMAT0048362,MIMAT0048363,chrUn0352,123315,123367,#ERROR!,Eutheria,Eutheria,No,,,1,,,,,
Ocu-Mir-154-P3a-v1,ocu-mir-323a,MIR-154,ACAUUAC,MIMAT0048368,MIMAT0048369,chrUn0352,125054,125109,#ERROR!,Eutheria,Eutheria,No,1,,1,,,,,
Ocu-Mir-154-P3a-v2,ocu-mir-323a,MIR-154,CACAUUA,MIMAT0048368,MIMAT0048369,chrUn0352,125054,125109,#ERROR!,Eutheria,Eutheria,No,1,,1,,,,,
Ocu-Mir-154-P4-o1,ocu-mir-329,MIR-154,ACACACC,MIMAT0048378,MIMAT0048379,None,None,None,None,Glires,Eutheria,No,,,,,,,,
Ocu-Mir-154-P5,ocu-mir-369,MIR-154,AUAAUAG,MIMAT0048402,MIMAT0048403,chrUn0352,152953,153008,#ERROR!,Eutheria,Eutheria,Unknown,,,1,,,,,
Ocu-Mir-154-P6,ocu-mir-377,MIR-154,GAGGUUG,MIMAT0048419,MIMAT0048420,chrUn0352,150228,150287,#ERROR!,Eutheria,Eutheria,No,,,,,,,,
Ocu-Mir-154-P7,ocu-mir-379,MIR-154,GGUAGAC,MIMAT0048423,MIMAT0048424,chrUn0352,121687,121745,#ERROR!,Eutheria,Eutheria,No,,,1,,,,,
Ocu-Mir-154-P9,ocu-mir-381,MIR-154,AUACAAG,MIMAT0048425,MIMAT0048426,chrUn0352,136582,136644,#ERROR!,Eutheria,Eutheria,No,1,,,,,,,
Ocu-Mir-154-P10,ocu-mir-382,MIR-154,AAGUUGU,MIMAT0048427,MIMAT0048428,chrUn0352,142718,142775,#ERROR!,Eutheria,Eutheria,No,,,1,,,,,
Ocu-Mir-154-P12,ocu-mir-410,MIR-154,AUAUAAC,MIMAT0048435,MIMAT0048436,chrUn0352,153189,153244,#ERROR!,Eutheria,Eutheria,No,1,,,,,,,
Ocu-Mir-154-P13,ocu-mir-411,MIR-154,AGUAGAC,MIMAT0048437,MIMAT0048438,chrUn0352,122887,122942,#ERROR!,Eutheria,Eutheria,No,,,1,,,,,
Ocu-Mir-154-P15,ocu-mir-485,MIR-154,GAGGCUG,MIMAT0048467,MIMAT0048468,chrUn0352,143743,143801,#ERROR!,Eutheria,Eutheria,No,,,1,,,,,
Ocu-Mir-154-P16,ocu-mir-487a,MIR-154,AUCAUAC,MIMAT0048471,MIMAT0048472,chrUn0352,141248,141305,#ERROR!,Eutheria,Eutheria,No,,,1,,,,,
Ocu-Mir-154-P17,ocu-mir-487b,MIR-154,AUCGUAC,MIMAT0048473,MIMAT0048474,chrUn0352,137030,137087,#ERROR!,Eutheria,Eutheria,No,,,,,,,,
Ocu-Mir-154-P19,ocu-mir-495,MIR-154,AACAAAC,MIMAT0048483,MIMAT0048484,chrUn0352,130083,130140,#ERROR!,Eutheria,Eutheria,No,,,1,,,,,
Ocu-Mir-154-P20-v1,ocu-mir-496,MIR-154,GAGUAUU,MIMAT0048485,MIMAT0048486,chrUn0352,149012,149065,#ERROR!,Eutheria,Eutheria,No,,,1,,,,,
Ocu-Mir-154-P20-v2,ocu-mir-496,MIR-154,GUAUUAC,MIMAT0048485,MIMAT0048486,chrUn0352,149011,149066,#ERROR!,Eutheria,Eutheria,No,,,1,,,,,
Ocu-Mir-154-P21,ocu-mir-539,MIR-154,AUACAAG,MIMAT0048521,MIMAT0048522,chrUn0352,137513,137576,#ERROR!,Eutheria,Eutheria,No,1,,1,,,,,
Ocu-Mir-154-P22,None,MIR-154,AACAUUC,None,None,2043804821,509,567,-,Eutheria,Eutheria,No,1,,1,,,,,
Ocu-Mir-154-P23,ocu-mir-654,MIR-154,AUGUCUG,MIMAT0048545,MIMAT0048546,chrUn0352,133369,133421,#ERROR!,Eutheria,Eutheria,No,,,1,,,,,
Ocu-Mir-154-P24,ocu-mir-655,MIR-154,UAAUACA,MIMAT0048547,MIMAT0048548,chrUn0352,139340,139398,#ERROR!,Eutheria,Eutheria,No,,,1,,,,,
Ocu-Mir-154-P25,ocu-mir-656,MIR-154,AUAUUAU,MIMAT0048549,MIMAT0048550,chrUn0352,153728,153783,#ERROR!,Eutheria,Eutheria,No,,,1,,,,,
Ocu-Mir-154-P26,ocu-mir-758,MIR-154,UUGUGAC,MIMAT0048565,MIMAT0048566,chrUn0352,125317,125376,#ERROR!,Eutheria,Eutheria,No,,,1,,,,,
Ocu-Mir-154-P27,ocu-mir-889,MIR-154,UAAUAUC,MIMAT0048581,MIMAT0048582,chrUn0352,138028,138086,#ERROR!,Eutheria,Eutheria,No,,,1,,,,,
Ocu-Mir-154-P30,ocu-mir-1197,MIR-154,AGGACAC,MIMAT0048583,MIMAT0048584,chrUn0352,124893,124948,#ERROR!,Eutheria,Eutheria,No,,,1,,,,,
Ocu-Mir-154-P36,None,MIR-154,AAUGUUG,None,None,chrUn0352,152734,152787,#ERROR!,Eutheria,Eutheria,No,1,,1,,,,,
Ocu-Mir-155,ocu-mir-155,MIR-155,UAAUGCU,MIMAT0048273,MIMAT0048274,chr14,154700617,154700677,#ERROR!,Vertebrata,Vertebrata,No,,,,,,,,
Ocu-Mir-181-P1a,ocu-mir-181a-1,MIR-181,ACAUUCA,MIMAT0048275,MIMAT0048276,chr16,72388781,72388842,#ERROR!,Gnathostomata,Vertebrata,No,,,1,,,,,
Ocu-Mir-181-P1b,ocu-mir-181a-2,MIR-181,ACAUUCA,MIMAT0048275,MIMAT0048277,chrUn0001,2614666,2614725,-,Gnathostomata,Vertebrata,No,,,1,,,,,
Ocu-Mir-181-P1c,ocu-mir-181c,MIR-181,ACAUUCA,MIMAT0048281,MIMAT0048282,chrUn0990,4071,4131,-,Gnathostomata,Vertebrata,No,,,1,,,,,
Ocu-Mir-181-P2a,ocu-mir-181b-1,MIR-181,ACAUUCA,MIMAT0048278,MIMAT0048279,chr16,72388964,72389023,#ERROR!,Gnathostomata,Vertebrata,Yes,,,,,,,,
Ocu-Mir-181-P2b,ocu-mir-181b-2,MIR-181,ACAUUCA,MIMAT0048278,MIMAT0048280,chrUn0001,2613453,2613512,-,Gnathostomata,Vertebrata,No,1,,,,,,,
Ocu-Mir-181-P2c,ocu-mir-181d,MIR-181,ACAUUCA,MIMAT0048283,MIMAT0048284,chrUn0990,3930,3992,-,Gnathostomata,Vertebrata,No,,1,1,,,,,
Ocu-Mir-184,ocu-mir-184,MIR-184,GGACGGA,MIMAT0048289,MIMAT0048290,chrUn0048,146937,146998,-,Bilateria,Bilateria,No,,,1,,,,,
Ocu-Mir-185,ocu-mir-185,MIR-185,GGAGAGA,MIMAT0048291,MIMAT0048292,chrUn0128,681999,682054,-,Eutheria,Eutheria,No,,1,1,,,,,
Ocu-Mir-186,ocu-mir-186,MIR-186,AAAGAAU,MIMAT0048293,MIMAT0048294,chr13,94980787,94980847,#ERROR!,Mammalia,Mammalia,Unknown,1,,1,,,,,
Ocu-Mir-187,ocu-mir-187,MIR-187,CGUGUCU,MIMAT0048295,MIMAT0048296,chr9,77158808,77158865,-,Osteichthyes,Osteichthyes,Yes,,,1,,,,,
Ocu-Mir-188-P1,ocu-mir-188,MIR-188,AUCCCUU,MIMAT0048297,MIMAT0048298,chrX,34232654,34232713,#ERROR!,Eutheria,Eutheria,No,1,,,,,,,
Ocu-Mir-188-P2,ocu-mir-532,MIR-188,AUGCCUU,MIMAT0048519,MIMAT0048520,chrX,34232287,34232345,#ERROR!,Eutheria,Eutheria,No,1,,1,,,,,
Ocu-Mir-188-P3,ocu-mir-660,MIR-188,ACCCAUU,MIMAT0048551,MIMAT0048552,chrX,34242048,34242106,#ERROR!,Eutheria,Eutheria,No,1,,1,,,,,
Ocu-Mir-190-P1,ocu-mir-190a,MIR-190,GAUAUGU,MIMAT0048299,MIMAT0048300,chr17,9455162,9455220,-,Gnathostomata,Bilateria,No,1,,1,,,,,
Ocu-Mir-190-P3,ocu-mir-190b,MIR-190,GAUAUGU,MIMAT0048301,MIMAT0048302,chr13,38367206,38367265,#ERROR!,Gnathostomata,Bilateria,Unknown,1,,1,,,,,
Ocu-Mir-191,ocu-mir-191,MIR-191,AACGGAA,MIMAT0036335,MIMAT0036336,chr9,16649750,16649813,-,Gnathostomata,Gnathostomata,No,,,1,,,,,
Ocu-Mir-192-P1,ocu-mir-215,MIR-192,UGACCUA,MIMAT0048339,MIMAT0048340,chr16,52958506,52958565,#ERROR!,Vertebrata,Vertebrata,No,1,,1,,,,,
Ocu-Mir-192-P2,None,MIR-192,UGACCUA,None,None,Ocu-Mir-192-P1_pre_CM023772.1:234556056-234556193,38,101,-,Vertebrata,Vertebrata,No,,,,,,,,
Ocu-Mir-193-P1a,ocu-mir-193b,MIR-193,ACUGGCC,MIMAT0048305,MIMAT0048306,chr6,7412259,7412317,#ERROR!,Vertebrata,Bilateria,No,1,,1,,,,,
Ocu-Mir-193-P1b,ocu-mir-193a,MIR-193,ACUGGCC,MIMAT0048303,MIMAT0048304,chr19,21181592,21181647,#ERROR!,Vertebrata,Bilateria,No,,,1,,,,,
Ocu-Mir-193-P2a,ocu-mir-365-1,MIR-193,AAUGCCC,MIMAT0048399,MIMAT0048400,chr6,7416450,7416510,#ERROR!,Vertebrata,Bilateria,Yes,,,1,,,,,
Ocu-Mir-193-P2b,ocu-mir-365-2,MIR-193,AAUGCCC,MIMAT0048401,MIMAT0048400,chr19,21192656,21192716,#ERROR!,Vertebrata,Bilateria,No,,,1,,,,,
Ocu-Mir-194-P1,ocu-mir-194,MIR-194,GUAACAG,MIMAT0048307,MIMAT0048308,chr16,52957890,52957947,#ERROR!,Vertebrata,Vertebrata,No,,,1,,,,,
Ocu-Mir-194-P2,None,MIR-194,GUAACAG,None,None,Ocu-Mir-194-P1_pre_CM023772.1:234556212-234556357,46,101,-,Vertebrata,Vertebrata,No,1,,1,,,,,
Ocu-Mir-196-P1,ocu-mir-196b,MIR-196,AGGUAGU,MIMAT0048315,MIMAT0048316,chr10,11887975,11888032,-,Gnathostomata,Olfactores,No,,,1,,,,,
Ocu-Mir-196-P3,ocu-mir-196a-1,MIR-196,AGGUAGU,MIMAT0048311,MIMAT0048312,chr19,38730720,38730779,#ERROR!,Gnathostomata,Olfactores,No,,,1,,,,,
Ocu-Mir-196-P4,ocu-mir-196a-2,MIR-196,AGGUAGU,MIMAT0048313,MIMAT0048314,chr4,37775899,37775957,#ERROR!,Gnathostomata,Olfactores,No,,,1,,,,,
Ocu-Mir-197,ocu-mir-197,MIR-197,UCACCAC,MIMAT0048317,MIMAT0048318,chr13,54594236,54594296,-,Eutheria,Eutheria,No,,,,,,,,
Ocu-Mir-199-P1-v1,ocu-mir-199a-2,MIR-199,CAGUAGU,MIMAT0048319,MIMAT0048320,chr13,20628416,20628476,#ERROR!,Gnathostomata,Vertebrata,No,,,1,,,,,
Ocu-Mir-199-P1-v2,ocu-mir-199a-2,MIR-199,ACAGUAG,MIMAT0048319,MIMAT0048320,chr13,20628416,20628476,#ERROR!,Gnathostomata,Vertebrata,No,,,1,,,,,
Ocu-Mir-199-P1-v3,ocu-mir-199a-2,MIR-199,AGUAGUC,MIMAT0048319,MIMAT0048320,chr13,20628416,20628476,#ERROR!,Gnathostomata,Vertebrata,No,,,1,,,,,
Ocu-Mir-199-P2-v1,None,MIR-199,CAGUAGU,None,None,2005146567_corrected,71,131,-,Gnathostomata,Vertebrata,No,,,,,,,,
Ocu-Mir-199-P2-v2,None,MIR-199,ACAGUAG,None,None,2005146567_corrected,71,131,-,Gnathostomata,Vertebrata,No,,,,,,,,
Ocu-Mir-199-P2-v3,None,MIR-199,AGUAGUC,None,None,2005146567_corrected,71,131,-,Gnathostomata,Vertebrata,No,,,,,,,,
Ocu-Mir-199-P3-v1,ocu-mir-199a-1,MIR-199,CAGUAGU,MIMAT0048319,MIMAT0048320,chrUn0216,201980,202042,#ERROR!,Gnathostomata,Vertebrata,No,,,1,,,,,
Ocu-Mir-199-P3-v2,ocu-mir-199a-1,MIR-199,ACAGUAG,MIMAT0048319,MIMAT0048320,chrUn0216,201980,202042,#ERROR!,Gnathostomata,Vertebrata,No,,,1,,,,,
Ocu-Mir-199-P3-v3,ocu-mir-199a-1,MIR-199,AGUAGUC,MIMAT0048319,MIMAT0048320,chrUn0216,201980,202042,#ERROR!,Gnathostomata,Vertebrata,No,,,1,,,,,
Ocu-Mir-202,None,MIR-202,UCCUAUG,None,None,1964293620,526,583,#ERROR!,Vertebrata,Vertebrata,No,1,,1,,,,,
Ocu-Mir-203-v1,None,MIR-203,UGAAAUG,None,None,VIYN01007928.1,39939,39998,#ERROR!,Vertebrata,Vertebrata,No,,,1,,,,,
Ocu-Mir-203-v2,None,MIR-203,GAAAUGU,None,None,VIYN01007928.1,39939,39998,#ERROR!,Vertebrata,Vertebrata,Yes,,,1,,,,,
Ocu-Mir-204-P1,ocu-mir-211,MIR-204,UCCCUUU,MIMAT0048333,MIMAT0048334,chr17,83064318,83064375,#ERROR!,Gnathostomata,Vertebrata,No,1,,1,,,,,
Ocu-Mir-204-P2,ocu-mir-204,MIR-204,UCCCUUU,MIMAT0048323,MIMAT0048324,chr1,57081764,57081823,-,Gnathostomata,Vertebrata,No,1,,1,,,,,
Ocu-Mir-205-P4,ocu-mir-205,MIR-205,CCUUCAU,MIMAT0048325,MIMAT0048326,chr16,63274211,63274269,-,Gnathostomata,Vertebrata,No,,,1,,,,,
Ocu-Mir-208-P1,ocu-mir-208b,MIR-208,UAAGACG,MIMAT0048331,MIMAT0048332,chr17,43610547,43610603,-,Vertebrata,Vertebrata,No,,,1,,,,,
Ocu-Mir-208-P2,ocu-mir-208a,MIR-208,UAAGACG,MIMAT0048329,MIMAT0048330,chr17,43584310,43584366,-,Vertebrata,Vertebrata,No,,,1,,,,,
Ocu-Mir-210,None,MIR-210,UGUGCGU,None,None,1947597656,49,108,#ERROR!,Bilateria,Bilateria,No,,,,,,,,
Ocu-Mir-214-v1,ocu-mir-214,MIR-214,CAGCAGG,MIMAT0048337,MIMAT0048338,chr13,20634041,20634103,#ERROR!,Gnathostomata,Gnathostomata,No,,,,,,,,
Ocu-Mir-214-v2,ocu-mir-214,MIR-214,ACAGCAG,MIMAT0048337,MIMAT0048338,chr13,20634041,20634103,#ERROR!,Gnathostomata,Gnathostomata,No,,,,,,,,
Ocu-Mir-216-P2a,ocu-mir-216b,MIR-216,AAUCUCU,MIMAT0048343,MIMAT0048344,chr2,130089612,130089673,#ERROR!,Vertebrata,Bilateria,No,,1,,,,,,
Ocu-Mir-216-P2b,ocu-mir-216a,MIR-216,AAUCUCA,MIMAT0048341,MIMAT0048342,chr2,130101540,130101601,#ERROR!,Vertebrata,Bilateria,No,,,,,,,,
Ocu-Mir-217-v1,ocu-mir-217,MIR-217,ACUGCAU,MIMAT0048345,MIMAT0048346,chr2,130108839,130108897,#ERROR!,Chordata,Chordata,Unknown,,,1,,,,,
Ocu-Mir-217-v2,ocu-mir-217,MIR-217,UACUGCA,MIMAT0048345,MIMAT0048346,chr2,130108838,130108898,#ERROR!,Chordata,Chordata,No,,,1,,,,,
Ocu-Mir-218-P2,ocu-mir-218-1,MIR-218,UGUGCUU,MIMAT0048347,MIMAT0048348,chr2,11156706,11156769,#ERROR!,Gnathostomata,Vertebrata,Unknown,,,1,,,,,
Ocu-Mir-218-P4,ocu-mir-218-2,MIR-218,UGUGCUU,MIMAT0048347,MIMAT0048349,chr3,50155736,50155799,-,Gnathostomata,Vertebrata,Unknown,,,1,,,,,
Ocu-Mir-219-P2,ocu-mir-219b,MIR-219,GAUUGUC,MIMAT0048352,MIMAT0048353,chrUn0149,254882,254946,#ERROR!,Gnathostomata,Bilateria,No,,,1,,,,,
Ocu-Mir-219-P2-as,None,MIR-219,GAAUUGC,None,None,chrUn0149,254880,254944,-,Eutheria,Bilateria,No,,,,,,,,
Ocu-Mir-219-P3,ocu-mir-219a,MIR-219,GAUUGUC,MIMAT0048350,MIMAT0048351,chr12,23632838,23632901,#ERROR!,Gnathostomata,Bilateria,No,,,1,,,,,
Ocu-Mir-221-P1a,ocu-mir-222,MIR-221,GCUACAU,MIMAT0048356,MIMAT0048357,chrX,30973574,30973637,-,Gnathostomata,Vertebrata,No,,1,1,,,,,
Ocu-Mir-221-P2a,ocu-mir-221,MIR-221,GCUACAU,MIMAT0048354,MIMAT0048355,chrX,30972910,30972972,-,Gnathostomata,Vertebrata,No,,,,,,,,
Ocu-Mir-223,ocu-mir-223,MIR-223,GUCAGUU,MIMAT0048358,MIMAT0048359,chrX,44537362,44537426,#ERROR!,Vertebrata,Vertebrata,No,,,1,,,,,
Ocu-Mir-224,ocu-mir-224,MIR-224,AAGUCAC,MIMAT0048360,MIMAT0048361,chrUn0033,727743,727810,#ERROR!,Eutheria,Eutheria,No,,,1,,,,,
Ocu-Mir-320,None,MIR-320,AAAGCUG,None,None,Ocu-Mir-320_pre_CM023786.1:119232612-119232759,48,101,-,Eutheria,Eutheria,No,,,,,,,,
Ocu-Mir-324,ocu-mir-324,MIR-324,GCAUCCC,MIMAT0048370,MIMAT0048371,chr19,11916585,11916641,#ERROR!,Eutheria,Eutheria,No,1,,1,,,,,
Ocu-Mir-325,ocu-mir-325,MIR-325,CUAGUAG,MIMAT0048372,MIMAT0048373,chrX,69057718,69057777,-,Theria,Theria,No,,,,,,,,
Ocu-Mir-326,ocu-mir-326,MIR-326,CUCUGGG,MIMAT0048374,MIMAT0048375,chr1,141369946,141370005,#ERROR!,Eutheria,Eutheria,Yes,,,1,,,,,
Ocu-Mir-328,ocu-mir-328,MIR-328,UGGCCCU,MIMAT0048376,MIMAT0048377,chr5,22813812,22813871,-,Eutheria,Eutheria,Yes,,,,,,,,
Ocu-Mir-330-v1,None,MIR-330,CUCUGGG,None,None,2060960366,224,287,#ERROR!,Eutheria,Eutheria,No,1,,,,,,,
Ocu-Mir-330-v2,None,MIR-330,CUCUGGG,None,None,2060960366,224,287,#ERROR!,Eutheria,Eutheria,No,1,,,,,,,
Ocu-Mir-331,ocu-mir-331,MIR-331,CCCCUGG,MIMAT0048380,MIMAT0048381,chr4,74616379,74616434,#ERROR!,Eutheria,Eutheria,No,1,,1,,,,,
Ocu-Mir-335,ocu-mir-335,MIR-335,CAAGAGC,MIMAT0048382,MIMAT0048383,chr7,14144944,14145001,-,Eutheria,Eutheria,No,,,,,,,,
Ocu-Mir-337-as,None,MIR-337,CUCCUGU,None,None,chrUn0352,1560,1620,-,Euarchontoglires,Eutheria,No,,,1,,,,,
Ocu-Mir-337-v1,ocu-mir-337,MIR-337,AACGGCU,MIMAT0048384,MIMAT0048385,chrUn0352,1562,1622,#ERROR!,Eutheria,Eutheria,No,,,,,,,,
Ocu-Mir-337-v2,ocu-mir-337,MIR-337,AACGGCU,MIMAT0048384,MIMAT0048385,chrUn0352,1562,1622,#ERROR!,Eutheria,Eutheria,No,,,,,,,,
Ocu-Mir-338-P2,None,MIR-338,CCAGCAU,None,None,Ocu-Mir-338-P1_pre_CM023790.1:63182364-63182505,42,101,-,Vertebrata,Vertebrata,No,,,1,,,,,
Ocu-Mir-339,None,MIR-339,GAGCGCC,None,None,610623971,240,297,#ERROR!,Eutheria,Eutheria,No,,,1,,,,,
Ocu-Mir-340,ocu-mir-340,MIR-340,UAUAAAG,MIMAT0048386,MIMAT0048387,chrUn0032,1482725,1482789,-,Theria,Theria,No,1,,1,,,,,
Ocu-Mir-342,ocu-mir-342,MIR-342,CUCACAC,MIMAT0048388,MIMAT0048389,JABWOR010004011.1,825985,826048,#ERROR!,Eutheria,Eutheria,No,,,1,,,,,
Ocu-Mir-346,ocu-mir-346,MIR-346,GUCUGCC,MIMAT0048390,None,chr18,8124653,8124712,-,Eutheria,Eutheria,Unknown,,,1,,,,,
Ocu-Mir-350,ocu-mir-350,MIR-350,UCACAAA,MIMAT0048391,MIMAT0048392,chr16,24307027,24307086,#ERROR!,Eutheria,Eutheria,No,,1,1,,,,,
Ocu-Mir-361-v1,ocu-mir-361,MIR-361,UAUCAGA,MIMAT0048393,MIMAT0048394,chrX,76736121,76736183,-,Eutheria,Eutheria,No,1,,1,,,,,
Ocu-Mir-361-v2,ocu-mir-361,MIR-361,CCCCCAG,MIMAT0048393,MIMAT0048394,chrX,76736122,76736182,-,Eutheria,Eutheria,No,,,1,,,,,
Ocu-Mir-362-P1,ocu-mir-362,MIR-362,AUCCUUG,MIMAT0048395,MIMAT0048396,chrX,34238027,34238085,#ERROR!,Eutheria,Eutheria,No,1,,1,,,,,
Ocu-Mir-362-P2,ocu-mir-500,MIR-362,AUGCACC,MIMAT0048491,MIMAT0048492,chrX,34237519,34237579,#ERROR!,Eutheria,Eutheria,No,,,1,,,,,
Ocu-Mir-362-P3,ocu-mir-501,MIR-362,AUGCACC,MIMAT0048493,MIMAT0048494,chrX,34238810,34238868,#ERROR!,Eutheria,Eutheria,No,1,,1,,,,,
Ocu-Mir-362-P4,ocu-mir-502a,MIR-362,AUGCACC,MIMAT0048495,MIMAT0048496,chrX,34243943,34244001,#ERROR!,Eutheria,Eutheria,No,1,,1,,,,,
Ocu-Mir-362-P6,ocu-mir-502b,MIR-362,AUGCACC,MIMAT0048497,MIMAT0048498,chrX,34235397,34235456,#ERROR!,Eutheria,Eutheria,No,,,1,,,,,
Ocu-Mir-370,ocu-mir-370,MIR-370,CCUGCUG,MIMAT0048404,MIMAT0048405,chrUn0352,31816,31871,#ERROR!,Boreoeutheria,Boreoeutheria,No,,,1,,,,,
Ocu-Mir-374-P1,ocu-mir-374a,MIR-374,UAUAAUA,MIMAT0048406,MIMAT0048407,chrUn0059,1527643,1527694,#ERROR!,Eutheria,Eutheria,No,,,,,,,,
Ocu-Mir-374-P2,ocu-mir-374b,MIR-374,UAUAAUA,MIMAT0048408,MIMAT0048409,chrUn0059,1593276,1593327,#ERROR!,Eutheria,Eutheria,No,,,1,,,,,
Ocu-Mir-375,ocu-mir-375,MIR-375,UUGUUCG,MIMAT0048410,MIMAT0048411,chr7,160243025,160243081,-,Bilateria,Bilateria,No,,,1,,,,,
Ocu-Mir-376-P1,ocu-mir-376a,MIR-376,UAGAUUC,MIMAT0048412,MIMAT0048413,chrUn0352,133845,133902,#ERROR!,Eutheria,Eutheria,No,,,1,,,,,
Ocu-Mir-376-P2,ocu-mir-376c-1,MIR-376,UCAUAGA,MIMAT0048416,MIMAT0048417,chrUn0352,133511,133568,#ERROR!,Eutheria,Eutheria,No,,,1,,,,,
Ocu-Mir-376-P3,ocu-mir-376b,MIR-376,UAGAUUU,MIMAT0048414,MIMAT0048415,chrUn0352,133217,133274,#ERROR!,Eutheria,Eutheria,No,,,1,,,,,
Ocu-Mir-376-P4,ocu-mir-376c-2,MIR-376,ACAUAGA,MIMAT0048416,MIMAT0048418,chrUn0352,132903,132959,#ERROR!,Eutheria,Eutheria,No,,1,1,,,,,
Ocu-Mir-378,ocu-mir-378,MIR-378,CUGGACU,MIMAT0048421,MIMAT0048422,chr3,31535185,31535244,#ERROR!,Eutheria,Eutheria,No,,,,,,,,
Ocu-Mir-383-v1,ocu-mir-383,MIR-383,GAUCAGA,MIMAT0048429,MIMAT0048430,chrUn0011,835693,835754,#ERROR!,Tetrapoda,Tetrapoda,No,,,,,,,,
Ocu-Mir-383-v2,ocu-mir-383,MIR-383,AGAUCAG,MIMAT0048429,MIMAT0048430,chrUn0011,835692,835754,#ERROR!,Tetrapoda,Tetrapoda,Yes,,,,,,,,
Ocu-Mir-384,ocu-mir-384,MIR-384,GUAAACA,MIMAT0048431,MIMAT0048432,chrX,69021490,69021552,-,Eutheria,Eutheria,No,,,1,,,,,
Ocu-Mir-423,ocu-mir-423,MIR-423,GAGGGGC,MIMAT0048441,MIMAT0048442,chr19,18146102,18146160,-,Eutheria,Eutheria,No,,,,,,,,
Ocu-Mir-425,ocu-mir-425,MIR-425,AUGACAC,MIMAT0048445,MIMAT0048446,chr9,16649322,16649384,-,Gnathostomata,Gnathostomata,No,,,1,,,,,
Ocu-Mir-430-P1,ocu-mir-302b,MIR-430,AAGUGCU,MIMAT0036316,MIMAT0036317,chr15,36769637,36769702,#ERROR!,Gnathostomata,Vertebrata,No,,1,1,,,,,
Ocu-Mir-430-P2,ocu-mir-302c,MIR-430,AAGUGCU,MIMAT0036318,MIMAT0036319,chr15,36769775,36769834,#ERROR!,Gnathostomata,Vertebrata,Unknown,,1,,,,,,
Ocu-Mir-430-P3,ocu-mir-302a,MIR-430,AAGUGCU,MIMAT0036320,MIMAT0036321,chr15,36769951,36770011,#ERROR!,Gnathostomata,Vertebrata,Unknown,,,,,,,,
Ocu-Mir-430-P4,ocu-mir-302d,MIR-430,AAGUGCU,MIMAT0036322,MIMAT0036323,chr15,36770114,36770174,#ERROR!,Gnathostomata,Vertebrata,Unknown,,1,1,,,,,
Ocu-Mir-430-P5,ocu-mir-371,MIR-430,GUGCCGC,MIMAT0036327,MIMAT0036328,chrUn0226,216438,216497,-,Eutheria,Vertebrata,No,,,1,,,,,
Ocu-Mir-431,None,MIR-431,GUCUUGC,None,None,JABWOR010004011.1,1419561,1419624,#ERROR!,Eutheria,Eutheria,Yes,,,1,,,,,
Ocu-Mir-432,ocu-mir-432,MIR-432,CUUGGAG,MIMAT0048447,MIMAT0048448,chrUn0352,9852,9920,#ERROR!,Eutheria,Eutheria,No,,,1,,,,,
Ocu-Mir-433,ocu-mir-433,MIR-433,UCAUGAU,MIMAT0048449,MIMAT0048450,chrUn0352,6784,6857,#ERROR!,Eutheria,Eutheria,No,1,,1,,,,,
Ocu-Mir-448,ocu-mir-448,MIR-448,UGCAUAU,MIMAT0048451,MIMAT0048452,chrX,63272622,63272701,#ERROR!,Eutheria,Eutheria,Yes,1,,1,,,,,
Ocu-Mir-450-P1,ocu-mir-450a-2,MIR-450,UUUGCGA,MIMAT0048457,MIMAT0048459,chrX,108850343,108850399,-,Eutheria,Eutheria,No,,,,,,,,
Ocu-Mir-450-P2,ocu-mir-450a-1,MIR-450,UUUGCGA,MIMAT0048457,MIMAT0048458,chrX,108850173,108850229,-,Eutheria,Eutheria,No,,,,,,,,
Ocu-Mir-450-P3,ocu-mir-450b,MIR-450,UUUGCAA,MIMAT0048460,MIMAT0048461,chrX,108850008,108850065,-,Eutheria,Eutheria,No,,1,,,,,,
Ocu-Mir-451,None,MIR-451,AACCGUU,None,,chr19,19330477,19330518,#ERROR!,Vertebrata,Vertebrata,NA,1,,,,,,,
Ocu-Mir-452-v1,ocu-mir-452,MIR-452,ACUGUUU,MIMAT0048463,MIMAT0048464,chrUn0033,726712,726772,#ERROR!,Eutheria,Eutheria,No,1,,1,,,,,
Ocu-Mir-452-v2,ocu-mir-452,MIR-452,GUUUGCA,MIMAT0048463,MIMAT0048464,chrUn0033,726715,726771,#ERROR!,Eutheria,Eutheria,No,,,1,,,,,
Ocu-Mir-455,ocu-mir-455,MIR-455,AUGUGCC,MIMAT0048465,MIMAT0048466,chrUn0001,13398641,13398698,-,Vertebrata,Vertebrata,No,,,,,,,,
Ocu-Mir-459,ocu-mir-802,MIR-459,CAGUAAC,MIMAT0048569,MIMAT0048570,chrUn0031,2484484,2484544,#ERROR!,Vertebrata,Vertebrata,Unknown,,,1,,,,,
Ocu-Mir-483,None,MIR-483,AGACGGG,None,None,1987813688,50,110,-,Theria,Theria,No,1,,1,,,,,
Ocu-Mir-486,ocu-mir-486,MIR-486,CCUGUAC,MIMAT0048469,MIMAT0048470,chrUn0008,1523816,1523879,#ERROR!,Eutheria,Eutheria,No,,,1,,,,,
Ocu-Mir-488,ocu-mir-488,MIR-488,UGAAAGG,MIMAT0048475,MIMAT0048476,chr13,4108648,4108705,-,Eutheria,Eutheria,Yes,,,1,,,,,
Ocu-Mir-489,ocu-mir-489,MIR-489,UGACAUC,MIMAT0048477,MIMAT0048478,chr10,35345574,35345633,#ERROR!,Osteichthyes,Osteichthyes,No,,,1,,,,,
Ocu-Mir-490,ocu-mir-490,MIR-490,AACCUGG,MIMAT0048479,MIMAT0048480,chr7,1159609,1159668,#ERROR!,Amniota,Amniota,No,,,1,,,,,
Ocu-Mir-491,ocu-mir-491,MIR-491,GUGGGGA,MIMAT0048481,MIMAT0048482,chr1,33144966,33145021,-,Eutheria,Eutheria,No,1,,,,,,,
Ocu-Mir-493,None,MIR-493,UGUAUGU,None,None,1989487067,219,280,-,Eutheria,Eutheria,No,1,,,,,,,
Ocu-Mir-499,ocu-mir-499,MIR-499,UAAGACU,MIMAT0048489,MIMAT0048490,chr4,4775720,4775778,-,Vertebrata,Vertebrata,No,1,,1,,,,,
Ocu-Mir-504-v1,ocu-mir-504,MIR-504,GACCCUG,MIMAT0048501,MIMAT0048502,chrUn0002,1830935,1830993,-,Eutheria,Eutheria,Unknown,,1,1,,,,,
Ocu-Mir-504-v2,ocu-mir-504,MIR-504,ACCCUGG,MIMAT0048501,MIMAT0048502,chrUn0002,1830936,1830992,-,Eutheria,Eutheria,Unknown,,1,,,,,,
Ocu-Mir-505-v1,ocu-mir-505,MIR-505,GUCAACA,MIMAT0048503,MIMAT0048504,chrUn0002,3182537,3182595,-,Eutheria,Eutheria,No,,,,,,,,
Ocu-Mir-505-v2,ocu-mir-505,MIR-505,UCAACAC,MIMAT0048503,MIMAT0048504,chrUn0002,3182537,3182595,-,Eutheria,Eutheria,No,,,,,,,,
Ocu-Mir-506-P1,ocu-mir-506,MIR-506,AUGGUAC,MIMAT0048505,MIMAT0048506,chrUn0002,10694554,10694611,-,Eutheria,Eutheria,No,1,1,1,,,,,
Ocu-Mir-506-P2,ocu-mir-507,MIR-506,UUGGCAC,MIMAT0048507,MIMAT0048508,chrUn0002,10707176,10707233,-,Eutheria,Eutheria,Unknown,,,1,,,,,
Ocu-Mir-506-P3,ocu-mir-508,MIR-506,UUGUCAC,MIMAT0048509,MIMAT0048510,chrUn0002,10705716,10705773,-,Eutheria,Eutheria,No,1,,,,,,,
Ocu-Mir-506-P5,ocu-mir-509a,MIR-506,GAUUGAA,MIMAT0048511,MIMAT0048512,chrUn0002,10723771,10723827,-,Eutheria,Eutheria,Yes,1,,1,,,,,
Ocu-Mir-506-P6,ocu-mir-513,MIR-506,UCACAAG,MIMAT0048513,MIMAT0048514,chrUn0002,10678464,10678522,-,Eutheria,Eutheria,No,,,,,,,,
Ocu-Mir-506-P7d,ocu-mir-509b,MIR-506,UUGACAC,MIMAT0048515,MIMAT0048516,chrUn0002,10711587,10711644,-,O. cuniculus,Eutheria,No,1,1,1,,,,,
Ocu-Mir-506-P7e,ocu-mir-509c,MIR-506,ACUCAAG,MIMAT0048517,MIMAT0048518,chrUn0002,10687771,10687828,-,O. cuniculus,Eutheria,Unknown,1,,1,,,,,
Ocu-Mir-541,ocu-mir-541,MIR-541,AAGGAUU,MIMAT0048523,MIMAT0048524,chrUn0352,152092,152157,#ERROR!,Eutheria,Eutheria,No,,,1,,,,,
Ocu-Mir-542-v1,ocu-mir-542,MIR-542,GUGACAG,MIMAT0048525,MIMAT0048526,chrX,108850875,108850933,-,Eutheria,Eutheria,No,,,1,,,,,
Ocu-Mir-542-v2,ocu-mir-542,MIR-542,UGUGACA,MIMAT0048525,MIMAT0048526,chrX,108850876,108850932,-,Eutheria,Eutheria,No,,,1,,,,,
Ocu-Mir-544,None,MIR-544,CUUGGUA,None,None,chrUn0352,138609,138666,#ERROR!,Eutheria,Eutheria,No,,,1,,,,,
Ocu-Mir-551-P2,ocu-mir-551b,MIR-551,CGACCCA,MIMAT0048529,MIMAT0048530,chr14,63366504,63366563,#ERROR!,Vertebrata,Vertebrata,Yes,,,1,,,,,
Ocu-Mir-574,ocu-mir-574,MIR-574,ACGCUCA,MIMAT0048531,MIMAT0048532,chr2,28270671,28270728,#ERROR!,Eutheria,Eutheria,No,,,1,,,,,
Ocu-Mir-582,ocu-mir-582,MIR-582,AACCGGC,MIMAT0048533,MIMAT0048534,chr11,75636026,75636085,-,Eutheria,Eutheria,No,,,,,,,,
Ocu-Mir-590,ocu-mir-590,MIR-590,CGUUUUA,MIMAT0048535,MIMAT0048536,chrUn0067,577872,577932,-,Mammalia,Mammalia,No,,,1,,,,,
Ocu-Mir-592,None,MIR-592,UGUGUCA,None,None,chr7,17299772,17299832,#ERROR!,Eutheria,Eutheria,Unknown,,,1,,,,,
Ocu-Mir-599,ocu-mir-599,MIR-599,UUGAUAA,MIMAT0048537,MIMAT0048538,chr3,115199369,115199427,-,Sarcopterygii,Sarcopterygii,Unknown,,,,,,,,
Ocu-Mir-615,None,MIR-615,CCGAGCC,None,None,1992045267,125,188,-,Eutheria,Eutheria,No,,,1,,,,,
Ocu-Mir-628,ocu-mir-628,MIR-628,UGCUGAC,MIMAT0048539,MIMAT0048540,chr17,17179502,17179562,#ERROR!,Eutheria,Eutheria,No,1,,1,,,,,
Ocu-Mir-652,ocu-mir-652,MIR-652,AUGGCGC,MIMAT0048541,MIMAT0048542,chrX,58478505,58478566,#ERROR!,Eutheria,Eutheria,Yes,,,1,,,,,
Ocu-Mir-653,ocu-mir-653,MIR-653,UGAAACA,MIMAT0048543,MIMAT0048544,chr10,35346249,35346307,#ERROR!,Eutheria,Eutheria,No,,,,,,,,
Ocu-Mir-670,ocu-mir-670,MIR-670,UUCCUCA,MIMAT0048553,MIMAT0048554,chr1,183212430,183212493,#ERROR!,Eutheria,Eutheria,No,,,1,,,,,
Ocu-Mir-671,ocu-mir-671,MIR-671,CCGGUUC,MIMAT0048555,MIMAT0048556,chr13,12646802,12646861,#ERROR!,Theria,Theria,No,,,,,,,,
Ocu-Mir-672,ocu-mir-672,MIR-672,GAGGUUG,MIMAT0048557,MIMAT0048558,chrUn0059,1030796,1030855,#ERROR!,Eutheria,Eutheria,No,,,,,,,,
Ocu-Mir-676,ocu-mir-676,MIR-676,CGUCCUA,MIMAT0048559,MIMAT0048560,chrX,48575161,48575217,#ERROR!,Eutheria,Eutheria,Yes,,,,,,,,
Ocu-Mir-744,ocu-mir-744,MIR-744,GCGGGGC,MIMAT0048563,MIMAT0048564,chr19,7597901,7597979,-,Eutheria,Eutheria,No,1,,,,,,,
Ocu-Mir-760,ocu-mir-760,MIR-760,GGCUCUG,MIMAT0048567,MIMAT0048568,chr13,70644983,70645042,-,Eutheria,Eutheria,No,,,1,,,,,
Ocu-Mir-872,ocu-mir-872,MIR-872,AGGUUAC,MIMAT0048571,MIMAT0048572,chr1,26551750,26551810,-,Glires,Glires,No,,,1,,,,,
Ocu-Mir-873-v1,ocu-mir-873,MIR-873,GCAGGAA,MIMAT0048573,MIMAT0048574,chr1,24466640,24466698,#ERROR!,Mammalia,Mammalia,No,,,1,,,,,
Ocu-Mir-873-v2,ocu-mir-873,MIR-873,CAGGAAC,MIMAT0048573,MIMAT0048574,chr1,24466641,24466697,#ERROR!,Mammalia,Mammalia,No,,,1,,,,,
Ocu-Mir-874,ocu-mir-874,MIR-874,UGCCCUG,MIMAT0048575,MIMAT0048576,chr3,19951768,19951827,-,Eutheria,Eutheria,No,,,1,,,,,
Ocu-Mir-875,ocu-mir-875,MIR-875,AUACCUC,MIMAT0048577,MIMAT0048578,chr3,115199517,115199573,-,Vertebrata,Vertebrata,Unknown,,,1,,,,,
Ocu-Mir-876,None,MIR-876,GGUGGUU,None,None,chr1,24482714,24482772,#ERROR!,Eutheria,Eutheria,No,1,,1,,,,,
Ocu-Mir-885,ocu-mir-885,MIR-885,CCAUUAC,MIMAT0048579,MIMAT0048580,chrUn0565,60279,60332,#ERROR!,Eutheria,Eutheria,No,,,,,,,,
Ocu-Mir-935-v1,None,MIR-935,AGUUACC,None,None,VIYN01003915.1,22406,22465,-,Eutheria,Eutheria,No,,,1,,,,,
Ocu-Mir-935-v2,None,MIR-935,CAGUUAC,None,None,VIYN01003915.1,22406,22465,-,Eutheria,Eutheria,No,,,1,,,,,
Ocu-Mir-1247,None,MIR-1247,CCCGUCC,None,None,Ocu-Mir-1247_pre_CM023791.1:42387803-42387946,44,101,-,Eutheria,Eutheria,No,1,,,,,,,
Ocu-Mir-1249,ocu-mir-1249,MIR-1249,CGCCCUU,MIMAT0048585,MIMAT0048586,chrUn0264,178972,179030,#ERROR!,Eutheria,Eutheria,No,,,1,,,,,
Ocu-Mir-1251,ocu-mir-1251,MIR-1251,CUCUAGC,MIMAT0048587,MIMAT0048588,chr4,76714498,76714556,#ERROR!,Theria,Theria,Unknown,,,,,,,,
Ocu-Mir-1277,ocu-mir-1277,MIR-1277,AUAUAUA,MIMAT0048591,MIMAT0048592,chrX,67068224,67068280,#ERROR!,Eutheria,Eutheria,No,,,,,,,,
Ocu-Mir-1296,ocu-mir-1296,MIR-1296,UAGGGCC,MIMAT0048593,MIMAT0048594,chr18,22894373,22894437,#ERROR!,Eutheria,Eutheria,No,,,1,,,,,
Ocu-Mir-1298,ocu-mir-1298,MIR-1298,UCAUUCG,MIMAT0048595,MIMAT0048596,chrX,63168656,63168729,#ERROR!,Eutheria,Eutheria,No,1,,1,,,,,
Ocu-Mir-1306,None,MIR-1306,CACCUCC,None,None,chrUn0128,646580,646640,-,Gnathostomata,Gnathostomata,Yes,,1,1,,,,,
Ocu-Mir-1307,ocu-mir-1307,MIR-1307,CGACCGG,MIMAT0048597,MIMAT0048598,chr18,51318875,51318936,-,Eutheria,Eutheria,No,,,,,,,,
Ocu-Mir-1343,ocu-mir-1343,MIR-1343,UCCUGGG,MIMAT0048599,MIMAT0048600,chr1,174235151,174235209,#ERROR!,Eutheria,Eutheria,No,,,1,,,,,
Ocu-Mir-1842,None,MIR-1842,GGCUCUG,None,None,chrUn1799,11050,11111,-,Eutheria,Eutheria,No,,,1,,,,,
Ocu-Mir-1911,ocu-mir-1911,MIR-1911,GAGUACC,MIMAT0048601,MIMAT0048602,chrX,63203067,63203125,#ERROR!,Eutheria,Eutheria,No,1,,1,,,,,
Ocu-Mir-1912,None,MIR-1912,ACCCAGA,None,None,chrX,63087552,63087607,#ERROR!,Eutheria,Eutheria,No,,,,,,,,
Ocu-Mir-2355,ocu-mir-2355,MIR-2355,UCCCCAG,MIMAT0048603,MIMAT0048604,chr7,147915972,147916038,-,Eutheria,Eutheria,Unknown,,,1,,,,,
Ocu-Mir-2387,ocu-mir-2387,MIR-2387,GGAAGGC,MIMAT0048605,MIMAT0048606,chrUn0067,358286,358340,-,Boreoeutheria,Boreoeutheria,No,,,1,,,,,
Ocu-Mir-3059,ocu-mir-3059,MIR-3059,UUCCUCU,MIMAT0048607,MIMAT0048608,chr4,65833049,65833106,-,Eutheria,Eutheria,Unknown,,,,,,,,
Ocu-Mir-3085,ocu-mir-3085,MIR-3085,CUGGCUG,MIMAT0048609,MIMAT0048610,chr18,46016820,46016879,-,Eutheria,Eutheria,Yes,,,1,,,,,
Ocu-Mir-3613,ocu-mir-3613,MIR-3613,GUUGUAC,MIMAT0048611,MIMAT0048612,chrUn0007,3616992,3617050,-,Theria,Theria,No,,,1,,,,,
Ocu-Mir-6529,ocu-mir-6529,MIR-6529,AGAGAUC,MIMAT0048613,MIMAT0048614,chr14,98745100,98745160,#ERROR!,Eutheria,Eutheria,No,,,1,,,,,
Ocu-Mir-6715,None,MIR-6715,CAGGCAC,None,None,chr18,59957230,59957286,#ERROR!,Eutheria,Eutheria,Unknown,,,1,,,,,
Ocu-Mir-7180,ocu-mir-7180,MIR-7180,GUGGCCU,MIMAT0048615,MIMAT0048616,chr16,22502775,22502832,-,Eutheria,Eutheria,Yes,1,,,,,,,
Ocu-Mir-9851,ocu-mir-9851,MIR-9851,GGCACCA,MIMAT0048617,MIMAT0048618,chr18,64351072,64351128,-,Eutheria,Eutheria,No,,,1,,,,,
Ocu-Mir-12090,ocu-mir-12090,MIR-12090,CUCACGG,MIMAT0048619,MIMAT0048620,chrUn0504,10221,10281,-,O. cuniculus,O. cuniculus,No,,,,,,,,
Ocu-Mir-12091,ocu-mir-12091,MIR-12091,GACAGUC,MIMAT0048621,MIMAT0048622,chrX,44424515,44424575,-,O. cuniculus,O. cuniculus,No,1,1,1,,,,,
Ocu-Mir-12092,ocu-mir-12092,MIR-12092,CUAGCCG,MIMAT0048623,MIMAT0048624,chrX,108854560,108854616,-,O. cuniculus,O. cuniculus,No,,,1,,,,,
Ocu-Mir-12093,ocu-mir-12093,MIR-12093,CAGCCCC,MIMAT0048625,MIMAT0048626,chrUn0033,727960,728017,#ERROR!,O. cuniculus,O. cuniculus,No,,,,,,,,
Ocu-Mir-12094,ocu-mir-12094,MIR-12094,GACUGUU,MIMAT0048627,MIMAT0048628,chr4,80950553,80950610,#ERROR!,O. cuniculus,O. cuniculus,No,1,,,,,,,
Ocu-Mir-12095,ocu-mir-12095,MIR-12095,GGCCAAG,MIMAT0048631,MIMAT0048632,chr14,161843810,161843867,-,O. cuniculus,O. cuniculus,No,,,,,,,,
Ocu-Novel-1,None,OCU-NOVEL-1,AUGAUUG,None,None,chrUn0033,388968,389026,#ERROR!,O. cuniculus,O. cuniculus,No,,,1,,,,,