MirGeneDB ID â–²,MiRBase ID,Family,Seed,5p accession,3p accession,Chromosome,Start,End,Strand,Node of origin (locus),Node of origin (family),3' NTU,UG,UGUG,CNNC,Br,Br,He,He,He,He,Ov,Ov,Ov,Ov,Te,Te,Te,Te,To
Loc-Let-7-P1b,None,LET-7,GAGGUAG,None,None,LG24,1123732,1123801,#ERROR!,Gnathostomata,Bilateria,No,1,,1,,,,,,,,,,,,,,,
Loc-Let-7-P1c,None,LET-7,GAGGUAG,None,None,LG3,87762,87828,-,Gnathostomata,Bilateria,No,,,1,,,,,,,,,,,,,,,
Loc-Let-7-P1d,None,LET-7,GAGGUAG,None,None,LG26,714385,714451,-,Gnathostomata,Bilateria,No,,,1,,,,,,,,,,,,,,,
Loc-Let-7-P2a1,None,LET-7,GAGGUAG,None,None,LG5,47691346,47691416,-,Gnathostomata,Bilateria,Yes,1,,1,,,,,,,,,,,,,,,
Loc-Let-7-P2a2,None,LET-7,GAGGUAG,None,None,LG8,48448542,48448613,#ERROR!,Gnathostomata,Bilateria,Yes,,,1,,,,,,,,,,,,,,,
Loc-Let-7-P2a3,None,LET-7,GAGGUAG,None,None,LG1,3397087,3397157,#ERROR!,Gnathostomata,Bilateria,Yes,1,,,,,,,,,,,,,,,,,
Loc-Let-7-P2a4,None,LET-7,GAGGUAG,None,None,LG3,23239512,23239584,-,Gnathostomata,Bilateria,No,,1,1,,,,,,,,,,,,,,,
Loc-Let-7-P2b1,None,LET-7,GAGGUAG,None,None,LG5,47690750,47690826,-,Gnathostomata,Bilateria,Yes,,,1,,,,,,,,,,,,,,,
Loc-Let-7-P2b2,None,LET-7,GAGGUAG,None,None,LG8,48448949,48449024,#ERROR!,Gnathostomata,Bilateria,Yes,,,1,,,,,,,,,,,,,,,
Loc-Let-7-P2b3,None,LET-7,GAGGUAG,None,None,LG1,3397489,3397568,#ERROR!,Gnathostomata,Bilateria,Yes,,,,,,,,,,,,,,,,,,
Loc-Let-7-P2b4,None,LET-7,GAGGUAG,None,None,LG3,23239112,23239188,-,Gnathostomata,Bilateria,Yes,,,1,,,,,,,,,,,,,,,
Loc-Let-7-P2c1,None,LET-7,GAAGUAG,None,None,LG5,47689931,47690005,-,Gnathostomata,Bilateria,Unknown,,,1,,,,,,,,,,,,,,,
Loc-Let-7-P2c2,None,LET-7,GAGGUAG,None,None,LG8,47593871,47593947,-,Gnathostomata,Bilateria,Yes,,,1,,,,,,,,,,,,,,,
Loc-Let-7-P2c3,None,LET-7,GAGGUAG,None,None,AHAT01043889.1,2501,2578,#ERROR!,Gnathostomata,Bilateria,Yes,,,1,,,,,,,,,,,,,,,
Loc-Mir-1-P1,None,MIR-1,GGAAUGU,None,None,LG9,563078,563139,#ERROR!,Gnathostomata,Bilateria,No,,,,,,,,,,,,,,,,,,
Loc-Mir-1-P2,None,MIR-1,GGAAUGU,None,None,LG1,45090601,45090660,#ERROR!,Gnathostomata,Bilateria,No,1,,1,,,,,,,,,,,,,,,
Loc-Mir-1-P3,None,MIR-1,GGAAUGU,None,None,LG18,12097949,12098009,#ERROR!,Gnathostomata,Bilateria,No,,,1,,,,,,,,,,,,,,,
Loc-Mir-7-P1,None,MIR-7,GGAAGAC,None,None,LG3,50991540,50991602,#ERROR!,Gnathostomata,Bilateria,No,,,1,,,,,,,,,,,,,,,
Loc-Mir-7-P2,None,MIR-7,GGAAGAC,None,None,LG2,5236814,5236877,-,Gnathostomata,Bilateria,No,,,1,,,,,,,,,,,,,,,
Loc-Mir-7-P3,None,MIR-7,GGAAGAC,None,None,JH591414.1,413803,413865,#ERROR!,Gnathostomata,Bilateria,No,,,1,,,,,,,,,,,,,,,
Loc-Mir-7-P4,None,MIR-7,GGAAGAC,None,None,LG19,114194,114258,#ERROR!,Gnathostomata,Bilateria,No,,,,,,,,,,,,,,,,,,
Loc-Mir-7-P4-as,None,MIR-7,GGUAGAC,None,None,LG19,114192,114256,-,L. oculatus,Bilateria,No,,,1,,,,,,,,,,,,,,,
Loc-Mir-8-P1a,None,MIR-8,AAUACUG,None,None,LG25,13732832,13732891,#ERROR!,Vertebrata,Bilateria,No,1,1,1,,,,,,,,,,,,,,,
Loc-Mir-8-P2a,None,MIR-8,AACACUG,None,None,LG25,13733478,13733538,#ERROR!,Vertebrata,Bilateria,No,1,,,,,,,,,,,,,,,,,
Loc-Mir-8-P3a,None,MIR-8,AAUACUG,None,None,LG25,13737285,13737343,#ERROR!,Vertebrata,Bilateria,No,,,,,,,,,,,,,,,,,,
Loc-Mir-9-P1,None,MIR-9,CUUUGGU,None,None,LG3,56190417,56190478,#ERROR!,Gnathostomata,Bilateria,No,,1,1,,,,,,,,,,,,,,,
Loc-Mir-9-P2,None,MIR-9,CUUUGGU,None,None,LG2,2941810,2941869,#ERROR!,Gnathostomata,Bilateria,No,,1,1,,,,,,,,,,,,,,,
Loc-Mir-9-P3,None,MIR-9,CUUUGGU,None,None,LG24,7156882,7156943,-,Gnathostomata,Bilateria,No,,1,1,,,,,,,,,,,,,,,
Loc-Mir-10-P1b-v1,None,MIR-10,ACCCUGU,None,None,LG12,15544684,15544745,-,Gnathostomata,Eumetazoa,No,,1,1,,,,,,,,,,,,,,,
Loc-Mir-10-P1b-v2,None,MIR-10,CCCUGUA,None,None,LG12,15544685,15544744,-,Gnathostomata,Eumetazoa,No,,,,,,,,,,,,,,,,,,
Loc-Mir-10-P1c-v1,None,MIR-10,ACCCUGU,None,None,LG15,9188973,9189035,-,Gnathostomata,Eumetazoa,No,,1,1,,,,,,,,,,,,,,,
Loc-Mir-10-P1c-v2,None,MIR-10,CCCUGUA,None,None,LG15,9188974,9189034,-,Gnathostomata,Eumetazoa,No,1,,,,,,,,,,,,,,,,,
Loc-Mir-10-P1d-v1,None,MIR-10,ACCCUGU,None,None,LG4,15933791,15933851,#ERROR!,Gnathostomata,Eumetazoa,No,,,1,,,,,,,,,,,,,,,
Loc-Mir-10-P1d-v2,None,MIR-10,CCCUGUA,None,None,LG4,15933792,15933850,#ERROR!,Gnathostomata,Eumetazoa,No,,,,,,,,,,,,,,,,,,
Loc-Mir-10-P2c,None,MIR-10,ACCCGUA,None,None,LG3,90360,90418,-,Gnathostomata,Eumetazoa,No,,1,,,,,,,,,,,,,,,,
Loc-Mir-10-P2d,None,MIR-10,ACCCGUA,None,None,LG26,717100,717156,-,Gnathostomata,Eumetazoa,No,1,1,1,,,,,,,,,,,,,,,
Loc-Mir-10-P3b,None,MIR-10,CCCUGAG,None,None,LG24,1130187,1130245,#ERROR!,Gnathostomata,Eumetazoa,No,,,1,,,,,,,,,,,,,,,
Loc-Mir-10-P3c,None,MIR-10,CCCUGAG,None,None,LG3,67031,67092,-,Gnathostomata,Eumetazoa,No,1,,1,,,,,,,,,,,,,,,
Loc-Mir-10-P3d,None,MIR-10,CCCUGAG,None,None,LG26,700988,701049,-,Gnathostomata,Eumetazoa,No,1,,1,,,,,,,,,,,,,,,
Loc-Mir-15-P1a,None,MIR-15,AGCAGCA,None,None,LG17,24936841,24936899,-,Gnathostomata,Olfactores,Yes,,,,,,,,,,,,,,,,,,
Loc-Mir-15-P1b,None,MIR-15,AGCAGCA,None,None,LG14,5761840,5761900,-,Gnathostomata,Olfactores,No,,,,,,,,,,,,,,,,,,
Loc-Mir-15-P1c,None,MIR-15,AGCAGCA,None,None,LG7,45848213,45848270,-,Gnathostomata,Olfactores,No,,1,,,,,,,,,,,,,,,,
Loc-Mir-15-P1c-as,None,MIR-15,AAACCAU,None,None,LG7,45848215,45848272,#ERROR!,L. oculatus,Olfactores,No,1,,1,,,,,,,,,,,,,,,
Loc-Mir-15-P1d,None,MIR-15,AGCAGCA,None,None,LG2,61580797,61580857,#ERROR!,Gnathostomata,Olfactores,No,,,1,,,,,,,,,,,,,,,
Loc-Mir-15-P2a,None,MIR-15,AGCAGCA,None,None,LG17,24936650,24936714,-,Gnathostomata,Olfactores,No,1,,,,,,,,,,,,,,,,,
Loc-Mir-15-P2b,None,MIR-15,AGCAGCA,None,None,LG14,5761675,5761741,-,Gnathostomata,Olfactores,No,,1,1,,,,,,,,,,,,,,,
Loc-Mir-15-P2c,None,MIR-15,AGCAGCA,None,None,LG7,45848046,45848108,-,Gnathostomata,Olfactores,No,,,,,,,,,,,,,,,,,,
Loc-Mir-15-P2d,None,MIR-15,AGCAGCA,None,None,LG2,61581861,61581925,#ERROR!,Gnathostomata,Olfactores,No,1,,1,,,,,,,,,,,,,,,
Loc-Mir-17-P1a,None,MIR-17,AAAGUGC,None,None,LG17,12376014,12376074,#ERROR!,Gnathostomata,Vertebrata,No,,,1,,,,,,,,,,,,,,,
Loc-Mir-17-P1c,None,MIR-17,AAAGUGC,None,None,LG7,45791277,45791334,-,Gnathostomata,Vertebrata,No,,,,,,,,,,,,,,,,,,
Loc-Mir-17-P1d,None,MIR-17,AAAGUGC,None,None,LG2,57218139,57218200,-,Gnathostomata,Vertebrata,No,,,,,,,,,,,,,,,,,,
Loc-Mir-17-P2a,None,MIR-17,AAGGUGC,None,None,LG17,12376145,12376209,#ERROR!,Gnathostomata,Vertebrata,Unknown,,,1,,,,,,,,,,,,,,,
Loc-Mir-17-P2c,None,MIR-17,AAGGUGC,None,None,LG7,45791034,45791098,-,Gnathostomata,Vertebrata,No,,,1,,,,,,,,,,,,,,,
Loc-Mir-17-P4a,None,MIR-17,AAAGUGC,None,None,LG17,12376500,12376558,#ERROR!,Gnathostomata,Vertebrata,No,,,1,,,,,,,,,,,,,,,
Loc-Mir-17-P4c,None,MIR-17,AAAGUGC,None,None,LG7,45790439,45790497,-,Gnathostomata,Vertebrata,No,1,1,,,,,,,,,,,,,,,,
Loc-Mir-17-P4d,None,MIR-17,AAAGUGC,None,None,LG2,57218016,57218076,-,Gnathostomata,Vertebrata,No,,,1,,,,,,,,,,,,,,,
Loc-Mir-19-P1a,None,MIR-19,GUGCAAA,None,None,LG17,12376281,12376338,#ERROR!,Gnathostomata,Vertebrata,No,1,,1,,,,,,,,,,,,,,,
Loc-Mir-19-P2a,None,MIR-19,GUGCAAA,None,None,LG17,12376619,12376681,#ERROR!,Gnathostomata,Vertebrata,No,,1,,,,,,,,,,,,,,,,
Loc-Mir-19-P2d,None,MIR-19,GUGCAAA,None,None,LG2,57217593,57217657,-,Gnathostomata,Vertebrata,No,1,,1,,,,,,,,,,,,,,,
Loc-Mir-21,None,MIR-21,AGCUUAU,None,None,LG22,4637220,4637279,-,Vertebrata,Vertebrata,No,,1,,,,,,,,,,,,,,,,
Loc-Mir-22-P1a,None,MIR-22,AGCUGCC,None,None,LG20,5528215,5528274,#ERROR!,Vertebrata,Bilateria,No,,,1,,,,,,,,,,,,,,,
Loc-Mir-22-P1b,None,MIR-22,AGCUGCC,None,None,LG22,6256492,6256554,#ERROR!,Vertebrata,Bilateria,No,,1,1,,,,,,,,,,,,,,,
Loc-Mir-23-P1,None,MIR-23,UCACAUU,None,None,LG10,2478694,2478751,-,Gnathostomata,Vertebrata,No,1,,,,,,,,,,,,,,,,,
Loc-Mir-23-P2,None,MIR-23,UCACAUU,None,None,LG2,32741925,32741983,-,Gnathostomata,Vertebrata,No,1,1,1,,,,,,,,,,,,,,,
Loc-Mir-23-P4,None,MIR-23,UCACAUU,None,None,LG19,5779627,5779689,#ERROR!,Gnathostomata,Vertebrata,No,,,1,,,,,,,,,,,,,,,
Loc-Mir-24-P1,None,MIR-24,GGCUCAG,None,None,LG10,2473205,2473264,-,Gnathostomata,Vertebrata,No,,,,,,,,,,,,,,,,,,
Loc-Mir-24-P2,None,MIR-24,GGCUCAG,None,None,LG2,32737407,32737466,-,Gnathostomata,Vertebrata,Yes,,,,,,,,,,,,,,,,,,
Loc-Mir-24-P3,None,MIR-24,GGCUCAG,None,None,LG6,12902019,12902078,-,Gnathostomata,Vertebrata,Yes,1,,,,,,,,,,,,,,,,,
Loc-Mir-24-P4,None,MIR-24,GGCUCAG,None,None,LG19,5781223,5781282,#ERROR!,Gnathostomata,Vertebrata,Yes,,1,,,,,,,,,,,,,,,,
Loc-Mir-26-P1,None,MIR-26,UCAAGUA,None,None,LG9,25645176,25645236,#ERROR!,Gnathostomata,Vertebrata,No,,1,1,,,,,,,,,,,,,,,
Loc-Mir-26-P2,None,MIR-26,UCAAGUA,None,None,LG12,21628472,21628532,#ERROR!,Gnathostomata,Vertebrata,No,,1,1,,,,,,,,,,,,,,,
Loc-Mir-26-P4,None,MIR-26,UCAAGUA,None,None,AHAT01044445.1,473,533,#ERROR!,Gnathostomata,Vertebrata,No,,,1,,,,,,,,,,,,,,,
Loc-Mir-27-P1,None,MIR-27,UCACAGU,None,None,LG10,2475632,2475694,-,Gnathostomata,Vertebrata,No,,,,,,,,,,,,,,,,,,
Loc-Mir-27-P2,None,MIR-27,UCACAGU,None,None,LG2,32741690,32741752,-,Gnathostomata,Vertebrata,No,,1,,,,,,,,,,,,,,,,
Loc-Mir-27-P3,None,MIR-27,UCACAGU,None,None,LG6,12902378,12902439,-,Gnathostomata,Vertebrata,No,,,1,,,,,,,,,,,,,,,
Loc-Mir-27-P4,None,MIR-27,UCACAGU,None,None,LG19,5780510,5780573,#ERROR!,Gnathostomata,Vertebrata,No,,,,,,,,,,,,,,,,,,
Loc-Mir-29-P1b-v1,None,MIR-29,AGCACCA,None,None,LG8,12632835,12632898,#ERROR!,Gnathostomata,Bilateria,No,,,1,,,,,,,,,,,,,,,
Loc-Mir-29-P1b-v2,None,MIR-29,UAGCACC,None,None,LG8,12632836,12632897,#ERROR!,Gnathostomata,Bilateria,No,,,1,,,,,,,,,,,,,,,
Loc-Mir-29-P1d,None,MIR-29,AGCACCA,None,None,LG3,30969161,30969226,#ERROR!,Gnathostomata,Bilateria,No,,1,1,,,,,,,,,,,,,,,
Loc-Mir-29-P2a,None,MIR-29,AGCACCA,None,None,LG5,40942544,40942602,-,Gnathostomata,Bilateria,No,,,,,,,,,,,,,,,,,,
Loc-Mir-29-P2b,None,MIR-29,AGCACCA,None,None,LG8,12633711,12633770,#ERROR!,Gnathostomata,Bilateria,No,,,,,,,,,,,,,,,,,,
Loc-Mir-29-P2d-v1,None,MIR-29,AGCACCA,None,None,LG3,30969985,30970044,#ERROR!,Gnathostomata,Bilateria,No,,,1,,,,,,,,,,,,,,,
Loc-Mir-29-P2d-v2,None,MIR-29,UAGCACC,None,None,LG3,30969986,30970043,#ERROR!,Gnathostomata,Bilateria,No,,,,,,,,,,,,,,,,,,
Loc-Mir-30-P1a,None,MIR-30,GUAAACA,None,None,LG11,8165237,8165299,-,Gnathostomata,Vertebrata,No,1,,1,,,,,,,,,,,,,,,
Loc-Mir-30-P1b,None,MIR-30,GUAAACA,None,None,LG16,10636599,10636660,#ERROR!,Gnathostomata,Vertebrata,No,,,1,,,,,,,,,,,,,,,
Loc-Mir-30-P1d,None,MIR-30,GUAAACA,None,None,LG6,589512,589575,-,Gnathostomata,Vertebrata,No,,1,,,,,,,,,,,,,,,,
Loc-Mir-30-P2a,None,MIR-30,GUAAACA,None,None,LG11,8164573,8164634,-,Gnathostomata,Vertebrata,No,,,,,,,,,,,,,,,,,,
Loc-Mir-30-P2b,None,MIR-30,GUAAACA,None,None,LG16,10640237,10640298,#ERROR!,Gnathostomata,Vertebrata,No,,,1,,,,,,,,,,,,,,,
Loc-Mir-30-P2d,None,MIR-30,GUAAACA,None,None,LG6,589316,589375,-,Gnathostomata,Vertebrata,No,,1,,,,,,,,,,,,,,,,
Loc-Mir-31-P8,None,MIR-31,GGCAAGA,None,None,LG4,45815911,45815970,#ERROR!,L. oculatus,Bilateria,No,,,1,,,,,,,,,,,,,,,
Loc-Mir-31-P9,None,MIR-31,GGCAAGA,None,None,LG4,59481960,59482019,#ERROR!,L. oculatus,Bilateria,No,,,,,,,,,,,,,,,,,,
Loc-Mir-33-P1,None,MIR-33,UGCAUUG,None,None,LG13,16126873,16126932,-,Gnathostomata,Bilateria,No,,1,1,,,,,,,,,,,,,,,
Loc-Mir-33-P3,None,MIR-33,UGCAUUG,None,None,LG12,35659756,35659815,#ERROR!,Gnathostomata,Bilateria,Yes,,,1,,,,,,,,,,,,,,,
Loc-Mir-34-P1,None,MIR-34,GGCAGUG,None,None,LG25,12872249,12872313,#ERROR!,Gnathostomata,Bilateria,No,1,1,,,,,,,,,,,,,,,,
Loc-Mir-34-P2a,None,MIR-34,GGCAGUG,None,None,LG26,394489,394545,#ERROR!,Gnathostomata,Bilateria,No,,,,,,,,,,,,,,,,,,
Loc-Mir-34-P2b,None,MIR-34,GGCAGUG,None,None,LG26,395123,395177,#ERROR!,Gnathostomata,Bilateria,No,,,1,,,,,,,,,,,,,,,
Loc-Mir-34-P3a,None,MIR-34,GGCAGUG,None,None,LG2,5771825,5771881,#ERROR!,Gnathostomata,Bilateria,No,,1,1,,,,,,,,,,,,,,,
Loc-Mir-34-P3b,None,MIR-34,GGCAGUG,None,None,LG2,5772422,5772481,#ERROR!,Gnathostomata,Bilateria,No,,1,1,,,,,,,,,,,,,,,
Loc-Mir-34-P3c,None,MIR-34,GGCAGUG,None,None,LG2,5772554,5772612,#ERROR!,Gnathostomata,Bilateria,No,,,1,,,,,,,,,,,,,,,
Loc-Mir-34-P3d,None,MIR-34,GGCAGUG,None,None,LG2,5773026,5773084,#ERROR!,Gnathostomata,Bilateria,No,,1,,,,,,,,,,,,,,,,
Loc-Mir-92-P1a,None,MIR-92,AUUGCAC,None,None,LG17,12376738,12376796,#ERROR!,Gnathostomata,Bilateria,No,,,,,,,,,,,,,,,,,,
Loc-Mir-92-P1d,None,MIR-92,AUUGCAC,None,None,LG24,7414062,7414124,#ERROR!,Gnathostomata,Bilateria,No,,,1,,,,,,,,,,,,,,,
Loc-Mir-92-P2c,None,MIR-92,AUUGCAC,None,None,LG7,45788477,45788542,-,Gnathostomata,Bilateria,No,1,,,,,,,,,,,,,,,,,
Loc-Mir-92-P2d,None,MIR-92,AUUGCAC,None,None,LG2,57216723,57216782,-,Gnathostomata,Bilateria,No,,,1,,,,,,,,,,,,,,,
Loc-Mir-96-P1,None,MIR-96,UUGGCAC,None,None,LG8,20419908,20419971,-,Bilateria,Bilateria,No,,,1,,,,,,,,,,,,,,,
Loc-Mir-96-P2,None,MIR-96,UUGGCAA,None,None,LG8,20416745,20416809,-,Bilateria,Bilateria,No,,,,,,,,,,,,,,,,,,
Loc-Mir-96-P3-v1,None,MIR-96,AUGGCAC,None,None,LG8,20420183,20420244,-,Bilateria,Bilateria,Unknown,,1,1,,,,,,,,,,,,,,,
Loc-Mir-96-P3-v2,None,MIR-96,UGGCACU,None,None,LG8,20420184,20420243,-,Bilateria,Bilateria,Unknown,,,1,,,,,,,,,,,,,,,
Loc-Mir-101-P1-v1,None,MIR-101,ACAGUAC,None,None,LG10,10266778,10266836,-,Vertebrata,Vertebrata,No,,1,1,,,,,,,,,,,,,,,
Loc-Mir-101-P1-v2,None,MIR-101,UACAGUA,None,None,LG10,10266779,10266835,-,Vertebrata,Vertebrata,No,,,,,,,,,,,,,,,,,,
Loc-Mir-101-P2-v1,None,MIR-101,ACAGUAC,None,None,LG2,37364265,37364323,-,Vertebrata,Vertebrata,No,1,1,,,,,,,,,,,,,,,,
Loc-Mir-101-P2-v2,None,MIR-101,UACAGUA,None,None,LG2,37364266,37364322,-,Vertebrata,Vertebrata,No,,,,,,,,,,,,,,,,,,
Loc-Mir-103-P1,None,MIR-103,GCAGCAU,None,None,JH591449.1,41699,41758,-,Gnathostomata,Deuterostomia,No,,,,,,,,,,,,,,,,,,
Loc-Mir-103-P2,None,MIR-103,GCAGCAU,None,None,LG4,4457264,4457323,-,Gnathostomata,Deuterostomia,No,1,,1,,,,,,,,,,,,,,,
Loc-Mir-103-P4,None,MIR-103,GCAGCAU,None,None,LG6,35850085,35850144,#ERROR!,Gnathostomata,Deuterostomia,No,,,1,,,,,,,,,,,,,,,
Loc-Mir-122,None,MIR-122,GGAGUGU,None,None,LG2,49304315,49304372,#ERROR!,Vertebrata,Vertebrata,Unknown,,1,,,,,,,,,,,,,,,,
Loc-Mir-124-P1-v1,None,MIR-124,AAGGCAC,None,None,LG9,7172448,7172506,-,Gnathostomata,Bilateria,No,,,1,,,,,,,,,,,,,,,
Loc-Mir-124-P1-v2,None,MIR-124,UAAGGCA,None,None,LG9,7172449,7172506,-,Gnathostomata,Bilateria,No,,,1,,,,,,,,,,,,,,,
Loc-Mir-124-P2-v1,None,MIR-124,AAGGCAC,None,None,LG1,17368454,17368514,-,Gnathostomata,Bilateria,No,,,1,,,,,,,,,,,,,,,
Loc-Mir-124-P2-v2,None,MIR-124,UAAGGCA,None,None,LG1,17368455,17368514,-,Gnathostomata,Bilateria,No,,,1,,,,,,,,,,,,,,,
Loc-Mir-124-P3-v1,None,MIR-124,AAGGCAC,None,None,LG18,10341024,10341083,#ERROR!,Gnathostomata,Bilateria,No,,,1,,,,,,,,,,,,,,,
Loc-Mir-124-P3-v2,None,MIR-124,UAAGGCA,None,None,LG18,10341024,10341082,#ERROR!,Gnathostomata,Bilateria,No,,,,,,,,,,,,,,,,,,
Loc-Mir-124-P4-v1,None,MIR-124,AAGGCAC,None,None,LG6,10129560,10129618,-,Gnathostomata,Bilateria,No,,,1,,,,,,,,,,,,,,,
Loc-Mir-124-P4-v2,None,MIR-124,UAAGGCA,None,None,LG6,10129561,10129618,-,Gnathostomata,Bilateria,No,,,1,,,,,,,,,,,,,,,
Loc-Mir-126-P2-v1,None,MIR-126,CGUACCG,None,None,LG21,5364141,5364200,#ERROR!,Vertebrata,Olfactores,No,,,1,,,,,,,,,,,,,,,
Loc-Mir-126-P2-v2,None,MIR-126,AUUAUUA,None,None,LG21,5364141,5364200,#ERROR!,Vertebrata,Olfactores,No,,,1,,,,,,,,,,,,,,,
Loc-Mir-126-P2-v3,None,MIR-126,UCGUACC,None,None,LG21,5364141,5364200,#ERROR!,Vertebrata,Olfactores,No,,,1,,,,,,,,,,,,,,,
Loc-Mir-128-P1,None,MIR-128,CACAGUG,None,None,LG11,12608049,12608106,#ERROR!,Gnathostomata,Vertebrata,No,,,1,,,,,,,,,,,,,,,
Loc-Mir-128-P2,None,MIR-128,CACAGUG,None,None,LG12,3018042,3018097,-,Gnathostomata,Vertebrata,No,1,,1,,,,,,,,,,,,,,,
Loc-Mir-129-P1,None,MIR-129,UUUUUGC,None,None,LG27,1174728,1174792,#ERROR!,Gnathostomata,Chordata,No,1,1,1,,,,,,,,,,,,,,,
Loc-Mir-129-P2,None,MIR-129,UUUUUGC,None,None,LG8,10137548,10137613,#ERROR!,Gnathostomata,Chordata,No,1,1,1,,,,,,,,,,,,,,,
Loc-Mir-130-P1a,None,MIR-130,CUCUUUU,None,None,LG20,1567777,1567836,#ERROR!,Gnathostomata,Vertebrata,No,,1,1,,,,,,,,,,,,,,,
Loc-Mir-130-P1b,None,MIR-130,CCCCUUU,None,None,LG22,410006,410068,#ERROR!,Gnathostomata,Vertebrata,No,,,,,,,,,,,,,,,,,,
Loc-Mir-130-P2a,None,MIR-130,CUAUGAC,None,None,LG20,1568905,1568967,#ERROR!,Gnathostomata,Vertebrata,No,1,,,,,,,,,,,,,,,,,
Loc-Mir-130-P2b,None,MIR-130,AGUGCAA,None,None,LG22,410146,410207,#ERROR!,Gnathostomata,Vertebrata,No,,,1,,,,,,,,,,,,,,,
Loc-Mir-130-P3a,None,MIR-130,AGUGCAA,None,None,LG20,1574095,1574160,#ERROR!,Gnathostomata,Vertebrata,No,,,1,,,,,,,,,,,,,,,
Loc-Mir-130-P4a,None,MIR-130,CUCUUUC,None,None,LG20,1575811,1575871,#ERROR!,Gnathostomata,Vertebrata,No,,1,1,,,,,,,,,,,,,,,
Loc-Mir-132-P1,None,MIR-132,CCGUGGC,None,None,LG22,10133963,10134024,-,Vertebrata,Vertebrata,No,,,1,,,,,,,,,,,,,,,
Loc-Mir-132-P2,None,MIR-132,CCUUGGC,None,None,LG22,10135328,10135395,-,Vertebrata,Vertebrata,No,,,1,,,,,,,,,,,,,,,
Loc-Mir-133-P1-v1,None,MIR-133,UUGGUCC,None,None,LG9,566487,566546,#ERROR!,Gnathostomata,Bilateria,No,,,1,,,,,,,,,,,,,,,
Loc-Mir-133-P1-v2,None,MIR-133,UGGUCCC,None,None,LG9,566487,566546,#ERROR!,Gnathostomata,Bilateria,No,,,1,,,,,,,,,,,,,,,
Loc-Mir-133-P2-v1,None,MIR-133,UUGGUCC,None,None,LG1,45092156,45092215,#ERROR!,Gnathostomata,Bilateria,No,,,,,,,,,,,,,,,,,,
Loc-Mir-133-P2-v2,None,MIR-133,UGGUCCC,None,None,LG1,45092156,45092215,#ERROR!,Gnathostomata,Bilateria,No,,,,,,,,,,,,,,,,,,
Loc-Mir-133-P3-v1,None,MIR-133,UUGGUCC,None,None,LG18,12113246,12113305,#ERROR!,Gnathostomata,Bilateria,No,,,1,,,,,,,,,,,,,,,
Loc-Mir-133-P3-v2,None,MIR-133,UGGUCCC,None,None,LG18,12113246,12113305,#ERROR!,Gnathostomata,Bilateria,No,,,1,,,,,,,,,,,,,,,
Loc-Mir-135-P1,None,MIR-135,AUGGCUU,None,None,LG5,50409839,50409898,-,Gnathostomata,Chordata,No,,,,,,,,,,,,,,,,,,
Loc-Mir-135-P2,None,MIR-135,AUGGCUU,None,None,LG8,7556958,7557017,#ERROR!,Gnathostomata,Chordata,No,,,1,,,,,,,,,,,,,,,
Loc-Mir-135-P4,None,MIR-135,AUGGCUU,None,None,LG3,34097469,34097529,#ERROR!,Gnathostomata,Chordata,No,,,1,,,,,,,,,,,,,,,
Loc-Mir-137-P1-v1,None,MIR-137,UAUUGCU,None,None,LG10,14874510,14874568,-,Gnathostomata,Bilateria,No,,,1,,,,,,,,,,,,,,,
Loc-Mir-137-P1-v2,None,MIR-137,AUUGCUU,None,None,LG10,14874509,14874569,-,Gnathostomata,Bilateria,No,,,1,,,,,,,,,,,,,,,
Loc-Mir-137-P3-v1,None,MIR-137,UAUUGCU,None,None,LG6,16741016,16741074,-,Gnathostomata,Bilateria,No,,,1,,,,,,,,,,,,,,,
Loc-Mir-137-P3-v2,None,MIR-137,AUUGCUU,None,None,LG6,16741016,16741074,-,Gnathostomata,Bilateria,No,,,1,,,,,,,,,,,,,,,
Loc-Mir-138-P1,None,MIR-138,GCUGGUG,None,None,LG11,966407,966466,#ERROR!,Vertebrata,Vertebrata,No,,,1,,,,,,,,,,,,,,,
Loc-Mir-138-P2,None,MIR-138,GCUGGUG,None,None,LG23,16132928,16132995,-,Vertebrata,Vertebrata,No,,,1,,,,,,,,,,,,,,,
Loc-Mir-139,None,MIR-139,CUACAGU,None,None,LG3,12274670,12274728,-,Gnathostomata,Gnathostomata,No,1,,,,,,,,,,,,,,,,,
Loc-Mir-140-P1-v1,None,MIR-140,CCACAGG,None,None,LG23,5630089,5630150,-,Gnathostomata,Vertebrata,No,,,,,,,,,,,,,,,,,,
Loc-Mir-140-P1-v2,None,MIR-140,ACCACAG,None,None,LG23,5630089,5630150,-,Gnathostomata,Vertebrata,No,,,,,,,,,,,,,,,,,,
Loc-Mir-142-P1-v1,None,MIR-142,AUAAAGU,None,None,LG22,3347500,3347559,-,Gnathostomata,Vertebrata,No,,,1,,,,,,,,,,,,,,,
Loc-Mir-142-P1-v2,None,MIR-142,AUAAAGU,None,None,LG22,3347500,3347559,-,Gnathostomata,Vertebrata,No,,,1,,,,,,,,,,,,,,,
Loc-Mir-142-P1-v3,None,MIR-142,GUAGUGU,None,None,LG22,3347500,3347559,-,Gnathostomata,Vertebrata,No,,,1,,,,,,,,,,,,,,,
Loc-Mir-142-P1-v4,None,MIR-142,CCAUAAA,None,None,LG22,3347498,3347561,-,Gnathostomata,Vertebrata,No,,,,,,,,,,,,,,,,,,
Loc-Mir-143,None,MIR-143,GAGAUGA,None,None,LG6,37296688,37296742,#ERROR!,Vertebrata,Vertebrata,Yes,,,1,,,,,,,,,,,,,,,
Loc-Mir-144-v1,None,MIR-144,ACAGUAU,None,None,LG22,3766309,3766367,#ERROR!,Vertebrata,Vertebrata,No,,,1,,,,,,,,,,,,,,,
Loc-Mir-144-v2,None,MIR-144,UACAGUA,None,None,LG22,3766309,3766367,#ERROR!,Vertebrata,Vertebrata,No,,,1,,,,,,,,,,,,,,,
Loc-Mir-145,None,MIR-145,UCCAGUU,None,None,LG6,37297028,37297087,#ERROR!,Vertebrata,Vertebrata,No,,,1,,,,,,,,,,,,,,,
Loc-Mir-146-P1,None,MIR-146,GAGAACU,None,None,LG5,36680703,36680765,#ERROR!,Gnathostomata,Vertebrata,No,,,1,,,,,,,,,,,,,,,
Loc-Mir-146-P4,None,MIR-146,GAGAACU,None,None,LG6,20901651,20901709,#ERROR!,Gnathostomata,Vertebrata,No,,,1,,,,,,,,,,,,,,,
Loc-Mir-147-v1,None,MIR-147,CGGAAUC,None,None,LG3,39226444,39226502,-,Vertebrata,Vertebrata,No,,,1,,,,,,,,,,,,,,,
Loc-Mir-147-v2,None,MIR-147,ACGGAAU,None,None,LG3,39226443,39226503,-,Vertebrata,Vertebrata,No,,,1,,,,,,,,,,,,,,,
Loc-Mir-148-P1,None,MIR-148,CAGUGCA,None,None,LG11,40856666,40856725,-,Gnathostomata,Vertebrata,No,,,,,,,,,,,,,,,,,,
Loc-Mir-148-P2,None,MIR-148,CAGUGCA,None,None,LG12,15322557,15322614,-,Gnathostomata,Vertebrata,No,1,,,,,,,,,,,,,,,,,
Loc-Mir-148-P3,None,MIR-148,CAGUGCA,None,None,LG15,8863370,8863428,-,Gnathostomata,Vertebrata,Yes,,,1,,,,,,,,,,,,,,,
Loc-Mir-148-P4,None,MIR-148,CAGUGCA,None,None,LG4,16157724,16157784,#ERROR!,Gnathostomata,Vertebrata,Yes,,1,1,,,,,,,,,,,,,,,
Loc-Mir-150,None,MIR-150,CUCCCAA,None,None,LG8,50265027,50265087,-,Gnathostomata,Gnathostomata,Yes,,1,,,,,,,,,,,,,,,,
Loc-Mir-153-P1,None,MIR-153,UGCAUAG,None,None,LG9,41047968,41048028,#ERROR!,Gnathostomata,Bilateria,No,,,1,,,,,,,,,,,,,,,
Loc-Mir-153-P2,None,MIR-153,UGCAUAG,None,None,LG12,30822159,30822218,#ERROR!,Gnathostomata,Bilateria,No,,,1,,,,,,,,,,,,,,,
Loc-Mir-155,None,MIR-155,UAAUGCU,None,None,LG14,27550544,27550604,-,Vertebrata,Vertebrata,No,,1,,,,,,,,,,,,,,,,
Loc-Mir-181-P1a,None,MIR-181,ACAUUCA,None,None,LG10,12644268,12644330,-,Gnathostomata,Vertebrata,No,1,,,,,,,,,,,,,,,,,
Loc-Mir-181-P1b,None,MIR-181,ACAUUCA,None,None,LG21,12499642,12499703,-,Gnathostomata,Vertebrata,No,,,1,,,,,,,,,,,,,,,
Loc-Mir-181-P1c,None,MIR-181,ACAUUCA,None,None,LG6,12844223,12844282,#ERROR!,Gnathostomata,Vertebrata,No,,,1,,,,,,,,,,,,,,,
Loc-Mir-181-P2a,None,MIR-181,ACAUUCA,None,None,LG10,12644069,12644129,-,Gnathostomata,Vertebrata,Yes,,,1,,,,,,,,,,,,,,,
Loc-Mir-181-P2b,None,MIR-181,ACAUUCA,None,None,LG21,12498727,12498786,-,Gnathostomata,Vertebrata,No,,,,,,,,,,,,,,,,,,
Loc-Mir-181-P2c,None,MIR-181,ACAUUCA,None,None,LG6,12844691,12844752,#ERROR!,Gnathostomata,Vertebrata,No,,1,,,,,,,,,,,,,,,,
Loc-Mir-184,None,MIR-184,GGACGGA,None,None,LG3,47384514,47384576,#ERROR!,Bilateria,Bilateria,No,,,1,,,,,,,,,,,,,,,
Loc-Mir-187,None,MIR-187,CGUGUCU,None,None,LG11,21520989,21521048,#ERROR!,Osteichthyes,Osteichthyes,Yes,1,,,,,,,,,,,,,,,,,
Loc-Mir-190-P1,None,MIR-190,GAUAUGU,None,None,LG3,52827211,52827269,-,Gnathostomata,Bilateria,No,1,,1,,,,,,,,,,,,,,,
Loc-Mir-191,None,MIR-191,AACGGAA,None,None,LG5,50274331,50274390,-,Gnathostomata,Gnathostomata,No,,,1,,,,,,,,,,,,,,,
Loc-Mir-192-P2,None,MIR-192,UGACCUA,None,None,LG28,158411,158472,#ERROR!,Vertebrata,Vertebrata,Yes,,1,,,,,,,,,,,,,,,,
Loc-Mir-193-P1a,None,MIR-193,ACUGGCC,None,None,LG13,139897,139955,-,Vertebrata,Bilateria,No,1,,1,,,,,,,,,,,,,,,
Loc-Mir-193-P1b,None,MIR-193,ACUGGCC,None,None,LG10,41575615,41575677,#ERROR!,Vertebrata,Bilateria,No,1,,1,,,,,,,,,,,,,,,
Loc-Mir-193-P1b-as,None,MIR-193,CCUCGCC,None,None,LG10,41575613,41575675,-,L. oculatus,Bilateria,No,,,,,,,,,,,,,,,,,,
Loc-Mir-193-P2a,None,MIR-193,AAUGCCC,None,None,LG13,139122,139182,-,Vertebrata,Bilateria,Yes,,,1,,,,,,,,,,,,,,,
Loc-Mir-193-P2b,None,MIR-193,AAUGCCC,None,None,LG10,41579744,41579805,#ERROR!,Vertebrata,Bilateria,No,,,1,,,,,,,,,,,,,,,
Loc-Mir-194-P2,None,MIR-194,GUAACAG,None,None,LG28,158250,158305,#ERROR!,Vertebrata,Vertebrata,No,1,,,,,,,,,,,,,,,,,
Loc-Mir-196-P1,None,MIR-196,AGGUAGU,None,None,LG11,41141719,41141777,-,Gnathostomata,Olfactores,No,,,1,,,,,,,,,,,,,,,
Loc-Mir-196-P3,None,MIR-196,AGGUAGU,None,None,LG15,9244730,9244790,-,Gnathostomata,Olfactores,No,,,1,,,,,,,,,,,,,,,
Loc-Mir-196-P4,None,MIR-196,AGGUAGU,None,None,None,None,None,None,Gnathostomata,Olfactores,No,,,,,,,,,,,,,,,,,,
Loc-Mir-199-P1-v1,None,MIR-199,CCAGUGU,None,None,LG10,26292830,26292890,-,Gnathostomata,Vertebrata,No,,,1,,,,,,,,,,,,,,,
Loc-Mir-199-P1-v2,None,MIR-199,ACAGUAG,None,None,LG10,26292830,26292890,-,Gnathostomata,Vertebrata,No,,,1,,,,,,,,,,,,,,,
Loc-Mir-199-P2-v1,None,MIR-199,CCAGUGU,None,None,LG21,12007937,12007997,-,Gnathostomata,Vertebrata,No,,,,,,,,,,,,,,,,,,
Loc-Mir-199-P2-v2,None,MIR-199,ACAGUAG,None,None,LG21,12007937,12007997,-,Gnathostomata,Vertebrata,No,,,,,,,,,,,,,,,,,,
Loc-Mir-199-P3-v1,None,MIR-199,CCAGUGU,None,None,LG6,19340903,19340963,#ERROR!,Gnathostomata,Vertebrata,No,,,1,,,,,,,,,,,,,,,
Loc-Mir-199-P3-v2,None,MIR-199,ACAGUAG,None,None,LG6,19340903,19340963,#ERROR!,Gnathostomata,Vertebrata,No,,,1,,,,,,,,,,,,,,,
Loc-Mir-202,None,MIR-202,UCCUAUG,None,None,LG5,11341875,11341932,#ERROR!,Vertebrata,Vertebrata,No,,,,,,,,,,,,,,,,,,
Loc-Mir-203-v1,None,MIR-203,UGAAAUG,None,None,LG7,17096511,17096569,#ERROR!,Vertebrata,Vertebrata,No,1,,1,,,,,,,,,,,,,,,
Loc-Mir-203-v2,None,MIR-203,GAAAUGU,None,None,LG7,17096511,17096569,#ERROR!,Vertebrata,Vertebrata,Yes,1,,1,,,,,,,,,,,,,,,
Loc-Mir-204-P1,None,MIR-204,UCCCUUU,None,None,LG3,53892358,53892415,#ERROR!,Gnathostomata,Vertebrata,Unknown,1,,1,,,,,,,,,,,,,,,
Loc-Mir-204-P2,None,MIR-204,UCCCUUU,None,None,LG2,33545292,33545351,-,Gnathostomata,Vertebrata,No,1,,1,,,,,,,,,,,,,,,
Loc-Mir-205-P1,None,MIR-205,UUCCCAG,None,None,LG5,51307018,51307075,#ERROR!,Gnathostomata,Vertebrata,No,,,1,,,,,,,,,,,,,,,
Loc-Mir-205-P4,None,MIR-205,CCUUCAU,None,None,LG3,30391194,30391253,-,Gnathostomata,Vertebrata,No,,1,,,,,,,,,,,,,,,,
Loc-Mir-205-P4-as,None,MIR-205,CUUCACA,None,None,LG3,30391197,30391254,#ERROR!,L. oculatus,Vertebrata,No,,,,,,,,,,,,,,,,,,
Loc-Mir-208-P1c,None,MIR-208,UAAGACG,None,None,JH591418.1,223464,223519,-,L. oculatus,Vertebrata,No,,,1,,,,,,,,,,,,,,,
Loc-Mir-208-P1d,None,MIR-208,UAAGACG,None,None,JH591418.1,188359,188414,-,L. oculatus,Vertebrata,No,,,1,,,,,,,,,,,,,,,
Loc-Mir-208-P1e,None,MIR-208,UAAGACG,None,None,JH591418.1,156141,156196,-,L. oculatus,Vertebrata,No,,,1,,,,,,,,,,,,,,,
Loc-Mir-210,None,MIR-210,GCCACUG,None,None,LG27,62329,62390,#ERROR!,Bilateria,Bilateria,No,,,,,,,,,,,,,,,,,,
Loc-Mir-214-v1,None,MIR-214,CAGCAGG,None,None,LG10,26287907,26287968,-,Gnathostomata,Gnathostomata,No,,,,,,,,,,,,,,,,,,
Loc-Mir-214-v2,None,MIR-214,ACAGCAG,None,None,LG10,26287907,26287968,-,Gnathostomata,Gnathostomata,No,,,,,,,,,,,,,,,,,,
Loc-Mir-216-P2a,None,MIR-216,AAUCUCU,None,None,LG16,3940971,3941030,#ERROR!,Vertebrata,Bilateria,No,,,,,,,,,,,,,,,,,,
Loc-Mir-216-P2b,None,MIR-216,AAUCUCA,None,None,LG16,3942115,3942176,#ERROR!,Vertebrata,Bilateria,No,,,,,,,,,,,,,,,,,,
Loc-Mir-217,None,MIR-217,ACUGCAU,None,None,LG16,3942544,3942602,#ERROR!,Chordata,Chordata,No,,,1,,,,,,,,,,,,,,,
Loc-Mir-218-P2,None,MIR-218,UGUGCUU,None,None,LG4,9803039,9803102,#ERROR!,Gnathostomata,Vertebrata,Unknown,,,1,,,,,,,,,,,,,,,
Loc-Mir-218-P3,None,MIR-218,UGUGCUU,None,None,LG1,7975230,7975287,#ERROR!,Gnathostomata,Vertebrata,Unknown,1,,,,,,,,,,,,,,,,,
Loc-Mir-218-P4,None,MIR-218,UGUGCUU,None,None,LG6,38229124,38229188,#ERROR!,Gnathostomata,Vertebrata,Unknown,,,,,,,,,,,,,,,,,,
Loc-Mir-219-P2,None,MIR-219,GAUUGUC,None,None,LG21,3510032,3510098,#ERROR!,Gnathostomata,Bilateria,No,,,1,,,,,,,,,,,,,,,
Loc-Mir-221-P1a,None,MIR-221,GCUACAU,None,None,LG17,1032091,1032152,#ERROR!,Gnathostomata,Vertebrata,No,,1,1,,,,,,,,,,,,,,,
Loc-Mir-221-P1b,None,MIR-221,CUCAGUA,None,None,LG7,22704992,22705054,-,Gnathostomata,Vertebrata,Yes,,1,1,,,,,,,,,,,,,,,
Loc-Mir-221-P2a,None,MIR-221,GCUACAU,None,None,LG17,1034012,1034074,#ERROR!,Gnathostomata,Vertebrata,No,,,1,,,,,,,,,,,,,,,
Loc-Mir-223,None,MIR-223,GUCAGUU,None,None,LG7,40401847,40401911,#ERROR!,Vertebrata,Vertebrata,No,,,1,,,,,,,,,,,,,,,
Loc-Mir-338-P1,None,MIR-338,CCAGCAU,None,None,LG13,15505409,15505470,#ERROR!,Vertebrata,Vertebrata,No,,1,1,,,,,,,,,,,,,,,
Loc-Mir-338-P2,None,MIR-338,CCAGCAU,None,None,LG10,37463978,37464038,-,Vertebrata,Vertebrata,No,1,,1,,,,,,,,,,,,,,,
Loc-Mir-375,None,MIR-375,UUGUUCG,None,None,LG12,11032768,11032825,-,Bilateria,Bilateria,No,,,1,,,,,,,,,,,,,,,
Loc-Mir-425,None,MIR-425,AUGACAC,None,None,LG5,50273200,50273262,-,Gnathostomata,Gnathostomata,No,,,1,,,,,,,,,,,,,,,
Loc-Mir-430-o31,None,MIR-430,AAGUGCU,None,None,LG7,14528433,14528491,-,L. oculatus,Vertebrata,No,,,,,,,,,,,,,,,,,,
Loc-Mir-430-o32,None,MIR-430,AAGUGCU,None,None,LG7,14528223,14528281,-,L. oculatus,Vertebrata,No,,,,,,,,,,,,,,,,,,
Loc-Mir-451,None,MIR-451,AACCGUU,None,,LG22,3766452,3766494,#ERROR!,Vertebrata,Vertebrata,NA,,,1,,,,,,,,,,,,,,,
Loc-Mir-455,None,MIR-455,AUGUGCC,None,None,LG21,4558780,4558837,-,Vertebrata,Vertebrata,No,,,,,,,,,,,,,,,,,,
Loc-Mir-456,None,MIR-456,AGGCUGG,None,None,LG16,16565215,16565275,#ERROR!,Vertebrata,Vertebrata,Yes,1,1,1,,,,,,,,,,,,,,,
Loc-Mir-458,None,MIR-458,UAGCUCU,None,None,LG6,37681651,37681708,-,Osteichthyes,Osteichthyes,No,,,1,,,,,,,,,,,,,,,
Loc-Mir-459,None,MIR-459,CAGUAAC,None,None,LG14,27735894,27735956,-,Vertebrata,Vertebrata,Unknown,,1,,,,,,,,,,,,,,,,
Loc-Mir-460-P1,None,MIR-460,CUGCAUU,None,None,LG9,23488493,23488550,-,Osteichthyes,Osteichthyes,No,,,1,,,,,,,,,,,,,,,
Loc-Mir-460-P2,None,MIR-460,CCUCAUU,None,None,LG7,21682084,21682141,-,Osteichthyes,Osteichthyes,Yes,,,1,,,,,,,,,,,,,,,
Loc-Mir-489-v1,None,MIR-489,UGACAUC,None,None,LG11,37047670,37047728,-,Osteichthyes,Osteichthyes,No,,,1,,,,,,,,,,,,,,,
Loc-Mir-489-v2,None,MIR-489,GACAUCA,None,None,LG11,37047669,37047729,-,Osteichthyes,Osteichthyes,No,,,1,,,,,,,,,,,,,,,
Loc-Mir-499,None,MIR-499,UAAGACU,None,None,LG18,9034506,9034565,-,Vertebrata,Vertebrata,No,1,,1,,,,,,,,,,,,,,,
Loc-Mir-551-P1,None,MIR-551,AAGUCAA,None,None,LG25,8460322,8460381,-,Vertebrata,Vertebrata,Yes,,1,,,,,,,,,,,,,,,,
Loc-Mir-551-P2,None,MIR-551,CGACCCA,None,None,LG14,20170203,20170263,-,Vertebrata,Vertebrata,No,,,1,,,,,,,,,,,,,,,
Loc-Mir-722-v1,None,MIR-722,UUUGCAG,None,None,LG10,41985440,41985504,-,Osteichthyes,Osteichthyes,No,,1,1,,,,,,,,,,,,,,,
Loc-Mir-722-v2,None,MIR-722,UUGCAGA,None,None,LG10,41985440,41985504,-,Osteichthyes,Osteichthyes,Yes,,,1,,,,,,,,,,,,,,,
Loc-Mir-724-v1,None,MIR-724,UAAAGGG,None,None,LG3,32539804,32539864,#ERROR!,Neopterygii,Neopterygii,No,,,,,,,,,,,,,,,,,,
Loc-Mir-724-v2,None,MIR-724,AAAGGGA,None,None,LG3,32539805,32539863,#ERROR!,Neopterygii,Neopterygii,No,,,,,,,,,,,,,,,,,,
Loc-Mir-725,None,MIR-725,UCAGUCA,None,None,LG14,9139033,9139090,-,Gnathostomata,Gnathostomata,No,,,1,,,,,,,,,,,,,,,
Loc-Mir-726,None,MIR-726,UCACUAC,None,None,LG1,2615142,2615204,#ERROR!,Osteichthyes,Osteichthyes,Yes,,,1,,,,,,,,,,,,,,,
Loc-Mir-727-P3-v1,None,MIR-727,CAGUCUU,None,None,LG14,8060648,8060713,#ERROR!,L. oculatus,Osteichthyes,No,,,,,,,,,,,,,,,,,,
Loc-Mir-727-P3-v2,None,MIR-727,UUGAGGC,None,None,LG14,8060650,8060711,#ERROR!,L. oculatus,Osteichthyes,No,1,1,,,,,,,,,,,,,,,,
Loc-Mir-727-P4-v1,None,MIR-727,CAGUCUU,None,None,LG14,13263402,13263467,#ERROR!,L. oculatus,Osteichthyes,No,,,,,,,,,,,,,,,,,,
Loc-Mir-727-P4-v2,None,MIR-727,UUGAGGC,None,None,LG14,13263404,13263465,#ERROR!,L. oculatus,Osteichthyes,No,1,,,,,,,,,,,,,,,,,
Loc-Mir-728,None,MIR-728,UACUAAG,None,None,LG14,13267886,13267947,#ERROR!,Neopterygii,Neopterygii,No,,,1,,,,,,,,,,,,,,,
Loc-Mir-729,None,MIR-729,AUGGGUA,None,None,LG8,10416305,10416363,#ERROR!,Neopterygii,Neopterygii,Unknown,,1,,,,,,,,,,,,,,,,
Loc-Mir-734,None,MIR-734,AAAUGCU,None,None,LG14,23825473,23825532,-,Neopterygii,Neopterygii,No,1,,1,,,,,,,,,,,,,,,
Loc-Mir-737,None,MIR-737,UUUUUUU,None,None,LG14,16214628,16214688,-,Osteichthyes,Osteichthyes,No,,,,,,,,,,,,,,,,,,
Loc-Mir-1306,None,MIR-1306,CACCUCC,None,None,LG20,2491978,2492038,#ERROR!,Gnathostomata,Gnathostomata,Unknown,,1,1,,,,,,,,,,,,,,,
Loc-Mir-1388,None,MIR-1388,GGACUGU,None,None,LG18,10114028,10114088,#ERROR!,Gnathostomata,Gnathostomata,No,,,,,,,,,,,,,,,,,,
Loc-Mir-1788,None,MIR-1788,AGGCAGC,None,None,LG12,11014479,11014536,-,Vertebrata,Vertebrata,Yes,,,1,,,,,,,,,,,,,,,
Loc-Mir-2184,None,MIR-2184,ACAGUAA,None,None,LG22,10129912,10129973,#ERROR!,Gnathostomata,Gnathostomata,No,,,,,,,,,,,,,,,,,,
Loc-Mir-2188,None,MIR-2188,AGGUCCA,None,None,LG1,8279999,8280058,#ERROR!,Gnathostomata,Gnathostomata,Yes,,,,,,,,,,,,,,,,,,
Loc-Mir-7147,None,MIR-7147,GUACCAU,None,None,LG9,32843297,32843354,#ERROR!,Osteichthyes,Osteichthyes,Yes,,,,,,,,,,,,,,,,,,
Loc-Novel-1,None,LOC-NOVEL-1,UACUUGU,None,None,LG1,26020721,26020777,#ERROR!,L. oculatus,L. oculatus,No,1,,,,,,,,,,,,,,,,,
Loc-Novel-2,None,LOC-NOVEL-2,UAUGGGA,None,None,LG10,2472995,2473051,-,L. oculatus,L. oculatus,No,,1,,,,,,,,,,,,,,,,
Loc-Novel-3,None,LOC-NOVEL-3,AAAGAUU,None,None,LG11,30596926,30596984,#ERROR!,L. oculatus,L. oculatus,No,,,,,,,,,,,,,,,,,,
Loc-Novel-4,None,LOC-NOVEL-4,GAAUGUC,None,None,LG21,5365345,5365401,#ERROR!,L. oculatus,L. oculatus,No,,,,,,,,,,,,,,,,,,
Loc-Novel-5,None,LOC-NOVEL-5,UCUGUUG,None,None,LG4,14294705,14294762,#ERROR!,L. oculatus,L. oculatus,No,,1,,,,,,,,,,,,,,,,
Loc-Novel-6,None,LOC-NOVEL-6,GUCUGAC,None,None,LG5,24780936,24780993,#ERROR!,L. oculatus,L. oculatus,No,1,,,,,,,,,,,,,,,,,
Loc-Novel-7,None,LOC-NOVEL-6,AAAGUGA,None,None,LG7,23411437,23411494,-,L. oculatus,L. oculatus,No,,,,,,,,,,,,,,,,,,