MirGeneDB ID â–²,MiRBase ID,Family,Seed,5p accession,3p accession,Chromosome,Start,End,Strand,Node of origin (locus),Node of origin (family),3' NTU,UG,UGUG,CNNC,Br,Em,Em,Em,Em,He
Xtr-Let-7-P1b,xtr-let-7a,LET-7,GAGGUAG,MIMAT0003667,None,chr7,112714578,112714644,#ERROR!,Gnathostomata,Bilateria,No,,,1,,,,,,
Xtr-Let-7-P1c,xtr-let-7c,LET-7,GAGGUAG,MIMAT0003644,None,chr2,23121735,23121801,#ERROR!,Gnathostomata,Bilateria,No,,,1,,,,,,
Xtr-Let-7-P2a1,xtr-let-7e-1,LET-7,GAGGUAG,MIMAT0003666,None,AIUY381245_421853568,410,481,#ERROR!,Gnathostomata,Bilateria,Yes,,,1,,,,,,
Xtr-Let-7-P2a2,xtr-let-7e-2,LET-7,GAGGUAG,MIMAT0003666,None,ZWK376327_248187494,423,492,-,Gnathostomata,Bilateria,Yes,,1,,,,,,,
Xtr-Let-7-P2a3,xtr-let-7f,LET-7,GAGGUAG,MIMAT0003645,None,chr8,8410824,8410894,-,Gnathostomata,Bilateria,Yes,,,1,,,,,,
Xtr-Let-7-P2b2,None,LET-7,GAGGUAG,None,None,NC_030679.2:3748526-3748803,101,178,#ERROR!,Gnathostomata,Bilateria,Yes,,,1,,,,,,
Xtr-Let-7-P2b3,xtr-mir-98,LET-7,GAGGUAG,MIMAT0003581,None,chr8,8410567,8410643,-,Gnathostomata,Bilateria,Yes,1,1,,,,,,,
Xtr-Let-7-P2c2,xtr-let-7i,LET-7,GAGGUAG,MIMAT0003647,None,chr3,42598464,42598540,-,Gnathostomata,Bilateria,Yes,,,1,,,,,,
Xtr-Let-7-P2c3,xtr-let-7g,LET-7,GAGGUAG,MIMAT0003646,None,chr4,117752091,117752168,#ERROR!,Gnathostomata,Bilateria,Yes,,,1,,,,,,
Xtr-Let-7-P2c4,xtr-let-7b,LET-7,GAGGUAG,MIMAT0003550,None,chr2,74186427,74186500,#ERROR!,Gnathostomata,Bilateria,Yes,,,1,,,,,,
Xtr-Mir-1-P1,xtr-mir-1a-1,MIR-1,GGAAUGU,None,MIMAT0003551,chr6,93553291,93553351,-,Gnathostomata,Bilateria,No,,,1,,,,,,
Xtr-Mir-1-P2,xtr-mir-206,MIR-1,GGAAUGU,None,MIMAT0003623,chrUn_NW_016683369v1,1079510,1079569,-,Gnathostomata,Bilateria,No,,,1,,,,,,
Xtr-Mir-1-P3,xtr-mir-1a-2,MIR-1,GGAAUGU,None,MIMAT0003551,chrUn_NW_016683679v1,104671,104732,-,Gnathostomata,Bilateria,No,,,1,,,,,,
Xtr-Mir-1-P4,xtr-mir-1b,MIR-1,GGAAUGU,None,MIMAT0003648,chr2,56468864,56468924,-,Gnathostomata,Bilateria,No,,,,,,,,,
Xtr-Mir-7-P1,xtr-mir-7-2,MIR-7,GGAAGAC,MIMAT0003552,None,chr3,100078458,100078521,-,Gnathostomata,Bilateria,No,,,1,,,,,,
Xtr-Mir-7-P2,xtr-mir-7-1,MIR-7,GGAAGAC,MIMAT0003552,None,chr1,122025400,122025463,-,Gnathostomata,Bilateria,No,,,1,,,,,,
Xtr-Mir-7-P3,xtr-mir-7-3,MIR-7,GGAAGAC,MIMAT0003552,None,chr8,111833887,111833952,#ERROR!,Gnathostomata,Bilateria,No,,,,,,,,,
Xtr-Mir-8-P1a,xtr-mir-200b,MIR-8,AAUACUG,None,MIMAT0003694,chr7,78802291,78802350,-,Vertebrata,Bilateria,No,1,,1,,,,,,
Xtr-Mir-8-P2a,xtr-mir-200a,MIR-8,AACACUG,None,MIMAT0003693,chr7,78800615,78800675,-,Vertebrata,Bilateria,No,1,,,,,,,,
Xtr-Mir-8-P3a,xtr-mir-429,MIR-8,AAUACUG,None,MIMAT0003703,chr7,78797789,78797847,-,Vertebrata,Bilateria,No,,,1,,,,,,
Xtr-Mir-9-P1,xtr-mir-9-3,MIR-9,CUUUGGU,MIMAT0003649,MIMAT0003650,chr3,99283857,99283918,#ERROR!,Gnathostomata,Bilateria,No,,1,1,,,,,,
Xtr-Mir-9-P2,xtr-mir-9a-2,MIR-9,CUUUGGU,MIMAT0003553,MIMAT0003554,chr1,170225668,170225727,-,Gnathostomata,Bilateria,No,,1,1,,,,,,
Xtr-Mir-9-P3,xtr-mir-9a-1,MIR-9,CUUUGGU,MIMAT0003553,MIMAT0003554,chr8,111349809,111349870,#ERROR!,Gnathostomata,Bilateria,No,,1,1,,,,,,
Xtr-Mir-9-P4,xtr-mir-9b,MIR-9,CUUUGGU,MIMAT0003555,MIMAT0003556,chr1,102034638,102034697,#ERROR!,Gnathostomata,Bilateria,No,1,,1,,,,,,
Xtr-Mir-10-P1b-v1,xtr-mir-10b,MIR-10,ACCCUGU,MIMAT0003558,None,chr9,59969714,59969773,#ERROR!,Gnathostomata,Eumetazoa,No,,,1,,,,,,
Xtr-Mir-10-P1b-v2,xtr-mir-10b,MIR-10,CCCUGUA,MIMAT0003558,None,chr9,59969715,59969772,#ERROR!,Gnathostomata,Eumetazoa,No,,,,,,,,,
Xtr-Mir-10-P1c-v1,xtr-mir-10a,MIR-10,ACCCUGU,MIMAT0003557,None,chr10,5060953,5061014,-,Gnathostomata,Eumetazoa,No,,,1,,,,,,
Xtr-Mir-10-P1c-v2,xtr-mir-10a,MIR-10,CCCUGUA,MIMAT0003557,None,chr10,5060953,5061013,-,Gnathostomata,Eumetazoa,No,1,,1,,,,,,
Xtr-Mir-10-P1d-v1,xtr-mir-10c,MIR-10,ACCCUGU,MIMAT0003559,None,chr2,142821736,142821794,-,Gnathostomata,Eumetazoa,Unknown,,,,,,,,,
Xtr-Mir-10-P1d-v2,xtr-mir-10c,MIR-10,CCCUGUA,MIMAT0003559,None,chr2,142821737,142821793,-,Gnathostomata,Eumetazoa,No,,,,,,,,,
Xtr-Mir-10-P2b,xtr-mir-100,MIR-10,ACCCGUA,MIMAT0003682,None,chr7,112711722,112711779,#ERROR!,Gnathostomata,Eumetazoa,Yes,1,,1,,,,,,
Xtr-Mir-10-P2c,xtr-mir-99,MIR-10,ACCCGUA,MIMAT0003582,None,chr2,23121041,23121099,#ERROR!,Gnathostomata,Eumetazoa,Yes,,1,,,,,,,
Xtr-Mir-10-P3b,xtr-mir-125a,MIR-10,CCCUGAG,MIMAT0003684,None,chr7,112726416,112726474,#ERROR!,Gnathostomata,Eumetazoa,No,,,1,,,,,,
Xtr-Mir-10-P3c,xtr-mir-125b-2,MIR-10,CCCUGAG,MIMAT0003586,None,chr2,23205577,23205639,#ERROR!,Gnathostomata,Eumetazoa,No,1,,1,,,,,,
Xtr-Mir-10-P3d,xtr-mir-125b-1,MIR-10,CCCUGAG,MIMAT0003586,None,chr7,88008765,88008827,#ERROR!,Gnathostomata,Eumetazoa,No,1,1,1,,,,,,
Xtr-Mir-15-P1a,xtr-mir-15a,MIR-15,AGCAGCA,MIMAT0003560,None,chr2,146575536,146575594,-,Gnathostomata,Olfactores,No,,,1,,,,,,
Xtr-Mir-15-P1b,xtr-mir-15b,MIR-15,AGCAGCA,MIMAT0003561,None,chr5,103362208,103362267,-,Gnathostomata,Olfactores,No,,,,,,,,,
Xtr-Mir-15-P1c,xtr-mir-15c,MIR-15,AGCAGCA,MIMAT0003651,None,chr8,47368668,47368725,-,Gnathostomata,Olfactores,No,,,,,,,,,
Xtr-Mir-15-P2a,xtr-mir-16a,MIR-15,AGCAGCA,MIMAT0003563,None,chr2,146575403,146575458,-,Gnathostomata,Olfactores,No,1,,,,,,,,
Xtr-Mir-15-P2b,xtr-mir-16b,MIR-15,AGCAGCA,MIMAT0003668,None,chr5,103362049,103362108,-,Gnathostomata,Olfactores,Unknown,,,1,,,,,,
Xtr-Mir-15-P2c,xtr-mir-16c,MIR-15,AGCAGCA,MIMAT0003562,None,chr8,47366675,47366740,-,Gnathostomata,Olfactores,No,,,,,,,,,
Xtr-Mir-17-P1a,xtr-mir-17,MIR-17,AAAGUGC,MIMAT0003564,MIMAT0003565,chr2,120020393,120020454,-,Gnathostomata,Vertebrata,No,,,,,,,,,
Xtr-Mir-17-P1c,xtr-mir-106,MIR-17,AAAGUGC,MIMAT0003583,None,chr8,47198222,47198278,-,Gnathostomata,Vertebrata,Unknown,1,,,,,,,,
Xtr-Mir-17-P2a,xtr-mir-18a,MIR-17,AAGGUGC,MIMAT0003652,MIMAT0005462,chr2,120020263,120020327,-,Gnathostomata,Vertebrata,Unknown,1,,,,,,,,
Xtr-Mir-17-P2c,xtr-mir-18b,MIR-17,AAGGUGC,MIMAT0003706,None,chr8,47198097,47198161,-,Gnathostomata,Vertebrata,Unknown,,,1,,,,,,
Xtr-Mir-17-P4a,xtr-mir-20a,MIR-17,AAAGUGC,MIMAT0003669,MIMAT0003670,chr2,120019995,120020054,-,Gnathostomata,Vertebrata,No,,,1,,,,,,
Xtr-Mir-17-P4c,xtr-mir-20b,MIR-17,AAAGUGC,MIMAT0003707,None,chr8,47197940,47198000,-,Gnathostomata,Vertebrata,Unknown,1,,1,,,,,,
Xtr-Mir-17-P4d,xtr-mir-93a,MIR-17,AAAGUGC,MIMAT0003659,None,chrUn_NW_016683390v1,107136,107196,-,Gnathostomata,Vertebrata,No,1,,,,,,,,
Xtr-Mir-19-P1a,xtr-mir-19a,MIR-19,GUGCAAA,None,MIMAT0003566,chr2,120020122,120020179,-,Gnathostomata,Vertebrata,No,1,,1,,,,,,
Xtr-Mir-19-P2a,xtr-mir-19b-2,MIR-19,GUGCAAA,None,MIMAT0003567,chr2,120019867,120019928,-,Gnathostomata,Vertebrata,No,,1,1,,,,,,
Xtr-Mir-19-P2c,xtr-mir-19b-1,MIR-19,GUGCAAA,None,MIMAT0003567,chr8,47197828,47197884,-,Gnathostomata,Vertebrata,No,,,,,,,,,
Xtr-Mir-21,None,MIR-21,AGCUUAU,None,None,chr2,87331911,87331970,#ERROR!,Vertebrata,Vertebrata,No,,,,,,,,,
Xtr-Mir-22-P1b,xtr-mir-22,MIR-22,AGCUGCC,MIMAT0003671,MIMAT0003672,chr2,40225984,40226045,#ERROR!,Vertebrata,Bilateria,No,,1,1,,,,,,
Xtr-Mir-23-P2,xtr-mir-23b,MIR-23,UCACAUU,None,MIMAT0003673,chr1,123463489,123463548,#ERROR!,Gnathostomata,Vertebrata,Yes,,1,1,,,,,,
Xtr-Mir-23-P3,xtr-mir-23a-1,MIR-23,UCACAUU,None,MIMAT0003568,chr3,129998679,129998742,#ERROR!,Gnathostomata,Vertebrata,No,1,,1,,,,,,
Xtr-Mir-23-P4,xtr-mir-23a-2,MIR-23,UCACAUU,None,MIMAT0003568,chr4,73605123,73605184,#ERROR!,Gnathostomata,Vertebrata,No,,,1,,,,,,
Xtr-Mir-24-P2,xtr-mir-24a,MIR-24,GGCUCAG,MIMAT0003653,MIMAT0003654,chr1,123464320,123464378,#ERROR!,Gnathostomata,Vertebrata,Yes,,,,,,,,,
Xtr-Mir-24-P3,xtr-mir-24b,MIR-24,GGCUCAG,None,MIMAT0003655,chr3,129999419,129999478,#ERROR!,Gnathostomata,Vertebrata,Yes,1,,1,,,,,,
Xtr-Mir-26-P1,None,MIR-26,UCAAGUA,None,None,chrUn_NW_016683377v1,970639,970699,#ERROR!,Gnathostomata,Vertebrata,No,1,,1,,,,,,
Xtr-Mir-26-P2c,xtr-mir-26-2,MIR-26,UCAAGUA,MIMAT0003569,None,chr9,77064704,77064764,#ERROR!,X. tropicalis,Vertebrata,No,,,1,,,,,,
Xtr-Mir-26-P2d,xtr-mir-26-2,MIR-26,UCAAGUA,MIMAT0003569,None,chr9,77070820,77070880,#ERROR!,X. tropicalis,Vertebrata,No,,,1,,,,,,
Xtr-Mir-26-P4,xtr-mir-26-1,MIR-26,UCAAGUA,MIMAT0003569,None,chr2,138750904,138750964,-,Gnathostomata,Vertebrata,No,1,,,,,,,,
Xtr-Mir-27-P2,xtr-mir-27b,MIR-27,UCACAGU,None,MIMAT0003571,chr1,123463716,123463778,#ERROR!,Gnathostomata,Vertebrata,No,,1,,,,,,,
Xtr-Mir-27-P3,xtr-mir-27a,MIR-27,UCACAGU,None,MIMAT0003570,chr3,129999287,129999348,#ERROR!,Gnathostomata,Vertebrata,No,,,1,,,,,,
Xtr-Mir-27-P4,xtr-mir-27c-1,MIR-27,UCACAGU,None,MIMAT0003675,chr4,73605412,73605473,#ERROR!,Gnathostomata,Vertebrata,No,,,,,,,,,
Xtr-Mir-29-P1b-v1,xtr-mir-29d,MIR-29,AGCACCA,None,MIMAT0003572,chr3,75127548,75127611,-,Gnathostomata,Bilateria,No,,,1,,,,,,
Xtr-Mir-29-P1b-v2,xtr-mir-29d,MIR-29,UAGCACC,None,MIMAT0003572,chr3,75127549,75127610,-,Gnathostomata,Bilateria,No,,,1,,,,,,
Xtr-Mir-29-P1d,xtr-mir-29b,MIR-29,AGCACCA,None,MIMAT0003573,chr2,48073409,48073473,#ERROR!,Gnathostomata,Bilateria,No,,,1,,,,,,
Xtr-Mir-29-P2b,xtr-mir-29a,MIR-29,AGCACCA,None,MIMAT0003656,chr3,75124890,75124947,-,Gnathostomata,Bilateria,No,,,,,,,,,
Xtr-Mir-29-P2d,xtr-mir-29c,MIR-29,AGCACCA,MIMAT0003676,MIMAT0003677,chr2,48076550,48076610,#ERROR!,Gnathostomata,Bilateria,No,,,1,,,,,,
Xtr-Mir-30-P1a,xtr-mir-30d,MIR-30,GUAAACA,MIMAT0003657,None,chr6,126121139,126121201,#ERROR!,Gnathostomata,Vertebrata,No,,1,1,,,,,,
Xtr-Mir-30-P1b,xtr-mir-30a,MIR-30,GUAAACA,MIMAT0003574,MIMAT0003575,chr5,91687783,91687845,-,Gnathostomata,Vertebrata,No,1,1,1,,,,,,
Xtr-Mir-30-P1d,xtr-mir-30e,MIR-30,GUAAACA,MIMAT0003678,None,chr2,83741908,83741971,#ERROR!,Gnathostomata,Vertebrata,No,,1,1,,,,,,
Xtr-Mir-30-P2a,xtr-mir-30b,MIR-30,GUAAACA,MIMAT0003576,None,chr6,126125385,126125444,#ERROR!,Gnathostomata,Vertebrata,No,,,1,,,,,,
Xtr-Mir-30-P2b,xtr-mir-30c-2,MIR-30,GUAAACA,MIMAT0003577,None,chr5,91680395,91680454,-,Gnathostomata,Vertebrata,No,1,1,1,,,,,,
Xtr-Mir-30-P2d,xtr-mir-30c-1,MIR-30,GUAAACA,MIMAT0003577,None,chr2,83742912,83742972,#ERROR!,Gnathostomata,Vertebrata,No,,1,1,,,,,,
Xtr-Mir-31,xtr-mir-31a,MIR-31,GGCAAGA,MIMAT0003679,None,chr1,108909690,108909748,-,Bilateria,Bilateria,Unknown,,,1,,,,,,
Xtr-Mir-33-P1,xtr-mir-33a,MIR-33,UGCAUUG,MIMAT0003680,None,chr9,9608388,9608447,#ERROR!,Gnathostomata,Bilateria,No,1,1,1,,,,,,
Xtr-Mir-33-P3,xtr-mir-33b,MIR-33,UGCAUUG,MIMAT0003681,None,chr4,109768751,109768811,#ERROR!,Gnathostomata,Bilateria,Yes,,1,1,,,,,,
Xtr-Mir-34-P1,xtr-mir-34a,MIR-34,GGCAGUG,MIMAT0003578,None,chr7,80700742,80700807,-,Gnathostomata,Bilateria,No,1,1,,,,,,,
Xtr-Mir-34-P2a1,xtr-mir-34b-2,MIR-34,GGCAGUG,MIMAT0003579,None,chr7,75059640,75059700,-,Xenopus,Bilateria,No,,,,,,,,,
Xtr-Mir-34-P2a2,xtr-mir-34b-1,MIR-34,GGCAGUG,MIMAT0003579,None,chr7,75066361,75066422,#ERROR!,Xenopus,Bilateria,No,,,,,,,,,
Xtr-Mir-34-P2b1,None,MIR-34,GGCAGUG,None,None,chr7,75066635,75066689,#ERROR!,Xenopus,Bilateria,Unknown,,,1,,,,,,
Xtr-Mir-34-P2b2,None,MIR-34,GGCAGUG,None,None,chr7,75057976,75058030,-,Xenopus,Bilateria,No,,,,,,,,,
Xtr-Mir-34-P3a,xtr-mir-449c,MIR-34,GGCAGUG,MIMAT0022747,MIMAT0022748,chr1,178899500,178899564,#ERROR!,Gnathostomata,Bilateria,No,,1,1,,,,,,
Xtr-Mir-34-P3b,xtr-mir-449b,MIR-34,GGCAGUG,MIMAT0022745,MIMAT0022746,chr1,178899740,178899801,#ERROR!,Gnathostomata,Bilateria,Unknown,,,1,,,,,,
Xtr-Mir-34-P3c,xtr-mir-449a,MIR-34,GGCAGUG,MIMAT0003704,MIMAT0022716,chr1,178899884,178899944,#ERROR!,Gnathostomata,Bilateria,Unknown,1,,1,,,,,,
Xtr-Mir-34-P3d,None,MIR-34,GGCAGUG,None,None,chr1,178900526,178900583,#ERROR!,Gnathostomata,Bilateria,Unknown,,,1,,,,,,
Xtr-Mir-92-P1a,xtr-mir-92a-1,MIR-92,AUUGCAC,None,MIMAT0003580,chr2,120019748,120019807,-,Gnathostomata,Bilateria,No,,,,,,,,,
Xtr-Mir-92-P1c,xtr-mir-92a-2,MIR-92,AUUGCAC,None,MIMAT0003580,chr8,47197697,47197755,-,Gnathostomata,Bilateria,No,,,,,,,,,
Xtr-Mir-92-P1d,xtr-mir-92b,MIR-92,AUUGCAC,None,MIMAT0003658,chrUn_NW_016684749v1,25552,25614,-,Gnathostomata,Bilateria,No,,,,,,,,,
Xtr-Mir-92-P2a,xtr-mir-367,MIR-92,AUUGCAC,None,MIMAT0003638,chr1,59518699,59518759,-,Gnathostomata,Bilateria,No,,1,1,,,,,,
Xtr-Mir-92-P2c,xtr-mir-363,MIR-92,AUUGCAC,MIMAT0003701,MIMAT0003702,chr8,47197567,47197631,-,Gnathostomata,Bilateria,No,1,,,,,,,,
Xtr-Mir-92-P2d,xtr-mir-25-1,MIR-92,AUUGCAC,None,MIMAT0003674,chrUn_NW_016683390v1,107010,107067,-,Gnathostomata,Bilateria,No,,,1,,,,,,
Xtr-Mir-96-P1,xtr-mir-96,MIR-96,UUGGCAC,MIMAT0003661,None,chr3,77400820,77400883,#ERROR!,Bilateria,Bilateria,No,,,,,,,,,
Xtr-Mir-96-P2,xtr-mir-182,MIR-96,UUGGCAA,MIMAT0003610,MIMAT0003611,chr3,77404465,77404529,#ERROR!,Bilateria,Bilateria,No,,,1,,,,,,
Xtr-Mir-96-P3-v1,xtr-mir-183,MIR-96,AUGGCAC,MIMAT0003612,None,chr3,77399664,77399725,#ERROR!,Bilateria,Bilateria,No,,1,1,,,,,,
Xtr-Mir-96-P3-v2,xtr-mir-183,MIR-96,UGGCACU,MIMAT0003612,None,chr3,77399665,77399724,#ERROR!,Bilateria,Bilateria,No,,,1,,,,,,
Xtr-Mir-101-P1-v1,xtr-mir-101a-2,MIR-101,ACAGUAC,None,MIMAT0003662,chr4,79102563,79102621,-,Vertebrata,Vertebrata,No,,1,1,,,,,,
Xtr-Mir-101-P1-v2,xtr-mir-101a-2,MIR-101,UACAGUA,None,MIMAT0003662,chr4,79102564,79102620,-,Vertebrata,Vertebrata,No,,,,,,,,,
Xtr-Mir-101-P2-v1,xtr-mir-101a-1,MIR-101,ACAGUAC,None,MIMAT0003662,chr1,115031351,115031409,-,Vertebrata,Vertebrata,No,1,1,,,,,,,
Xtr-Mir-101-P2-v2,xtr-mir-101a-1,MIR-101,UACAGUA,None,MIMAT0003662,chr1,115031352,115031408,-,Vertebrata,Vertebrata,No,,1,,,,,,,
Xtr-Mir-103-P1,xtr-mir-107,MIR-103,GCAGCAU,None,MIMAT0003584,chr7,28096649,28096708,-,Gnathostomata,Deuterostomia,No,,,1,,,,,,
Xtr-Mir-103-P2,xtr-mir-103-2,MIR-103,GCAGCAU,None,MIMAT0003663,chr1,6083405,6083464,#ERROR!,Gnathostomata,Deuterostomia,No,1,,1,,,,,,
Xtr-Mir-103-P4,xtr-mir-103-1,MIR-103,GCAGCAU,None,MIMAT0003663,chr3,24141506,24141565,#ERROR!,Gnathostomata,Deuterostomia,No,,,1,,,,,,
Xtr-Mir-122,xtr-mir-122,MIR-122,GGAGUGU,MIMAT0003585,None,chr1,188440161,188440218,-,Vertebrata,Vertebrata,No,,1,,,,,,,
Xtr-Mir-124-P1-v1,xtr-mir-124,MIR-124,AAGGCAC,None,MIMAT0003683,chr6,103250613,103250671,#ERROR!,Gnathostomata,Bilateria,No,,,1,,,,,,
Xtr-Mir-124-P1-v2,xtr-mir-124,MIR-124,UAAGGCA,None,MIMAT0003683,chr6,103250613,103250670,#ERROR!,Gnathostomata,Bilateria,No,,,1,,,,,,
Xtr-Mir-124-P2-v1,None,MIR-124,AAGGCAC,None,None,chrUn_NW_016683662v1,88200,88260,#ERROR!,Gnathostomata,Bilateria,No,,,1,,,,,,
Xtr-Mir-124-P2-v2,None,MIR-124,UAAGGCA,None,None,chrUn_NW_016683662v1,88200,88259,#ERROR!,Gnathostomata,Bilateria,No,,,1,,,,,,
Xtr-Mir-124-P3-v1,None,MIR-124,AAGGCAC,None,None,chrUn_NW_016684779v1,2997,3056,-,Gnathostomata,Bilateria,No,,,1,,,,,,
Xtr-Mir-124-P3-v2,None,MIR-124,UAAGGCA,None,None,chrUn_NW_016684779v1,2998,3056,-,Gnathostomata,Bilateria,No,,,1,,,,,,
Xtr-Mir-126-P2-v1,xtr-mir-126,MIR-126,CGUACCG,MIMAT0003587,MIMAT0003588,chrUn_NW_016683465v1,92204,92262,#ERROR!,Vertebrata,Olfactores,No,,1,1,,,,,,
Xtr-Mir-126-P2-v2,xtr-mir-126,MIR-126,AUUAUUA,MIMAT0003587,MIMAT0003588,chrUn_NW_016683465v1,92204,92262,#ERROR!,Vertebrata,Olfactores,No,,,1,,,,,,
Xtr-Mir-126-P2-v3,xtr-mir-126,MIR-126,UCGUACC,MIMAT0003587,MIMAT0003588,chrUn_NW_016683465v1,92204,92262,#ERROR!,Vertebrata,Olfactores,No,,1,1,,,,,,
Xtr-Mir-128-P1,xtr-mir-128-2,MIR-128,CACAGUG,None,MIMAT0003589,chr6,82768849,82768906,#ERROR!,Gnathostomata,Vertebrata,No,1,1,,,,,,,
Xtr-Mir-128-P2,xtr-mir-128-1,MIR-128,CACAGUG,None,MIMAT0003589,chr9,78757421,78757477,-,Gnathostomata,Vertebrata,No,1,,1,,,,,,
Xtr-Mir-129-P1,xtr-mir-129-1,MIR-129,UUUUUGC,MIMAT0003590,None,chr4,3080989,3081053,#ERROR!,Gnathostomata,Chordata,No,,1,1,,,,,,
Xtr-Mir-129-P2,xtr-mir-129-2,MIR-129,UUUUUGC,MIMAT0003590,None,chr3,78292725,78292790,-,Gnathostomata,Chordata,No,,1,1,,,,,,
Xtr-Mir-130-P1a,xtr-mir-130c,MIR-130,AGUGCAA,None,MIMAT0003592,chr1,145403558,145403616,-,Gnathostomata,Vertebrata,No,,,,,,,,,
Xtr-Mir-130-P1b,xtr-mir-130a,MIR-130,AGUGCAA,None,MIMAT0003591,chr2,91417449,91417513,#ERROR!,Gnathostomata,Vertebrata,No,1,,1,,,,,,
Xtr-Mir-130-P2a,xtr-mir-301-2,MIR-130,AGUGCAA,None,MIMAT0003635,chr1,145402713,145402775,-,Gnathostomata,Vertebrata,No,,1,1,,,,,,
Xtr-Mir-130-P2b,xtr-mir-301-1,MIR-130,AGUGCAA,None,MIMAT0003635,chr2,91417661,91417722,#ERROR!,Gnathostomata,Vertebrata,No,,,1,,,,,,
Xtr-Mir-130-P3a,None,MIR-130,AGUGCAA,None,None,chr1,145396854,145396917,-,Gnathostomata,Vertebrata,No,,,,,,,,,
Xtr-Mir-130-P4a,xtr-mir-130b,MIR-130,AGUGCAA,None,MIMAT0003593,chr1,145394714,145394773,-,Gnathostomata,Vertebrata,No,,1,,,,,,,
Xtr-Mir-132-P1,xtr-mir-132,MIR-132,AACAGUC,None,MIMAT0003594,chr2,27663375,27663433,#ERROR!,Vertebrata,Vertebrata,No,,,1,,,,,,
Xtr-Mir-132-P2,xtr-mir-212,MIR-132,CCUUGGC,None,MIMAT0003699,chr2,27657646,27657714,#ERROR!,Vertebrata,Vertebrata,No,,1,1,,,,,,
Xtr-Mir-133-P1-v1,xtr-mir-133a,MIR-133,UUGGUCC,None,MIMAT0003708,chr6,93550870,93550929,-,Gnathostomata,Bilateria,No,,,1,,,,,,
Xtr-Mir-133-P1-v2,xtr-mir-133a,MIR-133,UGGUCCC,None,MIMAT0003708,chr6,93550870,93550929,-,Gnathostomata,Bilateria,No,,,1,,,,,,
Xtr-Mir-133-P2-v1,xtr-mir-133b,MIR-133,UUGGUCC,None,MIMAT0003597,chrUn_NW_016683369v1,1078326,1078384,-,Gnathostomata,Bilateria,No,,,1,,,,,,
Xtr-Mir-133-P2-v2,xtr-mir-133b,MIR-133,UGGUCCC,None,MIMAT0003597,chrUn_NW_016683369v1,1078326,1078384,-,Gnathostomata,Bilateria,No,,,1,,,,,,
Xtr-Mir-133-P3-v1,xtr-mir-133c,MIR-133,UUGGUCC,None,MIMAT0003595,chrUn_NW_016683679v1,81400,81459,-,Gnathostomata,Bilateria,Yes,,,,,,,,,
Xtr-Mir-133-P3-v2,xtr-mir-133c,MIR-133,UGGUCCC,None,MIMAT0003595,chrUn_NW_016683679v1,81400,81459,-,Gnathostomata,Bilateria,Yes,,,,,,,,,
Xtr-Mir-133-P4-v1,xtr-mir-133d,MIR-133,UUGGUCC,None,MIMAT0003596,chr2,56468434,56468492,-,Gnathostomata,Bilateria,Yes,,,,,,,,,
Xtr-Mir-133-P4-v2,xtr-mir-133d,MIR-133,UGGUCCC,None,MIMAT0003596,chr2,56468434,56468492,-,Gnathostomata,Bilateria,Yes,,,,,,,,,
Xtr-Mir-135-P2,xtr-mir-135-1,MIR-135,AUGGCUU,MIMAT0003598,None,chr3,41571717,41571776,#ERROR!,Gnathostomata,Chordata,No,,,1,,,,,,
Xtr-Mir-135-P4,xtr-mir-135-2,MIR-135,AUGGCUU,MIMAT0003598,None,chr2,64757303,64757362,-,Gnathostomata,Chordata,No,,,1,,,,,,
Xtr-Mir-137-P1,xtr-mir-137-1,MIR-137,UAUUGCU,None,MIMAT0003685,chr4,92672727,92672785,-,Gnathostomata,Bilateria,No,,,1,,,,,,
Xtr-Mir-138-P1,xtr-mir-138,MIR-138,GCUGGUG,MIMAT0003599,None,chr6,73571452,73571512,#ERROR!,Vertebrata,Vertebrata,No,,,1,,,,,,
Xtr-Mir-139,xtr-mir-139,MIR-139,CUACAGU,MIMAT0003600,None,chr2,170077882,170077940,-,Gnathostomata,Gnathostomata,No,,,,,,,,,
Xtr-Mir-140-P1-v1,xtr-mir-140,MIR-140,CCACAGG,MIMAT0003601,None,chr4,62459953,62460014,#ERROR!,Gnathostomata,Vertebrata,No,,,1,,,,,,
Xtr-Mir-140-P1-v2,xtr-mir-140,MIR-140,ACCACAG,MIMAT0003601,None,chr4,62459953,62460014,#ERROR!,Gnathostomata,Vertebrata,No,,,1,,,,,,
Xtr-Mir-142-P1a-v1,xtr-mir-142-1,MIR-142,AUAAAGU,MIMAT0003602,MIMAT0003603,chr2,38445593,38445652,#ERROR!,Xenopus,Vertebrata,No,,,1,,,,,,
Xtr-Mir-142-P1a-v2,xtr-mir-142-1,MIR-142,UAGUGUU,MIMAT0003602,MIMAT0003603,chr2,38445593,38445652,#ERROR!,Xenopus,Vertebrata,No,,,1,,,,,,
Xtr-Mir-142-P1a-v3,xtr-mir-142-1,MIR-142,GUAGUGU,MIMAT0003602,MIMAT0003603,chr2,38445593,38445652,#ERROR!,Xenopus,Vertebrata,No,,,1,,,,,,
Xtr-Mir-142-P1a-v4,xtr-mir-142-1,MIR-142,CCAUAAA,MIMAT0003602,MIMAT0003603,chr2,38445591,38445654,#ERROR!,Xenopus,Vertebrata,No,,,,,,,,,
Xtr-Mir-142-P1b-v1,xtr-mir-142-2,MIR-142,AUAAAGU,MIMAT0003602,MIMAT0003603,chr2,38446775,38446834,#ERROR!,Xenopus,Vertebrata,No,,,1,,,,,,
Xtr-Mir-142-P1b-v2,xtr-mir-142-2,MIR-142,UAGUGUU,MIMAT0003602,MIMAT0003603,chr2,38446775,38446834,#ERROR!,Xenopus,Vertebrata,No,,,1,,,,,,
Xtr-Mir-142-P1b-v3,xtr-mir-142-2,MIR-142,GUAGUGU,MIMAT0003602,MIMAT0003603,chr2,38446775,38446834,#ERROR!,Xenopus,Vertebrata,No,,,1,,,,,,
Xtr-Mir-142-P1b-v4,xtr-mir-142-2,MIR-142,CCAUAAA,MIMAT0003602,MIMAT0003603,chr2,38446773,38446836,#ERROR!,Xenopus,Vertebrata,No,,,,,,,,,
Xtr-Mir-143,xtr-mir-143,MIR-143,GAGAUGA,None,MIMAT0003686,chr3,31806273,31806327,#ERROR!,Vertebrata,Vertebrata,Yes,,,1,,,,,,
Xtr-Mir-144,xtr-mir-144,MIR-144,GAUAUCA,None,MIMAT0003687,chr2,26506546,26506603,#ERROR!,Vertebrata,Vertebrata,No,1,,,,,,,,
Xtr-Mir-145,xtr-mir-145,MIR-145,UCCAGUU,MIMAT0003688,None,chr3,31807233,31807292,#ERROR!,Vertebrata,Vertebrata,Unknown,,,1,,,,,,
Xtr-Mir-146-P2,xtr-mir-146b,MIR-146,GAGAACU,MIMAT0005563,None,chr1,8024093,8024157,#ERROR!,Gnathostomata,Vertebrata,Yes,,,1,,,,,,
Xtr-Mir-146-P4,xtr-mir-146a,MIR-146,GAGAACU,MIMAT0003604,None,chr3,14163632,14163687,#ERROR!,Gnathostomata,Vertebrata,Unknown,1,,1,,,,,,
Xtr-Mir-148-P1,xtr-mir-148a,MIR-148,CAGUGCA,None,MIMAT0003664,chr6,33524418,33524477,#ERROR!,Gnathostomata,Vertebrata,No,,,1,,,,,,
Xtr-Mir-148-P4,xtr-mir-148b,MIR-148,CAGUGCA,None,MIMAT0003605,chr2,142379073,142379133,-,Gnathostomata,Vertebrata,No,,1,1,,,,,,
Xtr-Mir-150,xtr-mir-150,MIR-150,CUGGUAC,MIMAT0003606,None,chr7,102581283,102581340,-,Gnathostomata,Gnathostomata,No,,,1,,,,,,
Xtr-Mir-153-P1,xtr-mir-153-2,MIR-153,CAUUUUU,None,MIMAT0003607,chr6,10079159,10079218,-,Gnathostomata,Bilateria,No,,,1,,,,,,
Xtr-Mir-153-P2,xtr-mir-153-1,MIR-153,UGCAUAG,None,MIMAT0003607,chr9,78533754,78533813,#ERROR!,Gnathostomata,Bilateria,No,,1,1,,,,,,
Xtr-Mir-155,xtr-mir-155,MIR-155,UAAUGCU,MIMAT0003608,None,chr2,14606423,14606484,-,Vertebrata,Vertebrata,Unknown,1,,,,,,,,
Xtr-Mir-181-P1a,xtr-mir-181a-1,MIR-181,ACAUUCA,MIMAT0003625,MIMAT0003626,chr4,101423858,101423919,-,Gnathostomata,Vertebrata,No,1,,,,,,,,
Xtr-Mir-181-P1b,xtr-mir-181a-2,MIR-181,ACAUUCA,MIMAT0003625,MIMAT0005461,chrUn_NW_016683376v1,1377170,1377236,#ERROR!,Gnathostomata,Vertebrata,No,1,,,,,,,,
Xtr-Mir-181-P2a,xtr-mir-181b-1,MIR-181,ACAUUCA,MIMAT0003609,None,chr4,101423401,101423461,-,Gnathostomata,Vertebrata,Yes,,,,,,,,,
Xtr-Mir-181-P2b,xtr-mir-181b-2,MIR-181,ACAUUCA,MIMAT0003609,None,chrUn_NW_016683376v1,1381335,1381394,#ERROR!,Gnathostomata,Vertebrata,No,,,,,,,,,
Xtr-Mir-184,xtr-mir-184,MIR-184,GGACGGA,None,MIMAT0003613,chr3,115714277,115714338,-,Bilateria,Bilateria,No,1,,1,,,,,,
Xtr-Mir-187,xtr-mir-187,MIR-187,CGUGUCU,None,MIMAT0003614,chr6,35813964,35814022,-,Osteichthyes,Osteichthyes,Yes,,,,,,,,,
Xtr-Mir-190-P3,xtr-mir-190,MIR-190,GAUAUGU,MIMAT0025392,None,AKAT9956_415224979,345,404,#ERROR!,Gnathostomata,Bilateria,Unknown,,,1,,,,,,
Xtr-Mir-191,xtr-mir-191,MIR-191,AACGGAA,MIMAT0003689,None,chr4,126192673,126192732,-,Gnathostomata,Gnathostomata,Unknown,,,1,,,,,,
Xtr-Mir-192-P1,xtr-mir-215,MIR-192,UGACCUA,MIMAT0003628,None,chr5,6916171,6916232,#ERROR!,Vertebrata,Vertebrata,No,1,,,,,,,,
Xtr-Mir-192-P2,xtr-mir-192,MIR-192,UGACCUA,MIMAT0003615,None,chr4,38493655,38493715,#ERROR!,Vertebrata,Vertebrata,No,,1,,,,,,,
Xtr-Mir-193-P1a,xtr-mir-193,MIR-193,ACUGGCC,None,MIMAT0003616,chr9,32323003,32323061,-,Vertebrata,Bilateria,No,1,,,,,,,,
Xtr-Mir-193-P2a,xtr-mir-365-1,MIR-193,AAUGCCC,None,MIMAT0003637,chr9,32274432,32274492,-,Vertebrata,Bilateria,Yes,,,1,,,,,,
Xtr-Mir-194-P1,xtr-mir-194-1,MIR-194,GUAACAG,MIMAT0003617,None,chr5,6915468,6915523,#ERROR!,Vertebrata,Vertebrata,No,,,,,,,,,
Xtr-Mir-194-P2,xtr-mir-194-2,MIR-194,GUAACAG,MIMAT0003617,None,chr4,38492078,38492136,#ERROR!,Vertebrata,Vertebrata,No,1,,,,,,,,
Xtr-Mir-196-P1,xtr-mir-196b,MIR-196,AGGUAGU,MIMAT0003691,None,chr6,32896546,32896604,#ERROR!,Gnathostomata,Olfactores,Unknown,,,1,,,,,,
Xtr-Mir-196-P4,xtr-mir-196a,MIR-196,AGGUAGU,MIMAT0003690,None,chr2,142905384,142905444,-,Gnathostomata,Olfactores,No,,,1,,,,,,
Xtr-Mir-199-P1-v1,xtr-mir-199a,MIR-199,CAGUAGU,MIMAT0003618,MIMAT0003619,chr4,97341514,97341574,#ERROR!,Gnathostomata,Vertebrata,No,,,1,,,,,,
Xtr-Mir-199-P1-v2,xtr-mir-199a,MIR-199,ACAGUAG,MIMAT0003618,MIMAT0003619,chr4,97341514,97341574,#ERROR!,Gnathostomata,Vertebrata,No,,,1,,,,,,
Xtr-Mir-199-P1-v3,xtr-mir-199a,MIR-199,AGUAGUC,MIMAT0003618,MIMAT0003619,chr4,97341514,97341574,#ERROR!,Gnathostomata,Vertebrata,No,,,1,,,,,,
Xtr-Mir-199-P3,xtr-mir-199b,MIR-199,CCAGUGU,MIMAT0003692,None,chr3,127964118,127964178,-,Gnathostomata,Vertebrata,No,,,1,,,,,,
Xtr-Mir-202-P1,xtr-mir-202-1,MIR-202,UCCUAUG,MIMAT0003620,MIMAT0003621,chr7,18578561,18578618,#ERROR!,X. tropicalis,Vertebrata,No,,,1,,,,,,
Xtr-Mir-202-P2,xtr-mir-202-2,MIR-202,UCCUAUG,MIMAT0003620,MIMAT0003621,chr7,18586271,18586328,#ERROR!,X. tropicalis,Vertebrata,No,,,1,,,,,,
Xtr-Mir-203-v1,xtr-mir-203,MIR-203,UGAAAUG,None,MIMAT0003695,chr8,77988327,77988386,#ERROR!,Vertebrata,Vertebrata,No,1,,1,,,,,,
Xtr-Mir-203-v2,xtr-mir-203,MIR-203,GAAAUGU,None,MIMAT0003695,chr8,77988327,77988386,#ERROR!,Vertebrata,Vertebrata,Unknown,1,,1,,,,,,
Xtr-Mir-204-P1,xtr-mir-204-1,MIR-204,UCCCUUU,MIMAT0003696,None,chr3,87225673,87225730,#ERROR!,Gnathostomata,Vertebrata,No,1,,1,,,,,,
Xtr-Mir-204-P2,xtr-mir-204-2,MIR-204,UCCCUUU,MIMAT0003696,None,chr1,117768519,117768578,-,Gnathostomata,Vertebrata,No,1,,1,,,,,,
Xtr-Mir-205-P1,xtr-mir-205b,MIR-205,CCUUCAU,MIMAT0003622,None,chr4,125249616,125249675,-,Gnathostomata,Vertebrata,No,,1,1,,,,,,
Xtr-Mir-205-P4,xtr-mir-205a,MIR-205,CCUUCAU,MIMAT0003697,None,chr2,46983792,46983850,-,Gnathostomata,Vertebrata,Unknown,,,,,,,,,
Xtr-Mir-208-P2,xtr-mir-208,MIR-208,AGCUUUU,None,MIMAT0003698,chr1,127564546,127564602,-,Vertebrata,Vertebrata,No,,,1,,,,,,
Xtr-Mir-210,xtr-mir-210,MIR-210,UGUGCGU,None,MIMAT0003624,chr4,39569278,39569340,-,Bilateria,Bilateria,No,,,,,,,,,
Xtr-Mir-214-v1,xtr-mir-214,MIR-214,CAGCAGG,None,MIMAT0003627,chr4,97346627,97346689,#ERROR!,Gnathostomata,Gnathostomata,No,,,,,,,,,
Xtr-Mir-214-v2,xtr-mir-214,MIR-214,ACAGCAG,None,MIMAT0003627,chr4,97346627,97346689,#ERROR!,Gnathostomata,Gnathostomata,No,,,,,,,,,
Xtr-Mir-216-P2b,xtr-mir-216,MIR-216,AAUCUCA,MIMAT0003629,None,chr5,26049038,26049099,-,Vertebrata,Bilateria,No,,,,,,,,,
Xtr-Mir-217-v1,xtr-mir-217,MIR-217,ACUGCAU,MIMAT0003630,None,chr5,26048673,26048731,-,Chordata,Chordata,No,,,1,,,,,,
Xtr-Mir-217-v2,xtr-mir-217,MIR-217,UACUGCA,MIMAT0003630,None,chr5,26048672,26048732,-,Chordata,Chordata,No,,,1,,,,,,
Xtr-Mir-218-P2,xtr-mir-218-1,MIR-218,UGUGCUU,MIMAT0003631,None,chr1,22730618,22730681,-,Gnathostomata,Vertebrata,Unknown,,,1,,,,,,
Xtr-Mir-218-P4,xtr-mir-218-2,MIR-218,UGUGCUU,MIMAT0003631,None,chr3,24052824,24052887,#ERROR!,Gnathostomata,Vertebrata,Unknown,,,1,,,,,,
Xtr-Mir-219-P2,xtr-mir-219,MIR-219,GAUUGUC,MIMAT0003632,None,chr8,7839296,7839362,#ERROR!,Gnathostomata,Bilateria,No,,,1,,,,,,
Xtr-Mir-221-P1a,xtr-mir-222,MIR-221,GCUACAU,None,MIMAT0003633,chr2,68930297,68930358,#ERROR!,Gnathostomata,Vertebrata,No,,1,,,,,,,
Xtr-Mir-221-P2a,xtr-mir-221,MIR-221,GCUACAU,None,MIMAT0003700,chr2,68930823,68930885,#ERROR!,Gnathostomata,Vertebrata,No,,,,,,,,,
Xtr-Mir-223,xtr-mir-223,MIR-223,GUCAGUU,None,MIMAT0003634,chr8,19321719,19321783,-,Vertebrata,Vertebrata,No,,,1,,,,,,
Xtr-Mir-338-P1,xtr-mir-338-2,MIR-338,CCAGCAU,None,MIMAT0003665,chr9,20077940,20077999,#ERROR!,Vertebrata,Vertebrata,No,1,1,1,,,,,,
Xtr-Mir-338-P2,xtr-mir-338-1,MIR-338,CCAGCAU,None,MIMAT0003665,chr10,18675794,18675854,#ERROR!,Vertebrata,Vertebrata,No,,,1,,,,,,
Xtr-Mir-375,xtr-mir-375,MIR-375,UUGUUCG,None,MIMAT0005565,chr9,77564219,77564276,-,Bilateria,Bilateria,No,,,1,,,,,,
Xtr-Mir-383-v1,xtr-mir-383,MIR-383,GAUCAGA,MIMAT0003639,None,chr1,32341380,32341441,-,Tetrapoda,Tetrapoda,No,,,,,,,,,
Xtr-Mir-383-v2,xtr-mir-383,MIR-383,AGAUCAG,MIMAT0003639,None,chr1,32341380,32341442,-,Tetrapoda,Tetrapoda,Yes,,,,,,,,,
Xtr-Mir-425,xtr-mir-425,MIR-425,AUGACAC,MIMAT0003640,None,chr4,126189462,126189524,-,Gnathostomata,Gnathostomata,No,,,1,,,,,,
Xtr-Mir-430-o4,None,MIR-430,CUGACAA,None,None,chr1,59518864,59518921,-,Xenopus,Vertebrata,Unknown,,,,,,,,,
Xtr-Mir-430-o5a1,xtr-mir-427-1,MIR-430,AAGUGCU,None,MIMAT0005566,chr3,133250942,133251005,#ERROR!,X. tropicalis,Vertebrata,No,,1,1,,,,,,
Xtr-Mir-430-o5a2,xtr-mir-427-1,MIR-430,AAGUGCU,None,MIMAT0005566,chr3,133252554,133252617,#ERROR!,X. tropicalis,Vertebrata,No,,1,1,,,,,,
Xtr-Mir-430-o5a3,xtr-mir-427-1,MIR-430,AAGUGCU,None,MIMAT0005566,chr3,133254161,133254224,#ERROR!,X. tropicalis,Vertebrata,No,,1,1,,,,,,
Xtr-Mir-430-o5a4,xtr-mir-427-1,MIR-430,AAGUGCU,None,MIMAT0005566,chr3,133258162,133258225,#ERROR!,X. tropicalis,Vertebrata,No,,1,1,,,,,,
Xtr-Mir-430-o5a5,xtr-mir-427-1,MIR-430,AAGUGCU,None,MIMAT0005566,chr3,133259769,133259832,#ERROR!,X. tropicalis,Vertebrata,No,,1,1,,,,,,
Xtr-Mir-430-o5a6,xtr-mir-427-1,MIR-430,AAGUGCU,None,MIMAT0005566,chr3,133261370,133261433,#ERROR!,X. tropicalis,Vertebrata,No,,1,1,,,,,,
Xtr-Mir-430-o5a7,xtr-mir-427-1,MIR-430,AAGUGCU,None,MIMAT0005566,chr3,133266070,133266133,#ERROR!,X. tropicalis,Vertebrata,No,,1,1,,,,,,
Xtr-Mir-430-o5a8,xtr-mir-427-1,MIR-430,AAGUGCU,None,MIMAT0005566,chr3,133267668,133267731,#ERROR!,X. tropicalis,Vertebrata,No,,1,1,,,,,,
Xtr-Mir-430-o5a9,xtr-mir-427-1,MIR-430,AAGUGCU,None,MIMAT0005566,chr3,133270884,133270947,#ERROR!,X. tropicalis,Vertebrata,No,,1,1,,,,,,
Xtr-Mir-430-o5a10,xtr-mir-427-1,MIR-430,AAGUGCU,None,MIMAT0005566,chr3,133272485,133272548,#ERROR!,X. tropicalis,Vertebrata,No,,1,1,,,,,,
Xtr-Mir-430-o5a11,xtr-mir-427-1,MIR-430,AAGUGCU,None,MIMAT0005566,chr3,133301957,133302020,#ERROR!,X. tropicalis,Vertebrata,No,,1,1,,,,,,
Xtr-Mir-430-o5a12,xtr-mir-427-1,MIR-430,AAGUGCU,None,MIMAT0005566,chr3,133221390,133221453,-,X. tropicalis,Vertebrata,No,,1,1,,,,,,
Xtr-Mir-430-o5a13,xtr-mir-427-1,MIR-430,AAGUGCU,None,MIMAT0005566,chr3,133222430,133222493,-,X. tropicalis,Vertebrata,No,,1,1,,,,,,
Xtr-Mir-430-o5a14,xtr-mir-427-1,MIR-430,AAGUGCU,None,MIMAT0005566,chr3,133224045,133224108,-,X. tropicalis,Vertebrata,No,,1,1,,,,,,
Xtr-Mir-430-o5a15,xtr-mir-427-1,MIR-430,AAGUGCU,None,MIMAT0005566,chr3,133227259,133227322,-,X. tropicalis,Vertebrata,No,,1,1,,,,,,
Xtr-Mir-430-o5a16,xtr-mir-427-1,MIR-430,AAGUGCU,None,MIMAT0005566,chr3,133230494,133230557,-,X. tropicalis,Vertebrata,No,,1,1,,,,,,
Xtr-Mir-430-o5a17,xtr-mir-427-1,MIR-430,AAGUGCU,None,MIMAT0005566,chr3,133232106,133232169,-,X. tropicalis,Vertebrata,No,,1,1,,,,,,
Xtr-Mir-430-o5a18,xtr-mir-427-1,MIR-430,AAGUGCU,None,MIMAT0005566,chr3,133233724,133233787,-,X. tropicalis,Vertebrata,No,,1,1,,,,,,
Xtr-Mir-430-o5a19,xtr-mir-427-1,MIR-430,AAGUGCU,None,MIMAT0005566,chr3,133244878,133244941,-,X. tropicalis,Vertebrata,No,,1,1,,,,,,
Xtr-Mir-430-o5a20,xtr-mir-427-1,MIR-430,AAGUGCU,None,MIMAT0005566,chr3,133243264,133243327,-,X. tropicalis,Vertebrata,No,,1,1,,,,,,
Xtr-Mir-430-o5a21,xtr-mir-427-1,MIR-430,AAGUGCU,None,MIMAT0005566,chr3,133241228,133241291,-,X. tropicalis,Vertebrata,No,,1,1,,,,,,
Xtr-Mir-430-o5a22,xtr-mir-427-1,MIR-430,AAGUGCU,None,MIMAT0005566,chr3,133238019,133238082,-,X. tropicalis,Vertebrata,No,,1,1,,,,,,
Xtr-Mir-430-o5a23,xtr-mir-427-1,MIR-430,AAGUGCU,None,MIMAT0005566,chr3,133234149,133234212,-,X. tropicalis,Vertebrata,No,,1,1,,,,,,
Xtr-Mir-430-o5b,None,MIR-430,AAGUGCU,None,None,chr3,133257735,133257798,#ERROR!,X. tropicalis,Vertebrata,No,,1,1,,,,,,
Xtr-Mir-430-o5c1,xtr-mir-427-3,MIR-430,AAGUGCU,None,MIMAT0005566,chr3,133250515,133250578,#ERROR!,X. tropicalis,Vertebrata,No,,1,1,,,,,,
Xtr-Mir-430-o5c2,xtr-mir-427-3,MIR-430,AAGUGCU,None,MIMAT0005566,chr3,133252131,133252194,#ERROR!,X. tropicalis,Vertebrata,No,,1,1,,,,,,
Xtr-Mir-430-o5c3,xtr-mir-427-3,MIR-430,AAGUGCU,None,MIMAT0005566,chr3,133253734,133253797,#ERROR!,X. tropicalis,Vertebrata,No,,1,1,,,,,,
Xtr-Mir-430-o5c4,xtr-mir-427-3,MIR-430,AAGUGCU,None,MIMAT0005566,chr3,133255350,133255413,#ERROR!,X. tropicalis,Vertebrata,No,,1,1,,,,,,
Xtr-Mir-430-o5c5,xtr-mir-427-3,MIR-430,AAGUGCU,None,MIMAT0005566,chr3,133259351,133259414,#ERROR!,X. tropicalis,Vertebrata,No,,1,1,,,,,,
Xtr-Mir-430-o5c6,xtr-mir-427-3,MIR-430,AAGUGCU,None,MIMAT0005566,chr3,133260947,133261010,#ERROR!,X. tropicalis,Vertebrata,No,,1,1,,,,,,
Xtr-Mir-430-o5c7,xtr-mir-427-3,MIR-430,AAGUGCU,None,MIMAT0005566,chr3,133262551,133262614,#ERROR!,X. tropicalis,Vertebrata,No,,1,1,,,,,,
Xtr-Mir-430-o5c8,xtr-mir-427-3,MIR-430,AAGUGCU,None,MIMAT0005566,chr3,133264474,133264537,#ERROR!,X. tropicalis,Vertebrata,No,,1,1,,,,,,
Xtr-Mir-430-o5c9,xtr-mir-427-3,MIR-430,AAGUGCU,None,MIMAT0005566,chr3,133265655,133265718,#ERROR!,X. tropicalis,Vertebrata,No,,1,1,,,,,,
Xtr-Mir-430-o5c10,xtr-mir-427-3,MIR-430,AAGUGCU,None,MIMAT0005566,chr3,133267255,133267318,#ERROR!,X. tropicalis,Vertebrata,No,,1,1,,,,,,
Xtr-Mir-430-o5c11,xtr-mir-427-3,MIR-430,AAGUGCU,None,MIMAT0005566,chr3,133301534,133301597,#ERROR!,X. tropicalis,Vertebrata,No,,1,1,,,,,,
Xtr-Mir-430-o5c12,xtr-mir-427-3,MIR-430,AAGUGCU,None,MIMAT0005566,chr3,133273665,133273728,#ERROR!,X. tropicalis,Vertebrata,No,,1,1,,,,,,
Xtr-Mir-430-o5c13,xtr-mir-427-3,MIR-430,AAGUGCU,None,MIMAT0005566,chr3,133272063,133272126,#ERROR!,X. tropicalis,Vertebrata,No,,1,1,,,,,,
Xtr-Mir-430-o5c14,xtr-mir-427-3,MIR-430,AAGUGCU,None,MIMAT0005566,chr3,133270461,133270524,#ERROR!,X. tropicalis,Vertebrata,No,,1,1,,,,,,
Xtr-Mir-430-o5c15,xtr-mir-427-3,MIR-430,AAGUGCU,None,MIMAT0005566,chr3,133268857,133268920,#ERROR!,X. tropicalis,Vertebrata,No,,1,1,,,,,,
Xtr-Mir-430-o5c16,xtr-mir-427-3,MIR-430,AAGUGCU,None,MIMAT0005566,chr3,133222856,133222919,-,X. tropicalis,Vertebrata,No,,1,1,,,,,,
Xtr-Mir-430-o5c17,xtr-mir-427-3,MIR-430,AAGUGCU,None,MIMAT0005566,chr3,133224471,133224534,-,X. tropicalis,Vertebrata,No,,1,1,,,,,,
Xtr-Mir-430-o5c18,xtr-mir-427-3,MIR-430,AAGUGCU,None,MIMAT0005566,chr3,133226070,133226133,-,X. tropicalis,Vertebrata,No,,1,1,,,,,,
Xtr-Mir-430-o5c19,xtr-mir-427-3,MIR-430,AAGUGCU,None,MIMAT0005566,chr3,133229305,133229368,-,X. tropicalis,Vertebrata,No,,1,1,,,,,,
Xtr-Mir-430-o5c20,xtr-mir-427-3,MIR-430,AAGUGCU,None,MIMAT0005566,chr3,133230917,133230980,-,X. tropicalis,Vertebrata,No,,1,1,,,,,,
Xtr-Mir-430-o5c21,xtr-mir-427-3,MIR-430,AAGUGCU,None,MIMAT0005566,chr3,133234574,133234637,-,X. tropicalis,Vertebrata,No,,1,1,,,,,,
Xtr-Mir-430-o5c22,xtr-mir-427-3,MIR-430,AAGUGCU,None,MIMAT0005566,chr3,133238439,133238502,-,X. tropicalis,Vertebrata,No,,1,1,,,,,,
Xtr-Mir-430-o5c23,xtr-mir-427-3,MIR-430,AAGUGCU,None,MIMAT0005566,chr3,133243690,133243753,-,X. tropicalis,Vertebrata,No,,1,,,,,,,
Xtr-Mir-430-o5c24,xtr-mir-427-3,MIR-430,AAGUGCU,None,MIMAT0005566,chr3,133241651,133241714,-,X. tropicalis,Vertebrata,No,,1,1,,,,,,
Xtr-Mir-430-o5c25,xtr-mir-427-3,MIR-430,AAGUGCU,None,MIMAT0005566,chr3,133240046,133240109,-,X. tropicalis,Vertebrata,No,,1,1,,,,,,
Xtr-Mir-430-o5d1,None,MIR-430,AAGUGCU,None,None,chr3,133227685,133227748,-,X. tropicalis,Vertebrata,No,,1,1,,,,,,
Xtr-Mir-430-o5d2,None,MIR-430,AAGUGCU,None,None,chr3,133236181,133236244,-,X. tropicalis,Vertebrata,No,,1,1,,,,,,
Xtr-Mir-430-o5e,None,MIR-430,AAGUGCU,None,None,chr3,133232535,133232598,-,X. tropicalis,Vertebrata,No,,1,1,,,,,,
Xtr-Mir-430-o5f1,None,MIR-430,AAGUGCU,None,None,chr3,133228887,133228950,-,X. tropicalis,Vertebrata,No,,1,1,,,,,,
Xtr-Mir-430-o5f2,None,MIR-430,AAGUGCU,None,None,chr3,133239620,133239683,-,X. tropicalis,Vertebrata,No,,1,1,,,,,,
Xtr-Mir-430-o5g,None,MIR-430,CCCAAAA,None,None,chr3,133225643,133225706,-,X. tropicalis,Vertebrata,No,,1,1,,,,,,
Xtr-Mir-430-o5h,None,MIR-430,CCCAAAA,None,None,chr3,133257277,133257340,#ERROR!,X. tropicalis,Vertebrata,No,,1,1,,,,,,
Xtr-Mir-430-o5j,None,MIR-430,CCCAAAA,None,None,chr3,133260659,133260722,#ERROR!,X. tropicalis,Vertebrata,No,,1,1,,,,,,
Xtr-Mir-430-o5k1,None,MIR-430,AAGUGCU,None,None,chr3,133250377,133250440,#ERROR!,X. tropicalis,Vertebrata,No,,1,1,,,,,,
Xtr-Mir-430-o5k2,None,MIR-430,AAGUGCU,None,None,chr3,133251993,133252056,#ERROR!,X. tropicalis,Vertebrata,No,,1,1,,,,,,
Xtr-Mir-430-o5k3,None,MIR-430,AAGUGCU,None,None,chr3,133255212,133255275,#ERROR!,X. tropicalis,Vertebrata,No,,1,1,,,,,,
Xtr-Mir-430-o5k4,None,MIR-430,AAGUGCU,None,None,chr3,133259213,133259276,#ERROR!,X. tropicalis,Vertebrata,No,,1,1,,,,,,
Xtr-Mir-430-o5k5,None,MIR-430,AAGUGCU,None,None,chr3,133260809,133260872,#ERROR!,X. tropicalis,Vertebrata,No,,1,1,,,,,,
Xtr-Mir-430-o5k6,None,MIR-430,AAGUGCU,None,None,chr3,133262413,133262476,#ERROR!,X. tropicalis,Vertebrata,No,,1,1,,,,,,
Xtr-Mir-430-o5k7,None,MIR-430,AAGUGCU,None,None,chr3,133263894,133263957,#ERROR!,X. tropicalis,Vertebrata,No,,1,1,,,,,,
Xtr-Mir-430-o5k8,None,MIR-430,AAGUGCU,None,None,chr3,133264336,133264399,#ERROR!,X. tropicalis,Vertebrata,No,,1,1,,,,,,
Xtr-Mir-430-o5k9,None,MIR-430,AAGUGCU,None,None,chr3,133265517,133265580,#ERROR!,X. tropicalis,Vertebrata,No,,1,1,,,,,,
Xtr-Mir-430-o5k10,None,MIR-430,AAGUGCU,None,None,chr3,133301396,133301459,#ERROR!,X. tropicalis,Vertebrata,No,,1,1,,,,,,
Xtr-Mir-430-o5k11,None,MIR-430,AAGUGCU,None,None,chr3,133273527,133273590,#ERROR!,X. tropicalis,Vertebrata,No,,1,1,,,,,,
Xtr-Mir-430-o5k12,None,MIR-430,AAGUGCU,None,None,chr3,133271926,133271989,#ERROR!,X. tropicalis,Vertebrata,No,,1,1,,,,,,
Xtr-Mir-430-o5k13,None,MIR-430,AAGUGCU,None,None,chr3,133270323,133270386,#ERROR!,X. tropicalis,Vertebrata,No,,1,1,,,,,,
Xtr-Mir-430-o5k14,None,MIR-430,AAGUGCU,None,None,chr3,133268719,133268782,#ERROR!,X. tropicalis,Vertebrata,No,,1,1,,,,,,
Xtr-Mir-430-o5k15,None,MIR-430,AAGUGCU,None,None,chr3,133267117,133267180,#ERROR!,X. tropicalis,Vertebrata,No,,1,1,,,,,,
Xtr-Mir-430-o5k16,None,MIR-430,AAGUGCU,None,None,chr3,133221502,133221565,-,X. tropicalis,Vertebrata,No,,1,1,,,,,,
Xtr-Mir-430-o5k17,None,MIR-430,AAGUGCU,None,None,chr3,133222994,133223057,-,X. tropicalis,Vertebrata,No,,1,1,,,,,,
Xtr-Mir-430-o5k18,None,MIR-430,AAGUGCU,None,None,chr3,133224608,133224671,-,X. tropicalis,Vertebrata,No,,1,1,,,,,,
Xtr-Mir-430-o5k19,None,MIR-430,AAGUGCU,None,None,chr3,133226208,133226271,-,X. tropicalis,Vertebrata,No,,1,1,,,,,,
Xtr-Mir-430-o5k20,None,MIR-430,AAGUGCU,None,None,chr3,133227823,133227886,-,X. tropicalis,Vertebrata,No,,1,1,,,,,,
Xtr-Mir-430-o5k21,None,MIR-430,AAGUGCU,None,None,chr3,133229443,133229506,-,X. tropicalis,Vertebrata,No,,1,1,,,,,,
Xtr-Mir-430-o5k22,None,MIR-430,AAGUGCU,None,None,chr3,133231055,133231118,-,X. tropicalis,Vertebrata,No,,1,1,,,,,,
Xtr-Mir-430-o5k23,None,MIR-430,AAGUGCU,None,None,chr3,133243828,133243891,-,X. tropicalis,Vertebrata,No,,1,1,,,,,,
Xtr-Mir-430-o5k24,None,MIR-430,AAGUGCU,None,None,chr3,133241789,133241852,-,X. tropicalis,Vertebrata,No,,1,1,,,,,,
Xtr-Mir-430-o5k25,None,MIR-430,AAGUGCU,None,None,chr3,133240184,133240247,-,X. tropicalis,Vertebrata,No,,1,1,,,,,,
Xtr-Mir-430-o5k26,None,MIR-430,AAGUGCU,None,None,chr3,133234711,133234774,-,X. tropicalis,Vertebrata,No,,1,1,,,,,,
Xtr-Mir-430-o5k27,None,MIR-430,AAGUGCU,None,None,chr3,133232673,133232736,-,X. tropicalis,Vertebrata,No,,1,1,,,,,,
Xtr-Mir-430-o5l1,None,MIR-430,AAGUGCU,None,None,chr3,133250811,133250874,#ERROR!,X. tropicalis,Vertebrata,No,,1,1,,,,,,
Xtr-Mir-430-o5l2,None,MIR-430,AAGUGCU,None,None,chr3,133252416,133252479,#ERROR!,X. tropicalis,Vertebrata,No,,1,1,,,,,,
Xtr-Mir-430-o5l3,None,MIR-430,AAGUGCU,None,None,chr3,133254030,133254093,#ERROR!,X. tropicalis,Vertebrata,No,,1,1,,,,,,
Xtr-Mir-430-o5l4,None,MIR-430,AAGUGCU,None,None,chr3,133258031,133258094,#ERROR!,X. tropicalis,Vertebrata,No,,1,1,,,,,,
Xtr-Mir-430-o5l5,None,MIR-430,AAGUGCU,None,None,chr3,133259638,133259701,#ERROR!,X. tropicalis,Vertebrata,No,,1,1,,,,,,
Xtr-Mir-430-o5l6,None,MIR-430,AAGUGCU,None,None,chr3,133269151,133269214,#ERROR!,X. tropicalis,Vertebrata,No,,1,,,,,,,
Xtr-Mir-430-o5l7,None,MIR-430,AAGUGCU,None,None,chr3,133270746,133270809,#ERROR!,X. tropicalis,Vertebrata,No,,1,1,,,,,,
Xtr-Mir-430-o5l8,None,MIR-430,AAGUGCU,None,None,chr3,133272347,133272410,#ERROR!,X. tropicalis,Vertebrata,No,,1,1,,,,,,
Xtr-Mir-430-o5l9,None,MIR-430,AAGUGCU,None,None,chr3,133301819,133301882,#ERROR!,X. tropicalis,Vertebrata,No,,1,1,,,,,,
Xtr-Mir-430-o5l10,None,MIR-430,AAGUGCU,None,None,chr3,133224176,133224239,-,X. tropicalis,Vertebrata,No,,1,1,,,,,,
Xtr-Mir-430-o5l11,None,MIR-430,AAGUGCU,None,None,chr3,133227390,133227453,-,X. tropicalis,Vertebrata,No,,1,1,,,,,,
Xtr-Mir-430-o5l12,None,MIR-430,AAGUGCU,None,None,chr3,133243395,133243458,-,X. tropicalis,Vertebrata,No,,1,1,,,,,,
Xtr-Mir-430-o5l13,None,MIR-430,AAGUGCU,None,None,chr3,133241366,133241429,-,X. tropicalis,Vertebrata,No,,1,1,,,,,,
Xtr-Mir-430-o5l14,None,MIR-430,AAGUGCU,None,None,chr3,133239751,133239814,-,X. tropicalis,Vertebrata,No,,1,1,,,,,,
Xtr-Mir-430-o5l15,None,MIR-430,AAGUGCU,None,None,chr3,133238157,133238220,-,X. tropicalis,Vertebrata,No,,1,1,,,,,,
Xtr-Mir-430-o5l16,None,MIR-430,AAGUGCU,None,None,chr3,133235886,133235949,-,X. tropicalis,Vertebrata,No,,1,1,,,,,,
Xtr-Mir-430-o5l17,None,MIR-430,AAGUGCU,None,None,chr3,133234280,133234343,-,X. tropicalis,Vertebrata,No,,1,1,,,,,,
Xtr-Mir-430-o5l18,None,MIR-430,AAGUGCU,None,None,chr3,133232237,133232300,-,X. tropicalis,Vertebrata,No,,1,1,,,,,,
Xtr-Mir-430-o5l19,None,MIR-430,AAGUGCU,None,None,chr3,133230632,133230695,-,X. tropicalis,Vertebrata,No,,1,1,,,,,,
Xtr-Mir-430-o5m,None,MIR-430,AAGUGCU,None,None,chr3,133261232,133261295,#ERROR!,X. tropicalis,Vertebrata,No,,1,1,,,,,,
Xtr-Mir-430-o5n1,None,MIR-430,AAGUGCU,None,None,chr3,133262839,133262902,#ERROR!,X. tropicalis,Vertebrata,No,,1,,,,,,,
Xtr-Mir-430-o5n2,None,MIR-430,AAGUGCU,None,None,chr3,133265932,133265995,#ERROR!,X. tropicalis,Vertebrata,No,,1,1,,,,,,
Xtr-Mir-430-o6,None,MIR-430,AAGUGCU,None,None,chrUn_NW_016683591v1,115715,115774,-,Xenopus,Vertebrata,No,,,1,,,,,,
Xtr-Mir-430-o7,xtr-mir-428a,MIR-430,GGCCUAA,None,MIMAT0003709,chrUn_NW_016683591v1,115429,115489,-,Xenopus,Vertebrata,No,,,1,,,,,,
Xtr-Mir-430-o8,xtr-mir-428b,MIR-430,AAGUGCU,None,MIMAT0035362,chrUn_NW_016683591v1,115047,115105,-,Xenopus,Vertebrata,No,,1,1,,,,,,
Xtr-Mir-430-P1,xtr-mir-302,MIR-430,AAGUGCU,None,MIMAT0003636,chr1,59518998,59519059,-,Gnathostomata,Vertebrata,No,,,,,,,,,
Xtr-Mir-430-P3,None,MIR-430,AAGUGCU,None,None,chr1,59519448,59519507,-,Gnathostomata,Vertebrata,No,,,,,,,,,
Xtr-Mir-451,xtr-mir-451,MIR-451,AACCGUU,MIMAT0003705,,chr2,26507261,26507302,#ERROR!,Vertebrata,Vertebrata,NA,,,1,,,,,,
Xtr-Mir-455,xtr-mir-455,MIR-455,AUGUGCC,MIMAT0003641,None,chr8,2703743,2703800,#ERROR!,Vertebrata,Vertebrata,No,,,,,,,,,
Xtr-Mir-456,None,MIR-456,AGGCUGG,None,None,chr5,56482179,56482239,#ERROR!,Vertebrata,Vertebrata,Yes,,1,1,,,,,,
Xtr-Mir-458,None,MIR-458,UAGCUCU,None,None,chr3,34925495,34925552,#ERROR!,Osteichthyes,Osteichthyes,No,,,1,,,,,,
Xtr-Mir-459,None,MIR-459,CAGUAAC,None,None,chrUn_NW_016685808v1,496,556,-,Vertebrata,Vertebrata,Unknown,,,,,,,,,
Xtr-Mir-460-P1,None,MIR-460,CUGCAUU,None,None,chr6,3768597,3768655,-,Osteichthyes,Osteichthyes,No,,,1,,,,,,
Xtr-Mir-460-P2,None,MIR-460,CCUCAUU,None,None,chr8,44862163,44862221,#ERROR!,Osteichthyes,Osteichthyes,No,,,1,,,,,,
Xtr-Mir-489-v1,xtr-mir-489,MIR-489,UGACAUC,None,MIMAT0003642,chr6,24122623,24122682,-,Osteichthyes,Osteichthyes,No,,,1,,,,,,
Xtr-Mir-489-v2,xtr-mir-489,MIR-489,GACAUCA,None,MIMAT0003642,chr6,24122622,24122683,-,Osteichthyes,Osteichthyes,No,1,,1,,,,,,
Xtr-Mir-499,xtr-mir-499,MIR-499,UAAGACU,MIMAT0003643,None,chr10,34537733,34537793,-,Vertebrata,Vertebrata,No,1,,1,,,,,,
Xtr-Mir-551-P1,None,MIR-551,AAACCAA,None,None,chr7,93453650,93453707,#ERROR!,Vertebrata,Vertebrata,Unknown,,1,,,,,,,
Xtr-Mir-551-P2,None,MIR-551,CGACCCA,None,None,chr5,101175018,101175078,-,Vertebrata,Vertebrata,Yes,,,,,,,,,
Xtr-Mir-725,None,MIR-725,UCAGUCA,None,None,chr5,99035854,99035909,#ERROR!,Gnathostomata,Gnathostomata,No,,,1,,,,,,
Xtr-Mir-726,None,MIR-726,UCACUAC,None,None,chr8,12373345,12373409,-,Osteichthyes,Osteichthyes,Yes,,,1,,,,,,
Xtr-Mir-1306,None,MIR-1306,CACCUCC,None,None,chr1,146833450,146833510,#ERROR!,Gnathostomata,Gnathostomata,Unknown,,1,1,,,,,,
Xtr-Mir-1329,None,MIR-1329,ACAGUGA,None,None,chr5,134486378,134486438,#ERROR!,Vertebrata,Vertebrata,Unknown,,,1,,,,,,
Xtr-Mir-1388,None,MIR-1388,UCUCAGG,None,None,NC_030686.2:1249050-1250250,1035,1095,-,Gnathostomata,Gnathostomata,No,,,1,,,,,,
Xtr-Mir-1662,None,MIR-1662,UGACAUC,None,None,chrUn_NW_016683472v1,318148,318205,#ERROR!,Tetrapoda,Tetrapoda,No,1,,,,,,,,
Xtr-Mir-1788,None,MIR-1788,AGGCAGC,None,None,chr9,77516409,77516467,-,Vertebrata,Vertebrata,Yes,,,1,,,,,,
Xtr-Mir-1805,None,MIR-1805,GUAUUGG,None,None,chr2,110661936,110661996,#ERROR!,Tetrapoda,Tetrapoda,No,,1,,,,,,,
Xtr-Mir-2184,xtr-mir-2184,MIR-2184,ACAGUAA,MIMAT0012192,None,chr2,27689436,27689495,-,Gnathostomata,Gnathostomata,No,,1,1,,,,,,
Xtr-Mir-2188,xtr-mir-2188,MIR-2188,AGGUCCA,MIMAT0012193,None,chr3,120050654,120050711,-,Gnathostomata,Gnathostomata,Yes,,1,1,,,,,,
Xtr-Mir-2970,None,MIR-2970,ACAGUCA,None,None,chr4,126187377,126187435,-,Sarcopterygii,Sarcopterygii,Unknown,,1,,,,,,,
Xtr-Mir-7147,None,MIR-7147,GUACCAU,None,None,chr6,128084324,128084382,#ERROR!,Osteichthyes,Osteichthyes,Unknown,,,,,,,,,
Xtr-Novel-1,None,AMP-NOVEL-1,AUCGCGU,None,None,chr1,67947782,67947839,-,Amphibia,Amphibia,Unknown,,,1,,,,,,
Xtr-Novel-2,None,AMP-NOVEL-2,GAGGCUU,None,None,chr5,86772848,86772905,#ERROR!,Amphibia,Amphibia,No,,1,,,,,,,
Xtr-Novel-3,None,XEN-NOVEL-3,GCUGGAG,None,None,chr9,24365337,24365393,#ERROR!,Xenopus,Xenopus,No,,,,,,,,,
Xtr-Novel-4,None,XEN-NOVEL-4,CCACUAG,None,None,chr7,62852538,62852594,-,Xenopus,Xenopus,No,,,,,,,,,
Xtr-Novel-5,None,XEN-NOVEL-5,UCCCCUU,None,None,chr8,75923129,75923189,-,Xenopus,Xenopus,No,1,,,,,,,,
Xtr-Novel-6,None,XEN-NOVEL-6,CACCGAU,None,None,chr9,29268997,29269060,#ERROR!,Xenopus,Xenopus,No,,,1,,,,,,
Xtr-Novel-7,None,XEN-NOVEL-7,UUCCUGC,None,None,chr1,98200860,98200928,#ERROR!,Xenopus,Xenopus,No,,,1,,,,,,
Xtr-Novel-8,None,XEN-NOVEL-8,GAAGUGA,None,None,chr3,989597,989652,#ERROR!,Xenopus,Xenopus,No,,,1,,,,,,
Xtr-Novel-9,None,XEN-NOVEL-9,AGGGAUC,None,None,chr6,71836723,71836780,#ERROR!,Xenopus,Xenopus,No,,,1,,,,,,
Xtr-Novel-10,None,XEN-NOVEL-10,GAUCGGA,None,None,chr7,23094426,23094488,-,Xenopus,Xenopus,Unknown,,,,,,,,,
Xtr-Novel-11,None,XEN-NOVEL-11,UGCUGAC,None,None,chr1,78077403,78077458,-,Xenopus,Xenopus,No,,,,,,,,,