MirGeneDB ID â–²,MiRBase ID,Family,Seed,5p accession,3p accession,Chromosome,Start,End,Strand,Node of origin (locus),Node of origin (family),3' NTU,UG,UGUG,CNNC,Te,Te,Te,To
Cpi-Let-7-P1b,cpi-let-7c-2,LET-7,GAGGUAG,MIMAT0037599,MIMAT0037601,JH585122,293024,293091,#ERROR!,Gnathostomata,Bilateria,No,1,,1,,,,
Cpi-Let-7-P1c,cpi-let-7c-1,LET-7,GAGGUAG,MIMAT0037599,MIMAT0037600,JH584644,4202594,4202660,#ERROR!,Gnathostomata,Bilateria,No,,,1,,,,
Cpi-Let-7-P1d,cpi-let-7a-2,LET-7,GAGGUAG,MIMAT0037594,MIMAT0037596,JH584755,1827954,1828020,#ERROR!,Gnathostomata,Bilateria,No,,,1,,,,
Cpi-Let-7-P2a1,cpi-let-7a-1,LET-7,GAGGUAG,MIMAT0037594,MIMAT0037595,JH584826,1417970,1418041,#ERROR!,Gnathostomata,Bilateria,Yes,,,1,,,,
Cpi-Let-7-P2a2,cpi-let-7a-3,LET-7,GAGGUAG,MIMAT0037594,MIMAT0037595,JH584704,2977447,2977517,#ERROR!,Gnathostomata,Bilateria,Yes,,,,,,,
Cpi-Let-7-P2a3,cpi-let-7f-1,LET-7,GAGGUAG,MIMAT0037606,None,JH584456,437012,437082,-,Gnathostomata,Bilateria,Yes,,,1,,,,
Cpi-Let-7-P2a4,cpi-let-7e,LET-7,GAGGUAG,MIMAT0037604,MIMAT0037605,JH584430,236767,236837,#ERROR!,Gnathostomata,Bilateria,Yes,,1,,,,,
Cpi-Let-7-P2b1,cpi-let-7f-2,LET-7,GAGGUAG,MIMAT0037606,MIMAT0037607,JH584826,1418473,1418549,#ERROR!,Gnathostomata,Bilateria,Yes,,,,,,,
Cpi-Let-7-P2b2,cpi-let-7b,LET-7,GAGGUAG,MIMAT0037598,None,JH584704,2981196,2981272,#ERROR!,Gnathostomata,Bilateria,Yes,,,1,,,,
Cpi-Let-7-P2b3,cpi-mir-98,LET-7,GAGGUAG,MIMAT0037708,MIMAT0037709,JH584456,436409,436485,-,Gnathostomata,Bilateria,Yes,,1,1,,,,
Cpi-Let-7-P2b4,cpi-let-7a-4,LET-7,GAGGUAG,MIMAT0037594,MIMAT0037597,JH584430,236968,237045,#ERROR!,Gnathostomata,Bilateria,Yes,,,1,,,,
Cpi-Let-7-P2c1,cpi-let-7d,LET-7,GAGGUAG,MIMAT0037602,MIMAT0037603,JH584826,1419564,1419638,#ERROR!,Gnathostomata,Bilateria,Yes,,,1,,,,
Cpi-Let-7-P2c2,cpi-let-7i,LET-7,GAGGUAG,MIMAT0037610,MIMAT0037611,JH584743,2673298,2673374,#ERROR!,Gnathostomata,Bilateria,Yes,,,1,,,,
Cpi-Let-7-P2c3,cpi-let-7g,LET-7,GAGGUAG,MIMAT0037608,MIMAT0037609,JH584490,3188541,3188618,#ERROR!,Gnathostomata,Bilateria,Yes,,,1,,,,
Cpi-Mir-1-P1,cpi-mir-1a-2,MIR-1,GGAAUGU,MIMAT0037614,MIMAT0037613,JH584898,622510,622570,#ERROR!,Gnathostomata,Bilateria,No,,,1,,,,
Cpi-Mir-1-P2,cpi-mir-206,MIR-1,GGAAUGU,MIMAT0037833,MIMAT0037834,JH584857,808079,808138,-,Gnathostomata,Bilateria,No,,,,,,,
Cpi-Mir-1-P3,cpi-mir-1a-1,MIR-1,GGAAUGU,MIMAT0037612,MIMAT0037613,JH584739,1322413,1322473,-,Gnathostomata,Bilateria,No,,,,,,,
Cpi-Mir-1-P4,cpi-mir-1b,MIR-1,GGAAUGU,MIMAT0037615,MIMAT0037616,JH584691,3527598,3527660,#ERROR!,Gnathostomata,Bilateria,No,,,,,,,
Cpi-Mir-7-P1,cpi-mir-7a-2,MIR-7,GGAAGAC,MIMAT0037617,MIMAT0037619,JH584649,9124972,9125035,#ERROR!,Gnathostomata,Bilateria,No,,,1,,,,
Cpi-Mir-7-P2,cpi-mir-7a-1,MIR-7,GGAAGAC,MIMAT0037617,MIMAT0037618,JH585035,510408,510471,#ERROR!,Gnathostomata,Bilateria,No,,,1,,,,
Cpi-Mir-7-P3,cpi-mir-7b,MIR-7,GGAAGAC,MIMAT0037621,None,JH584431,3477613,3477677,#ERROR!,Gnathostomata,Bilateria,Unknown,,,1,,,,
Cpi-Mir-7-P4,cpi-mir-7a-3,MIR-7,GGAAGAC,MIMAT0037617,MIMAT0037620,JH584438,7025484,7025546,-,Gnathostomata,Bilateria,No,,,1,,,,
Cpi-Mir-8-P1a,cpi-mir-200b,MIR-8,AAUACUG,MIMAT0037822,MIMAT0037823,JH584607,9375711,9375770,#ERROR!,Vertebrata,Bilateria,No,1,1,1,,,,
Cpi-Mir-8-P2a,cpi-mir-200a,MIR-8,AACACUG,MIMAT0037820,MIMAT0037821,JH584607,9378431,9378491,#ERROR!,Vertebrata,Bilateria,No,1,,1,,,,
Cpi-Mir-8-P3a,cpi-mir-429,MIR-8,AAUACUG,None,MIMAT0037877,JH584607,9382604,9382662,#ERROR!,Vertebrata,Bilateria,No,,,,,,,
Cpi-Mir-9-P1,cpi-mir-9-3,MIR-9,CUUUGGU,MIMAT0037622,MIMAT0037623,JH584649,9602582,9602643,#ERROR!,Gnathostomata,Bilateria,No,,1,1,,,,
Cpi-Mir-9-P2,cpi-mir-9-2,MIR-9,CUUUGGU,MIMAT0037622,MIMAT0037623,JH584533,3129780,3129839,#ERROR!,Gnathostomata,Bilateria,No,,1,1,,,,
Cpi-Mir-9-P3,cpi-mir-9-1,MIR-9,CUUUGGU,MIMAT0037622,MIMAT0037623,JH584965,536050,536111,-,Gnathostomata,Bilateria,No,,1,1,,,,
Cpi-Mir-9-P4,cpi-mir-9-4,MIR-9,CUUUGGU,MIMAT0037622,MIMAT0037624,JH584400,2327223,2327282,#ERROR!,Gnathostomata,Bilateria,No,1,1,1,,,,
Cpi-Mir-10-P1b-v1,cpi-mir-10b,MIR-10,ACCCUGU,MIMAT0037627,MIMAT0037628,JH584712,2217468,2217529,#ERROR!,Gnathostomata,Eumetazoa,No,,1,1,,,,
Cpi-Mir-10-P1b-v2,cpi-mir-10b,MIR-10,CCCUGUA,MIMAT0037627,MIMAT0037628,JH584712,2217469,2217528,#ERROR!,Gnathostomata,Eumetazoa,No,,,,,,,
Cpi-Mir-10-P1c-v1,cpi-mir-10a,MIR-10,ACCCUGU,MIMAT0037625,MIMAT0037626,JH584731,2427010,2427071,-,Gnathostomata,Eumetazoa,Unknown,,,1,,,,
Cpi-Mir-10-P1c-v2,cpi-mir-10a,MIR-10,CCCUGUA,MIMAT0037625,MIMAT0037626,JH584731,2427011,2427070,-,Gnathostomata,Eumetazoa,Unknown,1,,,,,,
Cpi-Mir-10-P1d-v1,cpi-mir-10c,MIR-10,ACCCUGU,MIMAT0037629,MIMAT0037630,JH584844,1020366,1020427,-,Gnathostomata,Eumetazoa,No,,,,,,,
Cpi-Mir-10-P1d-v2,cpi-mir-10c,MIR-10,CCCUGUA,MIMAT0037629,MIMAT0037630,JH584844,1020367,1020426,-,Gnathostomata,Eumetazoa,No,,,,,,,
Cpi-Mir-10-P2b,cpi-mir-99b,MIR-10,ACCCGUA,MIMAT0037712,MIMAT0037713,JH585122,291497,291556,#ERROR!,Gnathostomata,Eumetazoa,Yes,1,,,,,,
Cpi-Mir-10-P2c,cpi-mir-99a,MIR-10,ACCCGUA,MIMAT0037710,MIMAT0037711,JH584644,4201853,4201911,#ERROR!,Gnathostomata,Eumetazoa,Yes,1,,,,,,
Cpi-Mir-10-P2d,cpi-mir-100,MIR-10,ACCCGUA,MIMAT0037714,MIMAT0037715,JH584755,1817175,1817231,#ERROR!,Gnathostomata,Eumetazoa,No,1,,,,,,
Cpi-Mir-10-P3b,cpi-mir-125a,MIR-10,CCCUGAG,MIMAT0037728,MIMAT0037729,JH585122,302630,302690,#ERROR!,Gnathostomata,Eumetazoa,No,,,,,,,
Cpi-Mir-10-P3c,cpi-mir-125b-2,MIR-10,CCCUGAG,MIMAT0037730,MIMAT0037732,JH584644,4247970,4248031,#ERROR!,Gnathostomata,Eumetazoa,No,,,1,,,,
Cpi-Mir-10-P3d,cpi-mir-125b-1,MIR-10,CCCUGAG,MIMAT0037730,MIMAT0037731,JH584755,1851132,1851193,#ERROR!,Gnathostomata,Eumetazoa,No,1,1,1,,,,
Cpi-Mir-15-P1a,cpi-mir-15a,MIR-15,AGCAGCA,MIMAT0037631,None,JH584518,1366486,1366544,#ERROR!,Gnathostomata,Olfactores,No,,,1,,,,
Cpi-Mir-15-P1b,None,MIR-15,AGCAGCA,None,None,JH584696,121830,121889,#ERROR!,Gnathostomata,Olfactores,No,,,,,,,
Cpi-Mir-15-P1c,cpi-mir-15b,MIR-15,AGCAGCA,MIMAT0037632,MIMAT0037633,JH584720,2499646,2499703,#ERROR!,Gnathostomata,Olfactores,No,,,,,,,
Cpi-Mir-15-P2a,cpi-mir-16a,MIR-15,AGCAGCA,MIMAT0037634,MIMAT0037635,JH584518,1366620,1366682,#ERROR!,Gnathostomata,Olfactores,No,1,,1,,,,
Cpi-Mir-15-P2b,None,MIR-15,AGCAGCA,None,None,JH584696,121998,122062,#ERROR!,Gnathostomata,Olfactores,No,,,1,,,,
Cpi-Mir-15-P2c,None,MIR-15,AGCAGCA,None,None,JH584720,2500208,2500273,#ERROR!,Gnathostomata,Olfactores,Unknown,1,,,,,,
Cpi-Mir-17-P1a,cpi-mir-17,MIR-17,AAAGUGC,MIMAT0037996,MIMAT0037997,JH584859,1459949,1460008,-,Gnathostomata,Vertebrata,No,1,,1,,,,
Cpi-Mir-17-P1c,cpi-mir-106a,MIR-17,AAAGUGC,MIMAT0037721,None,JH584720,2634299,2634357,#ERROR!,Gnathostomata,Vertebrata,Unknown,,1,,,,,
Cpi-Mir-17-P1d,cpi-mir-106b,MIR-17,AAAGUGC,MIMAT0037722,None,JH585351,78141,78202,-,Gnathostomata,Vertebrata,No,,,1,,,,
Cpi-Mir-17-P2a,cpi-mir-18a,MIR-17,AAGGUGC,MIMAT0037638,MIMAT0037639,JH584859,1459801,1459865,-,Gnathostomata,Vertebrata,No,,,1,,,,
Cpi-Mir-17-P2c,cpi-mir-18b,MIR-17,AAGGUGC,MIMAT0037640,MIMAT0037641,JH584720,2634454,2634518,#ERROR!,Gnathostomata,Vertebrata,No,,,1,,,,
Cpi-Mir-17-P4a,cpi-mir-20a,MIR-17,AAAGUGC,MIMAT0037647,MIMAT0037648,JH584859,1459480,1459538,-,Gnathostomata,Vertebrata,No,,1,1,,,,
Cpi-Mir-17-P4c,cpi-mir-20b,MIR-17,AAAGUGC,MIMAT0037649,MIMAT0037650,JH584720,2634668,2634729,#ERROR!,Gnathostomata,Vertebrata,No,1,,1,,,,
Cpi-Mir-17-P4d,cpi-mir-93,MIR-17,AAAGUGC,MIMAT0037705,MIMAT0037706,JH585351,77950,78010,-,Gnathostomata,Vertebrata,No,,,1,,,,
Cpi-Mir-19-P1a,cpi-mir-19a,MIR-19,GUGCAAA,MIMAT0037642,MIMAT0037643,JH584859,1459662,1459719,-,Gnathostomata,Vertebrata,No,1,,1,,,,
Cpi-Mir-19-P2a,cpi-mir-19b-1,MIR-19,GUGCAAA,MIMAT0037644,MIMAT0037645,JH584859,1459336,1459396,-,Gnathostomata,Vertebrata,No,,1,,,,,
Cpi-Mir-19-P2c,cpi-mir-19b-2,MIR-19,GUGCAAA,MIMAT0037646,MIMAT0037645,JH584720,2634792,2634851,#ERROR!,Gnathostomata,Vertebrata,No,1,,,,,,
Cpi-Mir-21,cpi-mir-21,MIR-21,AGCUUAU,MIMAT0037651,MIMAT0037652,JH584693,676463,676522,#ERROR!,Vertebrata,Vertebrata,No,,1,,,,,
Cpi-Mir-22-P1b,cpi-mir-22,MIR-22,AGCUGCC,MIMAT0037653,MIMAT0037654,JH584690,8378147,8378209,#ERROR!,Vertebrata,Bilateria,No,,,1,,,,
Cpi-Mir-23-P2,cpi-mir-23b,MIR-23,UCACAUU,None,MIMAT0037656,JH584764,1109160,1109219,-,Gnathostomata,Vertebrata,Yes,1,1,1,,,,
Cpi-Mir-23-P3,cpi-mir-23a,MIR-23,UCACAUU,None,MIMAT0037655,JH584948,868693,868754,-,Gnathostomata,Vertebrata,No,1,,1,,,,
Cpi-Mir-24-P2,cpi-mir-24-1,MIR-24,GGCUCAG,MIMAT0037657,MIMAT0037658,JH584764,1108440,1108499,-,Gnathostomata,Vertebrata,Yes,,,,,,,
Cpi-Mir-24-P3,cpi-mir-24-2,MIR-24,GGCUCAG,MIMAT0037659,MIMAT0037658,JH584948,868114,868173,-,Gnathostomata,Vertebrata,No,,,,,,,
Cpi-Mir-26-P1,cpi-mir-26-1,MIR-26,UCAAGUA,MIMAT0037660,MIMAT0037661,JH584683,1345283,1345343,#ERROR!,Gnathostomata,Vertebrata,No,,1,,,,,
Cpi-Mir-26-P2,cpi-mir-26-3,MIR-26,UCAAGUA,MIMAT0037660,MIMAT0037663,JH584422,1829808,1829868,-,Gnathostomata,Vertebrata,No,,1,1,,,,
Cpi-Mir-26-P4,cpi-mir-26-2,MIR-26,UCAAGUA,MIMAT0037660,MIMAT0037662,JH584683,12190854,12190914,#ERROR!,Gnathostomata,Vertebrata,No,,,1,,,,
Cpi-Mir-27-P2,cpi-mir-27b,MIR-27,UCACAGU,MIMAT0037666,MIMAT0037667,JH584764,1108949,1109011,-,Gnathostomata,Vertebrata,No,,1,,,,,
Cpi-Mir-27-P3,cpi-mir-27a,MIR-27,UCACAGU,MIMAT0037664,MIMAT0037665,JH584948,868327,868390,-,Gnathostomata,Vertebrata,No,,,,,,,
Cpi-Mir-29-P1b-v1,cpi-mir-29b-1,MIR-29,AGCACCA,MIMAT0037671,MIMAT0037672,JH584592,6714640,6714703,-,Gnathostomata,Bilateria,Yes,,,1,,,,
Cpi-Mir-29-P1b-v2,cpi-mir-29b-1,MIR-29,UAGCACC,MIMAT0037671,MIMAT0037672,JH584592,6714641,6714702,-,Gnathostomata,Bilateria,No,,,1,,,,
Cpi-Mir-29-P1d-v1,cpi-mir-29b-2,MIR-29,AGCACCA,MIMAT0037673,MIMAT0037672,JH584931,90890,90954,-,Gnathostomata,Bilateria,No,,,1,,,,
Cpi-Mir-29-P1d-v2,cpi-mir-29b-2,MIR-29,UAGCACC,MIMAT0037673,MIMAT0037672,JH584931,90891,90953,-,Gnathostomata,Bilateria,No,,,1,,,,
Cpi-Mir-29-P2b,cpi-mir-29a-1,MIR-29,AGCACCA,MIMAT0037668,MIMAT0037669,JH584592,6713467,6713526,-,Gnathostomata,Bilateria,No,,,1,,,,
Cpi-Mir-29-P2d,cpi-mir-29a-2,MIR-29,AGCACCA,MIMAT0037670,MIMAT0037669,JH584931,87938,87997,-,Gnathostomata,Bilateria,No,,,1,,,,
Cpi-Mir-30-P1a,cpi-mir-30d,MIR-30,GUAAACA,MIMAT0037681,MIMAT0037682,JH584579,593254,593315,-,Gnathostomata,Vertebrata,No,,,1,,,,
Cpi-Mir-30-P1b,cpi-mir-30a,MIR-30,GUAAACA,MIMAT0037674,MIMAT0037675,JH584873,174144,174207,-,Gnathostomata,Vertebrata,No,1,1,1,,,,
Cpi-Mir-30-P1d,cpi-mir-30e,MIR-30,GUAAACA,MIMAT0037683,MIMAT0037684,JH584691,5735578,5735642,#ERROR!,Gnathostomata,Vertebrata,No,,,1,,,,
Cpi-Mir-30-P2a,cpi-mir-30b,MIR-30,GUAAACA,MIMAT0037676,MIMAT0037677,JH584579,585588,585647,-,Gnathostomata,Vertebrata,No,1,,1,,,,
Cpi-Mir-30-P2b,cpi-mir-30c-2,MIR-30,GUAAACA,MIMAT0037678,MIMAT0037680,JH584873,125982,126043,-,Gnathostomata,Vertebrata,No,1,1,1,,,,
Cpi-Mir-30-P2d,cpi-mir-30c-1,MIR-30,GUAAACA,MIMAT0037678,MIMAT0037679,JH584691,5739664,5739724,#ERROR!,Gnathostomata,Vertebrata,No,,1,1,,,,
Cpi-Mir-31,cpi-mir-31,MIR-31,GGCAAGA,MIMAT0037685,MIMAT0037686,JH584648,133182,133240,-,Bilateria,Bilateria,No,,,1,,,,
Cpi-Mir-32,cpi-mir-32,MIR-32,AUUGCAC,MIMAT0037687,MIMAT0037688,JH584679,438050,438111,-,Gnathostomata,Gnathostomata,No,1,1,,,,,
Cpi-Mir-33-P1,cpi-mir-33-2,MIR-33,UGCAUUG,MIMAT0037689,MIMAT0037691,JH584542,9197615,9197674,#ERROR!,Gnathostomata,Bilateria,No,1,1,1,,,,
Cpi-Mir-33-P3,cpi-mir-33-1,MIR-33,UGCAUUG,MIMAT0037689,MIMAT0037690,JH584735,4836974,4837034,#ERROR!,Gnathostomata,Bilateria,No,,1,,,,,
Cpi-Mir-34-P1,cpi-mir-34a,MIR-34,GGCAGUG,MIMAT0037692,MIMAT0037693,JH584607,7115501,7115566,#ERROR!,Gnathostomata,Bilateria,No,1,1,,,,,
Cpi-Mir-34-P2a,cpi-mir-34b,MIR-34,GGCAGUG,MIMAT0037694,MIMAT0037695,JH584584,2150943,2151001,-,Gnathostomata,Bilateria,No,,,,,,,
Cpi-Mir-34-P2b,cpi-mir-34c,MIR-34,GGCAGUG,MIMAT0037696,MIMAT0037697,JH584584,2150231,2150284,-,Gnathostomata,Bilateria,No,,,1,,,,
Cpi-Mir-34-P3a,cpi-mir-449c,MIR-34,GGCAGUG,MIMAT0037881,None,JH584718,640084,640149,#ERROR!,Gnathostomata,Bilateria,Unknown,,,1,,,,
Cpi-Mir-34-P3b,cpi-mir-449b,MIR-34,GGCAGUG,MIMAT0037880,None,JH584718,641059,641119,#ERROR!,Gnathostomata,Bilateria,Unknown,,,1,,,,
Cpi-Mir-34-P3c,cpi-mir-449a,MIR-34,GGCAGUG,MIMAT0037878,MIMAT0037879,JH584718,641224,641281,#ERROR!,Gnathostomata,Bilateria,No,1,,,,,,
Cpi-Mir-34-P3d,cpi-mir-449d,MIR-34,GGCAGUG,MIMAT0037882,None,JH584718,642854,642912,#ERROR!,Gnathostomata,Bilateria,Unknown,1,,1,,,,
Cpi-Mir-92-P1a,cpi-mir-92a-1,MIR-92,AUUGCAC,MIMAT0037698,MIMAT0037699,JH584859,1459222,1459280,-,Gnathostomata,Bilateria,No,,1,,,,,
Cpi-Mir-92-P1c,cpi-mir-92a-2,MIR-92,AUUGCAC,MIMAT0037700,MIMAT0037699,JH584720,2634933,2634994,#ERROR!,Gnathostomata,Bilateria,No,,1,,,,,
Cpi-Mir-92-P1d,cpi-mir-92b,MIR-92,AUUGCAC,MIMAT0037701,MIMAT0037702,JH584431,3167271,3167333,-,Gnathostomata,Bilateria,No,,,1,,,,
Cpi-Mir-92-P2a,cpi-mir-367,MIR-92,AUUGCAC,None,MIMAT0037872,JH584529,6231226,6231285,-,Gnathostomata,Bilateria,Unknown,,,,,,,
Cpi-Mir-92-P2c,cpi-mir-363,MIR-92,AUUGCAC,MIMAT0037868,MIMAT0037869,JH584720,2635069,2635133,#ERROR!,Gnathostomata,Bilateria,No,1,,,,,,
Cpi-Mir-96-P1,cpi-mir-96,MIR-96,UUGGCAC,MIMAT0037707,None,JH584440,1633482,1633545,#ERROR!,Bilateria,Bilateria,Unknown,,,,,,,
Cpi-Mir-96-P2,cpi-mir-182,MIR-96,UUGGCAA,MIMAT0037798,MIMAT0037799,JH584440,1644025,1644089,#ERROR!,Bilateria,Bilateria,No,,,1,,,,
Cpi-Mir-96-P3-v1,cpi-mir-183,MIR-96,AUGGCAC,MIMAT0037800,None,JH584440,1633083,1633144,#ERROR!,Bilateria,Bilateria,Unknown,,1,1,,,,
Cpi-Mir-96-P3-v2,cpi-mir-183,MIR-96,UGGCACU,MIMAT0037800,None,JH584440,1633084,1633143,#ERROR!,Bilateria,Bilateria,Unknown,,,1,,,,
Cpi-Mir-101-P1-v1,cpi-mir-101-1,MIR-101,ACAGUAC,MIMAT0037716,MIMAT0037717,JH584706,839802,839860,-,Vertebrata,Vertebrata,No,,1,1,,,,
Cpi-Mir-101-P1-v2,cpi-mir-101-1,MIR-101,UACAGUA,MIMAT0037716,MIMAT0037717,JH584706,839803,839859,-,Vertebrata,Vertebrata,No,,,,,,,
Cpi-Mir-101-P2-v1,cpi-mir-101-2,MIR-101,ACAGUAC,MIMAT0037718,MIMAT0037717,JH584680,13719006,13719064,#ERROR!,Vertebrata,Vertebrata,No,1,,,,,,
Cpi-Mir-101-P2-v2,cpi-mir-101-2,MIR-101,UACAGUA,MIMAT0037718,MIMAT0037717,JH584680,13719007,13719063,#ERROR!,Vertebrata,Vertebrata,No,,,,,,,
Cpi-Mir-103-P1,cpi-mir-107,MIR-103,GCAGCAU,None,MIMAT0037723,JH584602,3599120,3599179,-,Gnathostomata,Deuterostomia,No,,,1,,,,
Cpi-Mir-103-P2,cpi-mir-103-2,MIR-103,GCAGCAU,MIMAT0037720,MIMAT0037719,JH584586,8263438,8263497,#ERROR!,Gnathostomata,Deuterostomia,No,,,1,,,,
Cpi-Mir-103-P4,cpi-mir-103-1,MIR-103,GCAGCAU,None,MIMAT0037719,JH584664,1918309,1918368,#ERROR!,Gnathostomata,Deuterostomia,No,,,1,,,,
Cpi-Mir-122,cpi-mir-122,MIR-122,GGAGUGU,MIMAT0037724,MIMAT0037725,JH584756,4124733,4124790,-,Vertebrata,Vertebrata,No,,1,1,,,,
Cpi-Mir-124-P1-v1,cpi-mir-124-2,MIR-124,AAGGCAC,MIMAT0037726,MIMAT0037727,JH584532,2383220,2383278,-,Gnathostomata,Bilateria,No,,,1,,,,
Cpi-Mir-124-P1-v2,cpi-mir-124-2,MIR-124,UAAGGCA,MIMAT0037726,MIMAT0037727,JH584532,2383221,2383278,-,Gnathostomata,Bilateria,No,,,1,,,,
Cpi-Mir-124-P2-v1,cpi-mir-124-1,MIR-124,AAGGCAC,MIMAT0037726,MIMAT0037727,AHGY01384901,131,191,-,Gnathostomata,Bilateria,No,,,1,,,,
Cpi-Mir-124-P2-v2,cpi-mir-124-1,MIR-124,UAAGGCA,MIMAT0037726,MIMAT0037727,AHGY01384901,132,191,-,Gnathostomata,Bilateria,No,,,1,,,,
Cpi-Mir-124-P3-v1,cpi-mir-124-3,MIR-124,AAGGCAC,MIMAT0037726,MIMAT0037727,JH584900,191298,191357,#ERROR!,Gnathostomata,Bilateria,No,,,1,,,,
Cpi-Mir-124-P3-v2,cpi-mir-124-3,MIR-124,UAAGGCA,MIMAT0037726,MIMAT0037727,JH584900,191298,191356,#ERROR!,Gnathostomata,Bilateria,No,,,1,,,,
Cpi-Mir-124-P4-v1,cpi-mir-124-4,MIR-124,AAGGCAC,MIMAT0037726,MIMAT0037727,JH584506,1072250,1072308,#ERROR!,Gnathostomata,Bilateria,No,,,,,,,
Cpi-Mir-124-P4-v2,cpi-mir-124-4,MIR-124,UAAGGCA,MIMAT0037726,MIMAT0037727,JH584506,1072250,1072307,#ERROR!,Gnathostomata,Bilateria,No,,,,,,,
Cpi-Mir-126-P2-v1,cpi-mir-126,MIR-126,CGUACCG,MIMAT0037733,MIMAT0037734,JH584698,7648586,7648644,#ERROR!,Vertebrata,Olfactores,No,,1,1,,,,
Cpi-Mir-126-P2-v2,cpi-mir-126,MIR-126,AUUAUUA,MIMAT0037733,MIMAT0037734,JH584698,7648586,7648644,#ERROR!,Vertebrata,Olfactores,No,,,1,,,,
Cpi-Mir-126-P2-v3,cpi-mir-126,MIR-126,UCGUACC,MIMAT0037733,MIMAT0037734,JH584698,7648586,7648644,#ERROR!,Vertebrata,Olfactores,No,,1,1,,,,
Cpi-Mir-128-P1,cpi-mir-128-2,MIR-128,CACAGUG,MIMAT0037737,MIMAT0037736,JH584736,1559639,1559696,#ERROR!,Gnathostomata,Vertebrata,No,1,1,1,,,,
Cpi-Mir-128-P2,cpi-mir-128-1,MIR-128,CACAGUG,MIMAT0037735,MIMAT0037736,JH584514,82878,82933,#ERROR!,Gnathostomata,Vertebrata,No,1,,1,,,,
Cpi-Mir-129-P1,cpi-mir-129-2,MIR-129,UUUUUGC,MIMAT0037738,MIMAT0037740,JH584513,1057330,1057394,-,Gnathostomata,Chordata,No,1,1,1,,,,
Cpi-Mir-129-P2,cpi-mir-129-1,MIR-129,UUUUUGC,MIMAT0037738,MIMAT0037739,JH584641,532585,532650,-,Gnathostomata,Chordata,No,,1,1,,,,
Cpi-Mir-130-P1a,cpi-mir-130c,MIR-130,AGUGCAA,MIMAT0037745,MIMAT0037746,JH584438,2912867,2912925,-,Gnathostomata,Vertebrata,No,,,,,,,
Cpi-Mir-130-P1b,cpi-mir-130d,MIR-130,AGUGCAA,None,MIMAT0037747,JH584693,261250,261312,-,Gnathostomata,Vertebrata,No,,,1,,,,
Cpi-Mir-130-P1c,cpi-mir-130a,MIR-130,AGUGCAA,MIMAT0037741,MIMAT0037742,JH584650,2173602,2173663,#ERROR!,Gnathostomata,Vertebrata,No,,,1,,,,
Cpi-Mir-130-P2a,cpi-mir-301b,MIR-130,AGUGCAA,None,MIMAT0037859,JH584438,2911660,2911722,-,Gnathostomata,Vertebrata,No,1,,,,,,
Cpi-Mir-130-P2b,cpi-mir-301a,MIR-130,AGUGCAA,None,MIMAT0037858,JH584693,260023,260084,-,Gnathostomata,Vertebrata,No,1,,1,,,,
Cpi-Mir-130-P3a,cpi-mir-454,MIR-130,AGUGCAA,MIMAT0037885,MIMAT0037886,JH584438,2904974,2905037,-,Gnathostomata,Vertebrata,No,,,1,,,,
Cpi-Mir-130-P4a,cpi-mir-130b,MIR-130,AGUGCAA,MIMAT0037743,MIMAT0037744,JH584438,2903670,2903730,-,Gnathostomata,Vertebrata,No,,,1,,,,
Cpi-Mir-132-P1,cpi-mir-132,MIR-132,CCGUGGC,MIMAT0037748,MIMAT0037749,JH585539,18764,18822,-,Vertebrata,Vertebrata,No,,1,,,,,
Cpi-Mir-132-P2,cpi-mir-212,MIR-132,CCUUGGC,MIMAT0037838,None,JH585539,25130,25197,-,Vertebrata,Vertebrata,No,,,1,,,,
Cpi-Mir-133-P1-v1,cpi-mir-133a-1,MIR-133,UUGGUCC,MIMAT0037750,MIMAT0037751,JH584898,625930,625989,#ERROR!,Gnathostomata,Bilateria,No,,,1,,,,
Cpi-Mir-133-P1-v2,cpi-mir-133a-1,MIR-133,UGGUCCC,MIMAT0037750,MIMAT0037751,JH584898,625930,625989,#ERROR!,Gnathostomata,Bilateria,No,,,1,,,,
Cpi-Mir-133-P2-v1,cpi-mir-133b,MIR-133,UUGGUCC,None,MIMAT0037752,JH584857,801505,801563,-,Gnathostomata,Bilateria,No,1,,1,,,,
Cpi-Mir-133-P2-v2,cpi-mir-133b,MIR-133,UGGUCCC,None,MIMAT0037752,JH584857,801505,801563,-,Gnathostomata,Bilateria,No,1,,1,,,,
Cpi-Mir-133-P3-v1,cpi-mir-133a-2,MIR-133,UUGGUCC,MIMAT0037750,MIMAT0037751,JH584739,1303616,1303675,-,Gnathostomata,Bilateria,No,,,,,,,
Cpi-Mir-133-P3-v2,cpi-mir-133a-2,MIR-133,UGGUCCC,MIMAT0037750,MIMAT0037751,JH584739,1303616,1303675,-,Gnathostomata,Bilateria,No,,,,,,,
Cpi-Mir-133-P4-v1,cpi-mir-133c,MIR-133,UUGGUCC,None,MIMAT0037753,JH584691,3527810,3527867,#ERROR!,Gnathostomata,Bilateria,No,,,1,,,,
Cpi-Mir-133-P4-v2,cpi-mir-133c,MIR-133,UGGUCCC,None,MIMAT0037753,JH584691,3527810,3527867,#ERROR!,Gnathostomata,Bilateria,No,,,1,,,,
Cpi-Mir-135-P1,cpi-mir-135-1,MIR-135,AUGGCUU,MIMAT0037754,MIMAT0037755,JH584490,748614,748674,-,Gnathostomata,Chordata,No,,,1,,,,
Cpi-Mir-135-P2,cpi-mir-135-2,MIR-135,AUGGCUU,MIMAT0037754,MIMAT0037756,JH584806,2870629,2870688,#ERROR!,Gnathostomata,Chordata,No,,,1,,,,
Cpi-Mir-135-P4,cpi-mir-135-3,MIR-135,AUGGCUU,MIMAT0037754,MIMAT0037757,JH584805,1262856,1262916,-,Gnathostomata,Chordata,No,,,1,,,,
Cpi-Mir-137-P1-v1,cpi-mir-137a,MIR-137,UAUUGCU,None,MIMAT0037758,JH584718,5802475,5802533,#ERROR!,Gnathostomata,Bilateria,No,,,1,,,,
Cpi-Mir-137-P1-v2,cpi-mir-137a,MIR-137,AUUGCUU,None,MIMAT0037758,JH584718,5802474,5802534,#ERROR!,Gnathostomata,Bilateria,No,1,,1,,,,
Cpi-Mir-137-P3-v1,cpi-mir-137b,MIR-137,UAUUGCU,None,MIMAT0037759,JH584929,32211,32269,-,Gnathostomata,Bilateria,No,,,1,,,,
Cpi-Mir-137-P3-v2,cpi-mir-137b,MIR-137,AUUGCUU,None,MIMAT0037759,JH584929,32210,32270,-,Gnathostomata,Bilateria,No,,,1,,,,
Cpi-Mir-138-P2,cpi-mir-138,MIR-138,GCUGGUG,MIMAT0037760,MIMAT0037761,JH584802,506331,506398,-,Vertebrata,Vertebrata,No,,,1,,,,
Cpi-Mir-139,cpi-mir-139,MIR-139,CUACAGU,MIMAT0037762,MIMAT0037763,JH584598,2587189,2587247,#ERROR!,Gnathostomata,Gnathostomata,No,,,,,,,
Cpi-Mir-140-P1-v1,cpi-mir-140,MIR-140,CCACAGG,MIMAT0037764,MIMAT0037765,JH584945,517644,517705,-,Gnathostomata,Vertebrata,No,,,1,,,,
Cpi-Mir-140-P1-v2,cpi-mir-140,MIR-140,ACCACAG,MIMAT0037764,MIMAT0037765,JH584945,517644,517705,-,Gnathostomata,Vertebrata,No,,,1,,,,
Cpi-Mir-142-P1-v1,cpi-mir-142-1,MIR-142,AUAAAGU,MIMAT0037766,MIMAT0037767,JH584397,249157,249216,-,Gnathostomata,Vertebrata,Unknown,,,1,,,,
Cpi-Mir-142-P1-v2,cpi-mir-142-1,MIR-142,UAGUGUU,MIMAT0037766,MIMAT0037767,JH584397,249157,249216,-,Gnathostomata,Vertebrata,No,,,1,,,,
Cpi-Mir-142-P1-v3,cpi-mir-142-1,MIR-142,GUAGUGU,MIMAT0037766,MIMAT0037767,JH584397,249157,249216,-,Gnathostomata,Vertebrata,No,,,1,,,,
Cpi-Mir-142-P1-v4,cpi-mir-142-1,MIR-142,CCAUAAA,MIMAT0037766,MIMAT0037767,JH584397,249155,249218,-,Gnathostomata,Vertebrata,Unknown,,,,,,,
Cpi-Mir-142-P2-v1,cpi-mir-142-2,MIR-142,AUAAAGU,MIMAT0037766,MIMAT0037767,JH585047,322623,322682,-,Gnathostomata,Vertebrata,Unknown,,,1,,,,
Cpi-Mir-142-P2-v2,cpi-mir-142-2,MIR-142,UAGUGUU,MIMAT0037766,MIMAT0037767,JH585047,322623,322682,-,Gnathostomata,Vertebrata,No,,,1,,,,
Cpi-Mir-142-P2-v3,cpi-mir-142-2,MIR-142,GUAGUGU,MIMAT0037766,MIMAT0037767,JH585047,322623,322682,-,Gnathostomata,Vertebrata,No,,,1,,,,
Cpi-Mir-142-P2-v4,cpi-mir-142-2,MIR-142,CCAUAAA,MIMAT0037766,MIMAT0037767,JH585047,322621,322684,-,Gnathostomata,Vertebrata,Unknown,,,,,,,
Cpi-Mir-143,cpi-mir-143,MIR-143,GAGAUGA,MIMAT0037768,MIMAT0037769,JH584689,4713278,4713332,-,Vertebrata,Vertebrata,Yes,,,,,,,
Cpi-Mir-144,cpi-mir-144,MIR-144,GAUAUCA,MIMAT0037770,MIMAT0037771,JH584690,7296122,7296179,#ERROR!,Vertebrata,Vertebrata,No,,,1,,,,
Cpi-Mir-145,cpi-mir-145,MIR-145,UCCAGUU,MIMAT0037772,MIMAT0037773,JH584689,4712158,4712217,-,Vertebrata,Vertebrata,No,,,1,,,,
Cpi-Mir-146-P1,cpi-mir-146b,MIR-146,GAGAACU,MIMAT0037776,MIMAT0037777,JH584751,734885,734944,#ERROR!,Gnathostomata,Vertebrata,No,,,1,,,,
Cpi-Mir-146-P2,cpi-mir-146c,MIR-146,GAGAACU,MIMAT0037778,MIMAT0037779,JH584586,7426738,7426802,#ERROR!,Gnathostomata,Vertebrata,Yes,,,1,,,,
Cpi-Mir-146-P4,cpi-mir-146a,MIR-146,GAGAACU,MIMAT0037774,MIMAT0037775,JH584689,3139579,3139641,-,Gnathostomata,Vertebrata,No,1,,1,,,,
Cpi-Mir-147-v1,cpi-mir-147,MIR-147,UGUGCGG,MIMAT0037780,MIMAT0037781,JH584828,2425585,2425644,-,Vertebrata,Vertebrata,No,,,1,,,,
Cpi-Mir-147-v2,cpi-mir-147,MIR-147,GUGUGCG,MIMAT0037780,MIMAT0037781,JH584828,2425586,2425643,-,Vertebrata,Vertebrata,No,,,1,,,,
Cpi-Mir-148-P1,cpi-mir-148a,MIR-148,CAGUGCA,MIMAT0037782,MIMAT0037783,JH584577,4008202,4008261,-,Gnathostomata,Vertebrata,No,,,1,,,,
Cpi-Mir-148-P3,cpi-mir-152,MIR-148,CAGUGCA,MIMAT0037785,MIMAT0037786,JH584731,1980029,1980087,-,Gnathostomata,Vertebrata,No,,,,,,,
Cpi-Mir-148-P4,cpi-mir-148b,MIR-148,CAGUGCA,None,MIMAT0037784,JH584844,447341,447401,-,Gnathostomata,Vertebrata,No,,1,1,,,,
Cpi-Mir-153-P1,cpi-mir-153-2,MIR-153,UGCAUAG,None,MIMAT0037788,JH584683,10944342,10944402,-,Gnathostomata,Bilateria,No,,,1,,,,
Cpi-Mir-153-P2,cpi-mir-153-1,MIR-153,UGCAUAG,MIMAT0037787,MIMAT0037788,JH584422,341987,342045,#ERROR!,Gnathostomata,Bilateria,No,1,,1,,,,
Cpi-Mir-155,cpi-mir-155a,MIR-155,UAAUGCU,MIMAT0037789,None,JH584544,80841,80901,-,Vertebrata,Vertebrata,Unknown,,,,,,,
Cpi-Mir-181-P1a,cpi-mir-181a-1,MIR-181,ACAUUCA,MIMAT0037791,MIMAT0037792,JH584765,3049277,3049338,-,Gnathostomata,Vertebrata,No,1,,1,,,,
Cpi-Mir-181-P1b,cpi-mir-181a-2,MIR-181,ACAUUCA,MIMAT0037791,MIMAT0037793,JH584413,821488,821548,#ERROR!,Gnathostomata,Vertebrata,No,,,,,,,
Cpi-Mir-181-P1c,cpi-mir-181a-3,MIR-181,ACAUUCA,MIMAT0037791,MIMAT0037794,JH584948,1000000,1000061,#ERROR!,Gnathostomata,Vertebrata,No,,,1,,,,
Cpi-Mir-181-P2a,cpi-mir-181b-1,MIR-181,ACAUUCA,MIMAT0037795,MIMAT0037796,JH584765,3049082,3049142,-,Gnathostomata,Vertebrata,No,,,,,,,
Cpi-Mir-181-P2b,cpi-mir-181b-2,MIR-181,ACAUUCA,MIMAT0037795,MIMAT0037797,JH584413,823972,824031,#ERROR!,Gnathostomata,Vertebrata,No,,,,,,,
Cpi-Mir-181-P2c,cpi-mir-181b-3,MIR-181,ACAUUCA,MIMAT0037795,MIMAT0037797,JH584948,1001354,1001416,#ERROR!,Gnathostomata,Vertebrata,No,,1,,,,,
Cpi-Mir-184,cpi-mir-184,MIR-184,GGACGGA,None,MIMAT0037801,JH584716,1245541,1245602,-,Bilateria,Bilateria,No,,,1,,,,
Cpi-Mir-187,cpi-mir-187,MIR-187,CGUGUCU,MIMAT0037802,MIMAT0037803,JH584679,7346504,7346561,#ERROR!,Osteichthyes,Osteichthyes,Yes,,,1,,,,
Cpi-Mir-190-P1,cpi-mir-190a,MIR-190,GAUAUGU,MIMAT0037804,None,JH584488,7290201,7290259,#ERROR!,Gnathostomata,Bilateria,No,1,,1,,,,
Cpi-Mir-190-P3,cpi-mir-190b,MIR-190,GAUAUGU,MIMAT0037805,None,JH584431,270742,270802,#ERROR!,Gnathostomata,Bilateria,Unknown,,,1,,,,
Cpi-Mir-191,cpi-mir-191,MIR-191,AACGGAA,MIMAT0037806,None,JH584670,1168666,1168729,-,Gnathostomata,Gnathostomata,No,,,1,,,,
Cpi-Mir-192-P1,cpi-mir-215,MIR-192,UGACCUA,MIMAT0037841,MIMAT0037842,JH584820,1569225,1569285,#ERROR!,Vertebrata,Vertebrata,No,1,1,1,,,,
Cpi-Mir-192-P2,cpi-mir-192,MIR-192,UGACCUA,MIMAT0037807,MIMAT0037808,JH584847,983412,983475,#ERROR!,Vertebrata,Vertebrata,No,,,,,,,
Cpi-Mir-193-P1a,cpi-mir-193b,MIR-193,ACUGGCC,None,MIMAT0037811,JH584814,1978056,1978114,-,Vertebrata,Bilateria,No,1,,,,,,
Cpi-Mir-193-P1b,cpi-mir-193a,MIR-193,GGGUCUU,MIMAT0037809,MIMAT0037810,JH584464,1856473,1856531,#ERROR!,Vertebrata,Bilateria,No,,,1,,,,
Cpi-Mir-193-P2a,cpi-mir-365-1,MIR-193,AAUGCCC,None,MIMAT0037870,JH584814,1965562,1965622,-,Vertebrata,Bilateria,Yes,,,1,,,,
Cpi-Mir-193-P2b,cpi-mir-365-2,MIR-193,AAUGCCC,MIMAT0037871,MIMAT0037870,JH584464,1875174,1875235,#ERROR!,Vertebrata,Bilateria,No,,,1,,,,
Cpi-Mir-194-P1,cpi-mir-194-1,MIR-194,GUAACAG,MIMAT0037812,MIMAT0037813,JH584820,1568908,1568963,#ERROR!,Vertebrata,Vertebrata,No,,,,,,,
Cpi-Mir-194-P2,cpi-mir-194-2,MIR-194,GUAACAG,MIMAT0037812,MIMAT0037814,JH584847,982519,982578,#ERROR!,Vertebrata,Vertebrata,No,1,,1,,,,
Cpi-Mir-196-P1,cpi-mir-196-3,MIR-196,AGGUAGU,MIMAT0037815,None,JH584682,644036,644094,-,Gnathostomata,Olfactores,Unknown,,,1,,,,
Cpi-Mir-196-P3,cpi-mir-196-1,MIR-196,AGGUAGU,MIMAT0037815,MIMAT0037816,JH584731,2484790,2484849,-,Gnathostomata,Olfactores,No,,,1,,,,
Cpi-Mir-196-P4,cpi-mir-196-2,MIR-196,AGGUAGU,MIMAT0037815,MIMAT0037817,JH584844,1085528,1085585,-,Gnathostomata,Olfactores,No,,,1,,,,
Cpi-Mir-199-P1-v1,cpi-mir-199-2,MIR-199,CAGUAGU,MIMAT0037818,MIMAT0037819,JH585174,227135,227195,-,Gnathostomata,Vertebrata,No,,,1,,,,
Cpi-Mir-199-P1-v2,cpi-mir-199-2,MIR-199,ACAGUAG,MIMAT0037818,MIMAT0037819,JH585174,227135,227195,-,Gnathostomata,Vertebrata,No,,,1,,,,
Cpi-Mir-199-P1-v3,cpi-mir-199-2,MIR-199,AGUAGUC,MIMAT0037818,MIMAT0037819,JH585174,227135,227195,-,Gnathostomata,Vertebrata,No,,,1,,,,
Cpi-Mir-199-P2-v1,cpi-mir-199-3,MIR-199,CAGUAGU,MIMAT0037818,MIMAT0037819,JH584612,7627614,7627674,-,Gnathostomata,Vertebrata,No,,,1,,,,
Cpi-Mir-199-P2-v2,cpi-mir-199-3,MIR-199,ACAGUAG,MIMAT0037818,MIMAT0037819,JH584612,7627614,7627674,-,Gnathostomata,Vertebrata,No,,,1,,,,
Cpi-Mir-199-P2-v3,cpi-mir-199-3,MIR-199,AGUAGUC,MIMAT0037818,MIMAT0037819,JH584612,7627614,7627674,-,Gnathostomata,Vertebrata,No,,,1,,,,
Cpi-Mir-199-P3-v1,cpi-mir-199-1,MIR-199,CAGUAGU,MIMAT0037818,MIMAT0037819,JH584417,604979,605041,#ERROR!,Gnathostomata,Vertebrata,No,,,1,,,,
Cpi-Mir-199-P3-v2,cpi-mir-199-1,MIR-199,ACAGUAG,MIMAT0037818,MIMAT0037819,JH584417,604979,605041,#ERROR!,Gnathostomata,Vertebrata,No,,,1,,,,
Cpi-Mir-199-P3-v3,cpi-mir-199-1,MIR-199,AGUAGUC,MIMAT0037818,MIMAT0037819,JH584417,604979,605041,#ERROR!,Gnathostomata,Vertebrata,No,,,1,,,,
Cpi-Mir-202,cpi-mir-202,MIR-202,UCCUAUG,MIMAT0037824,None,JH584762,212116,212173,-,Vertebrata,Vertebrata,Unknown,,,1,,,,
Cpi-Mir-203-v1,cpi-mir-203,MIR-203,UGAAAUG,MIMAT0037825,MIMAT0037826,JH584501,4819263,4819322,-,Vertebrata,Vertebrata,No,,,1,,,,
Cpi-Mir-203-v2,cpi-mir-203,MIR-203,GAAAUGU,MIMAT0037825,MIMAT0037826,JH584501,4819262,4819322,-,Vertebrata,Vertebrata,No,,,1,,,,
Cpi-Mir-204-P1,cpi-mir-204-2,MIR-204,UCCCUUU,MIMAT0037827,None,JH584488,3935478,3935535,-,Gnathostomata,Vertebrata,No,1,,1,,,,
Cpi-Mir-204-P2,cpi-mir-204-1,MIR-204,UCCCUUU,MIMAT0037827,MIMAT0037828,JH584686,8931176,8931235,#ERROR!,Gnathostomata,Vertebrata,No,1,,1,,,,
Cpi-Mir-204-P4,cpi-mir-204-3,MIR-204,UCCCUUU,MIMAT0037827,MIMAT0037829,JH584473,3350477,3350534,-,Gnathostomata,Vertebrata,No,1,,1,,,,
Cpi-Mir-205-P2,cpi-mir-205b,MIR-205,CCUUCAU,MIMAT0037832,None,JH584592,638160,638218,#ERROR!,Gnathostomata,Vertebrata,Unknown,,,1,,,,
Cpi-Mir-205-P4,cpi-mir-205a,MIR-205,CCUUCAU,MIMAT0037830,MIMAT0037831,JH584752,3276917,3276975,-,Gnathostomata,Vertebrata,No,,,,,,,
Cpi-Mir-208-P2,cpi-mir-208,MIR-208,UAAGACG,MIMAT0037835,None,JH584564,1114473,1114531,#ERROR!,Vertebrata,Vertebrata,Unknown,,,1,,,,
Cpi-Mir-210,cpi-mir-210,MIR-210,GCCACUG,MIMAT0037836,MIMAT0037837,JH584572,951156,951216,#ERROR!,Bilateria,Bilateria,No,,,,,,,
Cpi-Mir-214-v1,cpi-mir-214,MIR-214,CAGCAGG,MIMAT0037839,MIMAT0037840,JH585174,220443,220505,-,Gnathostomata,Gnathostomata,No,,,,,,,
Cpi-Mir-214-v2,cpi-mir-214,MIR-214,ACAGCAG,MIMAT0037839,MIMAT0037840,JH585174,220443,220505,-,Gnathostomata,Gnathostomata,No,,,,,,,
Cpi-Mir-216-P2a,cpi-mir-216b,MIR-216,AAUCUCU,MIMAT0037844,None,JH584878,229316,229377,-,Vertebrata,Bilateria,No,,1,,,,,
Cpi-Mir-216-P2b,cpi-mir-216a,MIR-216,AAUCUCA,MIMAT0037843,None,AHGY01402627,366,427,-,Vertebrata,Bilateria,No,,,,,,,
Cpi-Mir-217-v1,cpi-mir-217,MIR-217,ACUGCAU,MIMAT0037845,None,JH584878,211420,211478,-,Chordata,Chordata,No,,,1,,,,
Cpi-Mir-217-v2,cpi-mir-217,MIR-217,UACUGCA,MIMAT0037845,None,JH584878,211419,211479,-,Chordata,Chordata,No,,,1,,,,
Cpi-Mir-218-P2,cpi-mir-218-1,MIR-218,UGUGCUU,MIMAT0037846,None,JH585774,30856,30919,#ERROR!,Gnathostomata,Vertebrata,Unknown,,,1,,,,
Cpi-Mir-218-P4,cpi-mir-218-2,MIR-218,UGUGCUU,MIMAT0037846,MIMAT0037847,JH584664,1595320,1595383,#ERROR!,Gnathostomata,Vertebrata,Unknown,,,1,,,,
Cpi-Mir-219-P2,cpi-mir-219-2,MIR-219,GAUUGUC,MIMAT0037848,MIMAT0037849,JH584612,7848477,7848543,-,Gnathostomata,Bilateria,No,,,1,,,,
Cpi-Mir-219-P3,cpi-mir-219-1,MIR-219,GAUUGUC,MIMAT0037848,None,JH584591,148663,148719,#ERROR!,Gnathostomata,Bilateria,No,1,1,1,,,,
Cpi-Mir-221-P1a,cpi-mir-222a,MIR-221,GCUACAU,MIMAT0037852,MIMAT0037853,JH584730,3280756,3280818,-,Gnathostomata,Vertebrata,No,,1,1,,,,
Cpi-Mir-221-P1b,cpi-mir-222b,MIR-221,GCUACAU,MIMAT0037854,MIMAT0037855,JH584724,419807,419873,#ERROR!,Gnathostomata,Vertebrata,Yes,,1,1,,,,
Cpi-Mir-221-P2a,cpi-mir-221,MIR-221,CCUGGCA,MIMAT0037850,MIMAT0037851,JH584730,3280145,3280207,-,Gnathostomata,Vertebrata,No,,1,,,,,
Cpi-Mir-223,cpi-mir-223,MIR-223,GUCAGUU,MIMAT0037856,MIMAT0037857,JH584416,1663284,1663348,#ERROR!,Vertebrata,Vertebrata,No,,,1,,,,
Cpi-Mir-338-P1,cpi-mir-338b,MIR-338,CCAGCAU,MIMAT0037866,MIMAT0037867,JH584772,1374338,1374397,-,Vertebrata,Vertebrata,No,1,,1,,,,
Cpi-Mir-338-P2,cpi-mir-338a,MIR-338,ACAAUAU,MIMAT0037864,MIMAT0037865,JH584464,13339455,13339515,#ERROR!,Vertebrata,Vertebrata,No,,,1,,,,
Cpi-Mir-338-P2-as,None,MIR-338,CAGCACC,None,None,JH584464,13339451,13339515,-,Amniota,Vertebrata,No,,,,,,,
Cpi-Mir-375,cpi-mir-375,MIR-375,UUGUUCG,None,MIMAT0037873,JH584422,1179768,1179825,#ERROR!,Bilateria,Bilateria,No,,,1,,,,
Cpi-Mir-383-v1,cpi-mir-383,MIR-383,GAUCAGA,MIMAT0037874,None,JH584449,9765291,9765352,#ERROR!,Tetrapoda,Tetrapoda,Unknown,,,,,,,
Cpi-Mir-383-v2,cpi-mir-383,MIR-383,AGAUCAG,MIMAT0037874,None,JH584449,9765290,9765352,#ERROR!,Tetrapoda,Tetrapoda,Unknown,,,,,,,
Cpi-Mir-425,cpi-mir-425,MIR-425,AUGACAC,MIMAT0037875,MIMAT0037876,JH584670,1165773,1165833,-,Gnathostomata,Gnathostomata,No,,,1,,,,
Cpi-Mir-430-P1,cpi-mir-302b,MIR-430,AAGUGCU,None,MIMAT0037861,JH584529,6233041,6233100,-,Gnathostomata,Vertebrata,No,1,1,,,,,
Cpi-Mir-430-P2,cpi-mir-302c,MIR-430,AAGUGCU,None,MIMAT0037862,JH584529,6232768,6232825,-,Gnathostomata,Vertebrata,Unknown,,,,,,,
Cpi-Mir-430-P3,cpi-mir-302a,MIR-430,AAGUGCU,None,MIMAT0037860,JH584529,6232389,6232449,-,Gnathostomata,Vertebrata,Unknown,,,1,,,,
Cpi-Mir-430-P4,cpi-mir-302d,MIR-430,AAGUGCU,None,MIMAT0037863,JH584529,6231913,6231973,-,Gnathostomata,Vertebrata,No,,,,,,,
Cpi-Mir-451,cpi-mir-451,MIR-451,AACCGUU,MIMAT0037883,,JH584690,7296676,7296717,#ERROR!,Vertebrata,Vertebrata,NA,,,1,,,,
Cpi-Mir-455,cpi-mir-455,MIR-455,AUGUGCC,MIMAT0037887,MIMAT0037888,JH584724,1043464,1043521,-,Vertebrata,Vertebrata,No,,,,,,,
Cpi-Mir-456,cpi-mir-456,MIR-456,AGGCUGG,None,MIMAT0037889,JH584675,4440676,4440736,#ERROR!,Vertebrata,Vertebrata,Yes,,1,1,,,,
Cpi-Mir-458,cpi-mir-458,MIR-458,UAGCUCU,MIMAT0037890,MIMAT0037891,JH584689,4003125,4003182,-,Osteichthyes,Osteichthyes,No,,,1,,,,
Cpi-Mir-459,cpi-mir-459,MIR-459,CAGUAAC,MIMAT0037892,MIMAT0037893,JH584746,3055939,3055999,-,Vertebrata,Vertebrata,No,,1,1,,,,
Cpi-Mir-460-P1,cpi-mir-460a,MIR-460,CUGCAUU,MIMAT0037894,MIMAT0037895,JH584507,211097,211155,-,Osteichthyes,Osteichthyes,No,,,1,,,,
Cpi-Mir-460-P2,cpi-mir-460b,MIR-460,CCUCAUU,MIMAT0037896,None,JH584720,6148377,6148435,-,Osteichthyes,Osteichthyes,No,,,1,,,,
Cpi-Mir-489-v1,cpi-mir-489,MIR-489,UGACAUC,MIMAT0037897,MIMAT0037898,JH584862,1032484,1032543,-,Osteichthyes,Osteichthyes,No,,,1,,,,
Cpi-Mir-489-v2,cpi-mir-489,MIR-489,GACAUCA,MIMAT0037897,MIMAT0037898,JH584862,1032483,1032544,-,Osteichthyes,Osteichthyes,No,,,1,,,,
Cpi-Mir-490,cpi-mir-490,MIR-490,AACCUGG,MIMAT0037899,MIMAT0037900,JH584676,1266105,1266166,#ERROR!,Amniota,Amniota,No,,,1,,,,
Cpi-Mir-499,cpi-mir-499,MIR-499,UAAGACU,MIMAT0037901,MIMAT0037902,JH584656,11561841,11561900,-,Vertebrata,Vertebrata,No,1,,,,,,
Cpi-Mir-551-P1,cpi-mir-551-1,MIR-551,CGACCCA,MIMAT0037903,MIMAT0037904,JH584691,8954448,8954507,#ERROR!,Vertebrata,Vertebrata,No,1,,1,,,,
Cpi-Mir-551-P2,cpi-mir-551-2,MIR-551,CGACCCA,None,MIMAT0037905,JH584696,5244924,5244984,#ERROR!,Vertebrata,Vertebrata,Yes,,,,,,,
Cpi-Mir-599,cpi-mir-599,MIR-599,UUGAUAA,None,MIMAT0037906,JH584588,10453690,10453748,-,Sarcopterygii,Sarcopterygii,Unknown,,,,,,,
Cpi-Mir-725,None,MIR-725,UCAGUCA,None,None,JH584849,2587890,2587946,-,Gnathostomata,Gnathostomata,Unknown,,,1,,,,
Cpi-Mir-726,cpi-mir-726,MIR-726,UCACUAC,None,MIMAT0037907,JH584439,94889,94949,-,Osteichthyes,Osteichthyes,Yes,1,,1,,,,
Cpi-Mir-727-v1,cpi-mir-727,MIR-727,GAGGCGA,None,MIMAT0037998,JH584458,2755676,2755739,-,Osteichthyes,Osteichthyes,No,,,,,,,
Cpi-Mir-727-v2,cpi-mir-727,MIR-727,UUGAGGC,None,MIMAT0037998,JH584458,2755678,2755737,-,Osteichthyes,Osteichthyes,No,1,,,,,,
Cpi-Mir-737,cpi-mir-737,MIR-737,UUUUUUU,MIMAT0037908,None,JH584476,630875,630935,-,Osteichthyes,Osteichthyes,No,,,,,,,
Cpi-Mir-875,cpi-mir-875,MIR-875,AUACCUC,MIMAT0037909,None,JH584588,10453837,10453893,-,Vertebrata,Vertebrata,Unknown,,,1,,,,
Cpi-Mir-1306,None,MIR-1306,CACCUCC,None,None,JH584650,4571132,4571192,#ERROR!,Gnathostomata,Gnathostomata,Yes,,1,1,,,,
Cpi-Mir-1329-v1,cpi-mir-1329,MIR-1329,ACAGUGA,MIMAT0037912,None,JH584609,7904401,7904461,-,Vertebrata,Vertebrata,Unknown,,,1,,,,
Cpi-Mir-1329-v2,cpi-mir-1329,MIR-1329,CAGUGAU,MIMAT0037912,None,JH584609,7904402,7904460,-,Vertebrata,Vertebrata,Unknown,,,1,,,,
Cpi-Mir-1388,cpi-mir-1388,MIR-1388,GGACUGU,MIMAT0037913,MIMAT0037914,JH584590,1270353,1270413,-,Gnathostomata,Gnathostomata,No,1,1,,,,,
Cpi-Mir-1397,cpi-mir-1397,MIR-1397,GCAUUGC,MIMAT0037915,None,JH584466,11772073,11772130,#ERROR!,Amniota,Amniota,Unknown,1,,,,,,
Cpi-Mir-1416,cpi-mir-1416,MIR-1416,CCUUAAC,MIMAT0037916,None,JH584686,9325225,9325285,-,Amniota,Amniota,Unknown,1,,1,,,,
Cpi-Mir-1662,cpi-mir-1662,MIR-1662,UGACAUC,MIMAT0037918,MIMAT0037919,JH584507,4701911,4701968,-,Tetrapoda,Tetrapoda,Unknown,1,,,,,,
Cpi-Mir-1677-o6,cpi-mir-1677a,MIR-1677,UGACUUC,MIMAT0037920,MIMAT0037921,JH584713,4439235,4439298,-,C. picta,Diapsida,No,,,,,,,
Cpi-Mir-1677-o7,cpi-mir-1677b,MIR-1677,CCAGAGC,MIMAT0037922,MIMAT0037923,JH584649,363127,363184,-,C. picta,Diapsida,No,,,1,,,,
Cpi-Mir-1677-o8,cpi-mir-1677h,MIR-1677,CUAAAUU,MIMAT0037932,MIMAT0037933,JH584557,925315,925376,#ERROR!,C. picta,Diapsida,No,1,,,,,,
Cpi-Mir-1677-P1a1,cpi-mir-1677g-1,MIR-1677,GACUUCA,None,MIMAT0037931,JH584677,2397667,2397724,#ERROR!,C. picta,Diapsida,No,,,,,,,
Cpi-Mir-1677-P1a2,cpi-mir-1677g-1,MIR-1677,GACUUCA,None,MIMAT0037931,JH584677,2398652,2398709,#ERROR!,C. picta,Diapsida,No,,,,,,,
Cpi-Mir-1677-P1b,cpi-mir-1677g-2,MIR-1677,GACUUCA,None,MIMAT0037931,JH584486,3339783,3339839,#ERROR!,C. picta,Diapsida,No,,,,,,,
Cpi-Mir-1677-P2,None,MIR-1677,UUUGAAU,None,None,JH584734,2192414,2192475,#ERROR!,Archelosauria,Diapsida,Unknown,,,,,,,
Cpi-Mir-1677-P4,cpi-mir-1784,MIR-1677,UCUGCUC,None,MIMAT0037935,JH584713,3364024,3364081,-,Archelosauria,Diapsida,Unknown,,,,,,,
Cpi-Mir-1720,cpi-mir-1720,MIR-1720,GAUCACC,None,MIMAT0037934,JH584649,9125216,9125278,#ERROR!,Diapsida,Diapsida,No,,1,1,,,,
Cpi-Mir-1788,cpi-mir-1788,MIR-1788,GCUUGUU,MIMAT0037936,MIMAT0037937,JH587013,13349,13407,#ERROR!,Vertebrata,Vertebrata,Yes,,,1,,,,
Cpi-Mir-1805,cpi-mir-1805,MIR-1805,GUUGUAG,MIMAT0037939,MIMAT0037940,JH584466,8185689,8185749,-,Tetrapoda,Tetrapoda,No,1,,,,,,
Cpi-Mir-2184,cpi-mir-2184,MIR-2184,ACAGUAA,MIMAT0037941,MIMAT0037942,JH585539,17052,17110,#ERROR!,Gnathostomata,Gnathostomata,No,,,1,,,,
Cpi-Mir-2188,cpi-mir-2188,MIR-2188,AGGUCCA,MIMAT0037943,MIMAT0037944,JH584511,3220744,3220802,-,Gnathostomata,Gnathostomata,No,,,,,,,
Cpi-Mir-2970,cpi-mir-2970,MIR-2970,ACAGUCA,MIMAT0037945,MIMAT0037946,JH584670,1164353,1164411,-,Sarcopterygii,Sarcopterygii,No,,,1,,,,
Cpi-Mir-7147,None,MIR-7147,GUACCAU,None,None,JH584538,6419185,6419243,-,Osteichthyes,Osteichthyes,No,,,,,,,
Cpi-Mir-7463,None,MIR-7463,GAGUCUC,None,None,JH584790,3543468,3543529,-,Diapsida,Diapsida,Unknown,1,,,,,,
Cpi-Mir-9578,cpi-mir-9578,MIR-9578,GGGACAC,MIMAT0037950,MIMAT0037951,JH584745,132134,132194,#ERROR!,C. picta,C. picta,No,,,,,,,
Cpi-Mir-9579,cpi-mir-9579,MIR-9579,UCUCUUU,MIMAT0037952,MIMAT0037953,JH584890,647206,647262,#ERROR!,C. picta,C. picta,No,1,,1,,,,
Cpi-Mir-9580,cpi-mir-9580,MIR-9580,AUGGGGA,MIMAT0037956,MIMAT0037957,JH584581,6053420,6053478,#ERROR!,C. picta,C. picta,No,,,1,,,,
Cpi-Mir-9581,cpi-mir-9581,MIR-9581,ACGCCGA,MIMAT0037958,MIMAT0037959,JH584390,702199,702260,-,C. picta,C. picta,No,,,1,,,,
Cpi-Mir-9583,cpi-mir-9583,MIR-9583,AGCAGUC,MIMAT0037962,MIMAT0037963,JH584564,1237382,1237441,#ERROR!,C. picta,C. picta,No,,1,,,,,
Cpi-Mir-9584,cpi-mir-9584,MIR-9584,UGUGACU,MIMAT0037964,MIMAT0037965,JH584684,2537512,2537569,-,C. picta,C. picta,No,,,,,,,
Cpi-Mir-9585,cpi-mir-9585,MIR-9585,ACCGAUC,MIMAT0037966,MIMAT0037967,JH584682,9632185,9632250,-,C. picta,C. picta,No,,,,,,,
Cpi-Mir-9586,cpi-mir-9586,MIR-9586,UGAUCCU,MIMAT0037968,MIMAT0037969,JH584521,616846,616904,#ERROR!,C. picta,C. picta,No,,,1,,,,
Cpi-Mir-9587,cpi-mir-9587,MIR-9587,AGCAAAG,MIMAT0037970,MIMAT0037971,JH584446,954091,954147,#ERROR!,C. picta,C. picta,No,,,1,,,,
Cpi-Mir-9588,cpi-mir-9588,MIR-9588,CUCAGAU,MIMAT0037972,MIMAT0037973,JH584750,4027645,4027702,#ERROR!,C. picta,C. picta,No,,,1,,,,
Cpi-Mir-9589,cpi-mir-9589,MIR-9589,CAGGUGG,MIMAT0037974,MIMAT0037975,JH584690,4792149,4792205,#ERROR!,C. picta,C. picta,No,1,,1,,,,
Cpi-Mir-9590,cpi-mir-9590,MIR-9590,GUGGUGC,MIMAT0037976,MIMAT0037977,JH584466,1371325,1371390,-,C. picta,C. picta,No,,,,,,,
Cpi-Mir-9592,cpi-mir-9592,MIR-9592,ACCUUAU,MIMAT0037980,MIMAT0037981,JH584868,1390555,1390614,#ERROR!,C. picta,C. picta,No,,,,,,,
Cpi-Mir-9593,cpi-mir-9593,MIR-9593,GGUGUAA,MIMAT0037982,MIMAT0037983,JH584667,1013393,1013452,#ERROR!,C. picta,C. picta,No,,,1,,,,
Cpi-Mir-9594,cpi-mir-9594,MIR-9594,CAGUGUA,MIMAT0037984,MIMAT0037985,JH584595,317716,317776,-,C. picta,C. picta,No,,,,,,,
Cpi-Mir-9595,cpi-mir-9595,MIR-9595,CUGCUAC,MIMAT0037986,MIMAT0037987,JH584479,1470293,1470352,#ERROR!,C. picta,C. picta,No,1,,,,,,
Cpi-Mir-9597,cpi-mir-9597,MIR-9597,AAAUAUC,MIMAT0037990,MIMAT0037991,JH584680,5293575,5293634,#ERROR!,C. picta,C. picta,No,,,1,,,,
Cpi-Novel-1,cpi-mir-1729,CPI-NOVEL-1,AGCCCUU,MIMAT0037954,MIMAT0037955,JH584702,3225755,3225811,-,C. picta,C. picta,No,1,,1,,,,