MirGeneDB ID â–²,MiRBase ID,Family,Seed,5p accession,3p accession,Chromosome,Start,End,Strand,Node of origin (locus),Node of origin (family),3' NTU,UG,UGUG,CNNC,Fe,Fe,Fe,Fe,Ma,Ma,Ma,Ma
Tgu-Let-7-P1c,tgu-let-7c-1,LET-7,GAGGUAG,MIMAT0014520,MIMAT0026983,1,7841764,7841830,-,Gnathostomata,Bilateria,No,,,1,,,,,,,,
Tgu-Let-7-P1d,tgu-let-7a-2,LET-7,GAGGUAG,MIMAT0014519,MIMAT0014634,24,4683684,4683750,#ERROR!,Gnathostomata,Bilateria,No,,,1,,,,,,,,
Tgu-Let-7-P2a1,tgu-let-7a-3,LET-7,GAGGUAG,MIMAT0014519,None,12,19655935,19656006,-,Gnathostomata,Bilateria,Yes,,,1,,,,,,,,
Tgu-Let-7-P2a2,tgu-let-7a-1,LET-7,GAGGUAG,MIMAT0014519,MIMAT0031085,1A,58819856,58819926,-,Gnathostomata,Bilateria,Yes,,,,,,,,,,,
Tgu-Let-7-P2a3,None,LET-7,GAGGUAG,None,None,RRCB01000128.1,38085,38156,-,Gnathostomata,Bilateria,Yes,,,1,,,,,,,,
Tgu-Let-7-P2a4,tgu-let-7e,LET-7,GAGGUAG,MIMAT0014518,MIMAT0026982,26,4383667,4383737,#ERROR!,Gnathostomata,Bilateria,Yes,,1,,,,,,,,,
Tgu-Let-7-P2b1,tgu-let-7f,LET-7,GAGGUAG,MIMAT0014530,MIMAT0026988,12,19655525,19655601,-,Gnathostomata,Bilateria,Yes,,,1,,,,,,,,
Tgu-Let-7-P2b2,tgu-let-7b,LET-7,GAGGUAG,MIMAT0014509,MIMAT0026975,1A,58819010,58819086,-,Gnathostomata,Bilateria,Yes,,,1,,,,,,,,
Tgu-Let-7-P2b4,tgu-let-7a-4,LET-7,GAGGUAG,MIMAT0014519,MIMAT0031086,26,4383853,4383930,#ERROR!,Gnathostomata,Bilateria,Yes,,,1,,,,,,,,
Tgu-Let-7-P2c1,tgu-let-7d,LET-7,GAGGUAG,MIMAT0014536,MIMAT0026992,12,19654532,19654606,-,Gnathostomata,Bilateria,Yes,1,,1,,,,,,,,
Tgu-Let-7-P2c2,tgu-let-7i,LET-7,GAGGUAG,MIMAT0014504,MIMAT0026974,1A,30694845,30694921,#ERROR!,Gnathostomata,Bilateria,Yes,,,1,,,,,,,,
Tgu-Let-7-P2c3,tgu-let-7g-1,LET-7,GAGGUAG,MIMAT0014528,MIMAT0026986,12,14244549,14244626,#ERROR!,Gnathostomata,Bilateria,Yes,,,1,,,,,,,,
Tgu-Mir-1-P1,tgu-mir-1-2,MIR-1,GGAAUGU,MIMAT0027002,MIMAT0014562,2,104326417,104326477,-,Gnathostomata,Bilateria,No,,,1,,,,,,,,
Tgu-Mir-1-P2,None,MIR-1,GGAAUGU,None,None,3,4387733,4387792,-,Gnathostomata,Bilateria,No,,,,,,,,,,,
Tgu-Mir-1-P3,tgu-mir-1-1,MIR-1,GGAAUGU,MIMAT0031087,MIMAT0014562,20,9774777,9774837,-,Gnathostomata,Bilateria,No,,,,,,,,,,,
Tgu-Mir-1-P4,None,MIR-1,GGAAUGU,None,None,23,1378978,1379040,#ERROR!,Gnathostomata,Bilateria,No,,,1,,,,,,,,
Tgu-Mir-7-P1,tgu-mir-7-2,MIR-7,GGAAGAC,MIMAT0014510,None,10,13788845,13788908,-,Gnathostomata,Bilateria,No,1,,1,,,,,,,,
Tgu-Mir-7-P2,tgu-mir-7-1,MIR-7,GGAAGAC,MIMAT0014510,MIMAT0014632,Z,61033813,61033876,#ERROR!,Gnathostomata,Bilateria,No,,,1,,,,,,,,
Tgu-Mir-7-P4,tgu-mir-7-4,MIR-7,GGAAGAC,MIMAT0014510,MIMAT0031020,28,1975774,1975835,#ERROR!,Gnathostomata,Bilateria,No,,1,1,,,,,,,,
Tgu-Mir-8-P1a,tgu-mir-200b,MIR-8,AAUACUG,MIMAT0014649,MIMAT0014592,21,95432,95491,-,Vertebrata,Bilateria,No,1,,1,,,,,,,,
Tgu-Mir-8-P2a,tgu-mir-200a,MIR-8,AACACUG,MIMAT0014640,MIMAT0014545,21,94000,94060,-,Vertebrata,Bilateria,No,1,,1,,,,,,,,
Tgu-Mir-9-P1,tgu-mir-9-1,MIR-9,CUUUGGU,MIMAT0014502,MIMAT0014627,10,13553459,13553520,-,Gnathostomata,Bilateria,No,,1,1,,,,,,,,
Tgu-Mir-9-P2,tgu-mir-9-2,MIR-9,CUUUGGU,MIMAT0014502,MIMAT0014627,Z,17214960,17215019,#ERROR!,Gnathostomata,Bilateria,No,,1,1,,,,,,,,
Tgu-Mir-9-P3,None,MIR-9,CUUUGGU,None,None,25,636046,636107,#ERROR!,Gnathostomata,Bilateria,No,,1,1,,,,,,,,
Tgu-Mir-9-P4,None,MIR-9,CUUUGGU,None,None,28,413624,413683,#ERROR!,Gnathostomata,Bilateria,No,1,,1,,,,,,,,
Tgu-Mir-10-P1b-v1,tgu-mir-10a,MIR-10,ACCCUGU,MIMAT0018618,MIMAT0027035,7,16417453,16417514,#ERROR!,Gnathostomata,Eumetazoa,No,,1,1,,,,,,,,
Tgu-Mir-10-P1b-v2,tgu-mir-10a,MIR-10,CCCUGUA,MIMAT0018618,MIMAT0027035,7,16417454,16417513,#ERROR!,Gnathostomata,Eumetazoa,No,,,,,,,,,,,
Tgu-Mir-10-P1c-v1,tgu-mir-10a,MIR-10,ACCCUGU,MIMAT0018618,MIMAT0027035,gnl|ti|1257183866,637,699,#ERROR!,Gnathostomata,Eumetazoa,No,1,,1,,,,,,,,
Tgu-Mir-10-P1c-v2,tgu-mir-10a,MIR-10,CCCUGUA,MIMAT0018618,MIMAT0027035,gnl|ti|1257183866,638,698,#ERROR!,Gnathostomata,Eumetazoa,No,,,,,,,,,,,
Tgu-Mir-10-P2c,tgu-mir-99-1,MIR-10,ACCCGUA,MIMAT0014524,MIMAT0014635,1,7842487,7842545,-,Gnathostomata,Eumetazoa,Yes,1,,,,,,,,,,
Tgu-Mir-10-P2d,tgu-mir-100-1,MIR-10,ACCCGUA,MIMAT0014511,MIMAT0014633,24,4674178,4674234,#ERROR!,Gnathostomata,Eumetazoa,No,1,,1,,,,,,,,
Tgu-Mir-10-P3c,tgu-mir-125-1,MIR-10,CCCUGAG,MIMAT0014505,MIMAT0014628,1,7807795,7807856,-,Gnathostomata,Eumetazoa,No,,,1,,,,,,,,
Tgu-Mir-10-P3d,tgu-mir-125-2,MIR-10,CCCUGAG,MIMAT0014505,MIMAT0014685,24,4704733,4704794,#ERROR!,Gnathostomata,Eumetazoa,No,1,1,1,,,,,,,,
Tgu-Mir-15-P1a,tgu-mir-15a,MIR-15,AGCAGCA,MIMAT0014555,MIMAT0027000,1,59559891,59559949,-,Gnathostomata,Olfactores,No,,,1,,,,,,,,
Tgu-Mir-15-P1b,tgu-mir-15b,MIR-15,AGCAGCA,MIMAT0014597,MIMAT0027020,9,23954743,23954802,-,Gnathostomata,Olfactores,No,,,,,,,,,,,
Tgu-Mir-15-P1c,tgu-mir-15c,MIR-15,AGCAGCA,MIMAT0014619,MIMAT0027025,4A,6684432,6684489,#ERROR!,Gnathostomata,Olfactores,No,,,,,,,,,,,
Tgu-Mir-15-P2a,tgu-mir-16a,MIR-15,AGCAGCA,MIMAT0014583,MIMAT0014647,1,59559746,59559808,-,Gnathostomata,Olfactores,No,1,,1,,,,,,,,
Tgu-Mir-15-P2b,tgu-mir-16b,MIR-15,AGCAGCA,MIMAT0014588,MIMAT0014648,9,23954584,23954647,-,Gnathostomata,Olfactores,No,1,,1,,,,,,,,
Tgu-Mir-15-P2c,tgu-mir-16c,MIR-15,AGCAGCA,MIMAT0014586,None,4A,6684842,6684906,#ERROR!,Gnathostomata,Olfactores,No,1,,,,,,,,,,
Tgu-Mir-17-P1a,tgu-mir-17a,MIR-17,AAAGUGC,MIMAT0017390,MIMAT0014564,1,71703517,71703577,#ERROR!,Gnathostomata,Vertebrata,No,,,1,,,,,,,,
Tgu-Mir-17-P1c,tgu-mir-106,MIR-17,AAAGUGC,MIMAT0014590,MIMAT0027016,4A,6773566,6773623,#ERROR!,Gnathostomata,Vertebrata,No,,,,,,,,,,,
Tgu-Mir-17-P2a,tgu-mir-18a,MIR-17,AAGGUGC,MIMAT0014587,None,1,71703664,71703728,#ERROR!,Gnathostomata,Vertebrata,No,,,1,,,,,,,,
Tgu-Mir-17-P2c,None,MIR-17,AAGGUGC,None,None,4A,6773715,6773779,#ERROR!,Gnathostomata,Vertebrata,Unknown,,,1,,,,,,,,
Tgu-Mir-17-P4a,tgu-mir-20a,MIR-17,AAAGUGC,MIMAT0014553,MIMAT0026998,1,71703973,71704031,#ERROR!,Gnathostomata,Vertebrata,No,,1,1,,,,,,,,
Tgu-Mir-17-P4c,tgu-mir-20b,MIR-17,AAAGUGC,MIMAT0014591,MIMAT0027017,4A,6773912,6773972,#ERROR!,Gnathostomata,Vertebrata,No,1,,1,,,,,,,,
Tgu-Mir-19-P1a,tgu-mir-19a,MIR-19,GUGCAAA,MIMAT0027023,MIMAT0014611,1,71703804,71703861,#ERROR!,Gnathostomata,Vertebrata,No,1,,1,,,,,,,,
Tgu-Mir-19-P2a,tgu-mir-19b-1,MIR-19,GUGCAAA,MIMAT0026981,MIMAT0014517,1,71704107,71704167,#ERROR!,Gnathostomata,Vertebrata,No,,1,,,,,,,,,
Tgu-Mir-19-P2c,tgu-mir-19b-2,MIR-19,GUGCAAA,MIMAT0031102,MIMAT0014517,4A,6774037,6774096,#ERROR!,Gnathostomata,Vertebrata,No,1,,,,,,,,,,
Tgu-Mir-21,tgu-mir-21,MIR-21,AGCUUAU,MIMAT0014527,MIMAT0014636,19,2497947,2498006,-,Vertebrata,Vertebrata,No,,,,,,,,,,,
Tgu-Mir-22-P1b,None,MIR-22,AGCUGCC,None,None,19,4804172,4804234,#ERROR!,Vertebrata,Bilateria,No,,1,1,,,,,,,,
Tgu-Mir-23-P2,tgu-mir-23,MIR-23,UCACAUU,MIMAT0014644,MIMAT0014566,Z,10609383,10609442,-,Gnathostomata,Vertebrata,Yes,1,1,1,,,,,,,,
Tgu-Mir-23-P3,None,MIR-23,UCACAUU,None,None,30,3316574,3316636,#ERROR!,Gnathostomata,Vertebrata,Yes,,,1,,,,,,,,
Tgu-Mir-24-P2,tgu-mir-24,MIR-24,GGCUCAG,MIMAT0026994,MIMAT0014539,Z,10608541,10608600,-,Gnathostomata,Vertebrata,Yes,,,,,,,,,,,
Tgu-Mir-24-P3,None,MIR-24,GGCUCAG,None,None,30,3317000,3317059,#ERROR!,Gnathostomata,Vertebrata,Yes,,,1,,,,,,,,
Tgu-Mir-26-P1,tgu-mir-26-1,MIR-26,UCAAGUA,MIMAT0014516,MIMAT0026980,2,4609728,4609788,#ERROR!,Gnathostomata,Vertebrata,No,,,,,,,,,,,
Tgu-Mir-26-P2,None,MIR-26,UCAAGUA,None,None,7,9895589,9895649,#ERROR!,Gnathostomata,Vertebrata,No,1,1,1,,,,,,,,
Tgu-Mir-26-P4,None,MIR-26,UCAAGUA,None,None,29,1061954,1062009,#ERROR!,Gnathostomata,Vertebrata,No,,,1,,,,,,,,
Tgu-Mir-27-P2,tgu-mir-27,MIR-27,UCACAGU,MIMAT0026991,MIMAT0014534,Z,10609064,10609126,-,Gnathostomata,Vertebrata,No,,1,,,,,,,,,
Tgu-Mir-27-P3,None,MIR-27,UCACAGU,None,None,30,3316751,3316812,#ERROR!,Gnathostomata,Vertebrata,Yes,,,1,,,,,,,,
Tgu-Mir-29-P1b-v1,tgu-mir-29b-1,MIR-29,AGCACCA,MIMAT0031064,MIMAT0014601,1A,2242421,2242484,#ERROR!,Gnathostomata,Bilateria,No,,,1,,,,,,,,
Tgu-Mir-29-P1b-v2,tgu-mir-29b-1,MIR-29,UAGCACC,MIMAT0031064,MIMAT0014601,1A,2242422,2242483,#ERROR!,Gnathostomata,Bilateria,No,,,1,,,,,,,,
Tgu-Mir-29-P1d-v1,tgu-mir-29b-2,MIR-29,AGCACCA,MIMAT0014651,MIMAT0014601,26,1141828,1141891,#ERROR!,Gnathostomata,Bilateria,No,,,1,,,,,,,,
Tgu-Mir-29-P1d-v2,tgu-mir-29b-2,MIR-29,UAGCACC,MIMAT0014651,MIMAT0014601,26,1141829,1141890,#ERROR!,Gnathostomata,Bilateria,No,,,1,,,,,,,,
Tgu-Mir-29-P2b,tgu-mir-29a-1,MIR-29,AGCACCA,MIMAT0026990,MIMAT0014532,1A,2243438,2243497,#ERROR!,Gnathostomata,Bilateria,No,,,1,,,,,,,,
Tgu-Mir-29-P2d,tgu-mir-29a-2,MIR-29,AGCACCA,MIMAT0031063,MIMAT0014532,26,1142794,1142853,#ERROR!,Gnathostomata,Bilateria,No,,,1,,,,,,,,
Tgu-Mir-30-P1a,tgu-mir-30d,MIR-30,GUAAACA,MIMAT0014657,MIMAT0014613,2,144093706,144093764,-,Gnathostomata,Vertebrata,No,,,1,,,,,,,,
Tgu-Mir-30-P1b,tgu-mir-30b,MIR-30,GUAAACA,MIMAT0014506,MIMAT0014629,3,29930926,29930989,-,Gnathostomata,Vertebrata,No,1,1,1,,,,,,,,
Tgu-Mir-30-P1d,tgu-mir-30a,MIR-30,GUAAACA,MIMAT0014637,MIMAT0014535,23,2003629,2003691,#ERROR!,Gnathostomata,Vertebrata,No,,,1,,,,,,,,
Tgu-Mir-30-P2a,tgu-mir-30e,MIR-30,GUAAACA,MIMAT0025411,None,2,144090098,144090157,-,Gnathostomata,Vertebrata,No,,,1,,,,,,,,
Tgu-Mir-30-P2b,tgu-mir-30c,MIR-30,GUAAACA,MIMAT0014521,MIMAT0014686,3,29904543,29904604,-,Gnathostomata,Vertebrata,No,1,1,1,,,,,,,,
Tgu-Mir-30-P2d,None,MIR-30,GUAAACA,None,None,23,2005755,2005815,#ERROR!,Gnathostomata,Vertebrata,No,,1,1,,,,,,,,
Tgu-Mir-31,tgu-mir-31,MIR-31,GGCAAGA,MIMAT0014615,None,Z,40389641,40389699,#ERROR!,Bilateria,Bilateria,Unknown,,,1,,,,,,,,
Tgu-Mir-32,tgu-mir-32,MIR-32,AUUGCAC,MIMAT0014584,None,2,86006614,86006675,-,Gnathostomata,Gnathostomata,No,1,,,,,,,,,,
Tgu-Mir-33-P1,None,MIR-33,UGCAUUG,None,None,14,5834816,5834875,-,Gnathostomata,Bilateria,No,,1,1,,,,,,,,
Tgu-Mir-33-P3,tgu-mir-33,MIR-33,UGCAUUG,MIMAT0014538,MIMAT0026993,1A,46735951,46736011,-,Gnathostomata,Bilateria,Yes,,1,1,,,,,,,,
Tgu-Mir-34-P1,tgu-mir-34a,MIR-34,GGCAGUG,MIMAT0014598,None,21,696980,697045,-,Gnathostomata,Bilateria,No,1,1,,,,,,,,,
Tgu-Mir-34-P2a,tgu-mir-34c-1,MIR-34,GGCAGUG,MIMAT0016928,MIMAT0027033,24,5982700,5982758,#ERROR!,Gnathostomata,Bilateria,No,,,,,,,,,,,
Tgu-Mir-34-P2b,None,MIR-34,GGCAGUG,None,None,24,5983297,5983351,#ERROR!,Gnathostomata,Bilateria,No,,,,,,,,,,,
Tgu-Mir-34-P3a,None,MIR-34,GGCAGUG,None,None,Z,55413848,55413910,-,Gnathostomata,Bilateria,Unknown,1,,1,,,,,,,,
Tgu-Mir-34-P3c,None,MIR-34,GGCAGUG,None,None,Z,55412726,55412782,-,Gnathostomata,Bilateria,Unknown,,,,,,,,,,,
Tgu-Mir-34-P3d,None,MIR-34,GGCAGUG,None,None,Z,55411777,55411835,-,Gnathostomata,Bilateria,No,1,,,,,,,,,,
Tgu-Mir-92-P1a,tgu-mir-92-1,MIR-92,AUUGCAC,MIMAT0027007,MIMAT0014574,1,71704225,71704283,#ERROR!,Gnathostomata,Bilateria,No,,1,,,,,,,,,
Tgu-Mir-92-P1c,tgu-mir-92-2,MIR-92,AUUGCAC,MIMAT0031032,MIMAT0014574,4A,6774233,6774294,#ERROR!,Gnathostomata,Bilateria,No,,1,,,,,,,,,
Tgu-Mir-92-P1d,None,MIR-92,AUUGCAC,None,None,25,968965,969027,#ERROR!,Gnathostomata,Bilateria,No,,1,1,,,,,,,,
Tgu-Mir-92-P2a,tgu-mir-367,MIR-92,AUUGCAC,None,MIMAT0025395,4,66548883,66548942,#ERROR!,Gnathostomata,Bilateria,Unknown,1,,,,,,,,,,
Tgu-Mir-92-P2c,tgu-mir-363,MIR-92,AUUGCAC,MIMAT0026972,MIMAT0014501,4A,6774372,6774436,#ERROR!,Gnathostomata,Bilateria,No,1,,,,,,,,,,
Tgu-Mir-96-P1,None,MIR-96,UUGGCAC,None,None,gnl|ti|1263877921,262,325,-,Bilateria,Bilateria,No,,,,,,,,,,,
Tgu-Mir-96-P2,None,MIR-96,UUGGCAA,None,None,Tgu-Mir-96-P2_pre_NC_044999.1:1041946-1042082,37,101,-,Bilateria,Bilateria,No,,,1,,,,,,,,
Tgu-Mir-96-P3,tgu-mir-183,MIR-96,AUGGCAC,MIMAT0025393,None,gnl|ti|1263877921,384,445,-,Bilateria,Bilateria,No,,1,1,,,,,,,,
Tgu-Mir-101-P1-v1,tgu-mir-101-2,MIR-101,ACAGUAC,MIMAT0014631,MIMAT0014508,8,1553620,1553678,#ERROR!,Vertebrata,Vertebrata,No,,1,1,,,,,,,,
Tgu-Mir-101-P1-v2,tgu-mir-101-2,MIR-101,UACAGUA,MIMAT0014631,MIMAT0014508,8,1553621,1553677,#ERROR!,Vertebrata,Vertebrata,No,,,,,,,,,,,
Tgu-Mir-101-P2-v1,tgu-mir-101-1,MIR-101,ACAGUAC,MIMAT0031101,MIMAT0014508,Z,68899072,68899130,#ERROR!,Vertebrata,Vertebrata,No,1,,,,,,,,,,
Tgu-Mir-101-P2-v2,tgu-mir-101-1,MIR-101,UACAGUA,MIMAT0031101,MIMAT0014508,Z,68899073,68899129,#ERROR!,Vertebrata,Vertebrata,No,,,,,,,,,,,
Tgu-Mir-103-P1,tgu-mir-107,MIR-103,GCAGCAU,None,MIMAT0014556,6,18453193,18453252,-,Gnathostomata,Deuterostomia,No,,,1,,,,,,,,
Tgu-Mir-103-P2,tgu-mir-103-2,MIR-103,GCAGCAU,MIMAT0026985,MIMAT0014523,4,3448340,3448399,#ERROR!,Gnathostomata,Deuterostomia,No,,,1,,,,,,,,
Tgu-Mir-103-P4,tgu-mir-103-1,MIR-103,GCAGCAU,None,MIMAT0014523,13,5236672,5236731,-,Gnathostomata,Deuterostomia,No,,,1,,,,,,,,
Tgu-Mir-122,tgu-mir-122,MIR-122,GGAGUGU,MIMAT0014529,MIMAT0026987,Z,1940926,1940982,-,Vertebrata,Vertebrata,No,1,1,1,,,,,,,,
Tgu-Mir-124-P1-v1,tgu-mir-124-1,MIR-124,AAGGCAC,MIMAT0014630,MIMAT0014507,2,116209608,116209666,#ERROR!,Gnathostomata,Bilateria,No,,,1,,,,,,,,
Tgu-Mir-124-P1-v2,tgu-mir-124-1,MIR-124,UAAGGCA,MIMAT0014630,MIMAT0014507,2,116209608,116209665,#ERROR!,Gnathostomata,Bilateria,No,,,1,,,,,,,,
Tgu-Mir-124-P2-v1,tgu-mir-124-2,MIR-124,AAGGCAC,MIMAT0014630,MIMAT0014507,3,3070065,3070125,-,Gnathostomata,Bilateria,No,,,1,,,,,,,,
Tgu-Mir-124-P2-v2,tgu-mir-124-2,MIR-124,UAAGGCA,MIMAT0014630,MIMAT0014507,3,3070066,3070125,-,Gnathostomata,Bilateria,No,,,1,,,,,,,,
Tgu-Mir-124-P3-v1,tgu-mir-124-3,MIR-124,AAGGCAC,MIMAT0014630,MIMAT0014630,20,9140408,9140467,-,Gnathostomata,Bilateria,No,,,1,,,,,,,,
Tgu-Mir-124-P3-v2,tgu-mir-124-3,MIR-124,UAAGGCA,MIMAT0014630,MIMAT0014630,20,9140409,9140467,-,Gnathostomata,Bilateria,No,,,1,,,,,,,,
Tgu-Mir-126-P2-v1,tgu-mir-126,MIR-126,CGUACCG,MIMAT0014639,MIMAT0014639,17,8973713,8973771,-,Vertebrata,Olfactores,No,,1,1,,,,,,,,
Tgu-Mir-126-P2-v2,tgu-mir-126,MIR-126,AUUAUUA,MIMAT0014639,MIMAT0014639,17,8973713,8973771,-,Vertebrata,Olfactores,No,,,1,,,,,,,,
Tgu-Mir-126-P2-v3,tgu-mir-126,MIR-126,UCGUACC,MIMAT0014639,MIMAT0014639,17,8973713,8973771,-,Vertebrata,Olfactores,No,,1,1,,,,,,,,
Tgu-Mir-128-P1,tgu-mir-128-2,MIR-128,CACAGUG,MIMAT0026977,MIMAT0014513,2,48641436,48641493,-,Gnathostomata,Vertebrata,No,,,1,,,,,,,,
Tgu-Mir-128-P2,tgu-mir-128-1,MIR-128,CACAGUG,MIMAT0031084,MIMAT0014513,7,31776242,31776297,#ERROR!,Gnathostomata,Vertebrata,No,1,,1,,,,,,,,
Tgu-Mir-129-P1,tgu-mir-129,MIR-129,UUUUUGC,MIMAT0014625,MIMAT0014499,5,21111818,21111882,#ERROR!,Gnathostomata,Chordata,No,1,1,1,,,,,,,,
Tgu-Mir-129-P2,None,MIR-129,UUUUUGC,None,None,RRCB01000088.1,421,481,-,Gnathostomata,Chordata,No,1,1,1,,,,,,,,
Tgu-Mir-130-P1a,tgu-mir-130a,MIR-130,AGUGCAA,MIMAT0027006,MIMAT0014573,15,6177590,6177648,-,Gnathostomata,Vertebrata,No,1,,,,,,,,,,
Tgu-Mir-130-P1b,tgu-mir-130c,MIR-130,AGUGCAA,MIMAT0027012,MIMAT0014581,19,2690538,2690600,#ERROR!,Gnathostomata,Vertebrata,No,,,1,,,,,,,,
Tgu-Mir-130-P2a,None,MIR-130,AGUGCAA,None,None,15,6176337,6176399,-,Gnathostomata,Vertebrata,No,1,,,,,,,,,,
Tgu-Mir-130-P2b,tgu-mir-301,MIR-130,AGUGCAA,MIMAT0017391,MIMAT0014595,19,2691535,2691596,#ERROR!,Gnathostomata,Vertebrata,No,1,,1,,,,,,,,
Tgu-Mir-130-P3a,tgu-mir-454,MIR-130,AGUGCAA,MIMAT0027011,MIMAT0014580,15,6169809,6169872,-,Gnathostomata,Vertebrata,No,,,,,,,,,,,
Tgu-Mir-130-P4a,tgu-mir-130b,MIR-130,AGUGCAA,MIMAT0014646,MIMAT0014646,15,6168615,6168675,-,Gnathostomata,Vertebrata,No,,,1,,,,,,,,
Tgu-Mir-132-P1,None,MIR-132,CCGUGGC,None,None,19,4632357,4632415,#ERROR!,Vertebrata,Vertebrata,No,,1,,,,,,,,,
Tgu-Mir-132-P2,None,MIR-132,CCUUGGC,None,None,19,4631758,4631822,#ERROR!,Vertebrata,Vertebrata,No,,,1,,,,,,,,
Tgu-Mir-133-P1-v1,tgu-mir-133-1,MIR-133,UUGGUCC,MIMAT0027005,MIMAT0014571,2,104323269,104323328,-,Gnathostomata,Bilateria,No,,,1,,,,,,,,
Tgu-Mir-133-P1-v2,tgu-mir-133-1,MIR-133,UGGUCCC,MIMAT0027005,MIMAT0014571,2,104323269,104323328,-,Gnathostomata,Bilateria,No,,,1,,,,,,,,
Tgu-Mir-133-P2-v1,tgu-mir-133-2,MIR-133,UUGGUCC,None,MIMAT0014571,3,4383548,4383606,-,Gnathostomata,Bilateria,No,,,1,,,,,,,,
Tgu-Mir-133-P2-v2,tgu-mir-133-2,MIR-133,UGGUCCC,None,MIMAT0014571,3,4383548,4383606,-,Gnathostomata,Bilateria,No,,,1,,,,,,,,
Tgu-Mir-133-P3-v1,tgu-mir-133-3,MIR-133,UUGGUCC,MIMAT0027005,MIMAT0014571,20,9762467,9762526,-,Gnathostomata,Bilateria,No,,,,,,,,,,,
Tgu-Mir-133-P3-v2,tgu-mir-133-3,MIR-133,UGGUCCC,MIMAT0027005,MIMAT0014571,20,9762467,9762526,-,Gnathostomata,Bilateria,No,,,,,,,,,,,
Tgu-Mir-133-P4-v1,None,MIR-133,UUGGUCC,None,None,23,1379125,1379182,#ERROR!,Gnathostomata,Bilateria,No,,,1,,,,,,,,
Tgu-Mir-133-P4-v2,None,MIR-133,UGGUCCC,None,None,23,1379125,1379182,#ERROR!,Gnathostomata,Bilateria,No,,,1,,,,,,,,
Tgu-Mir-135-P1,tgu-mir-135b,MIR-135,AUGGCUU,MIMAT0014560,None,12,14220723,14220783,#ERROR!,Gnathostomata,Chordata,No,,,1,,,,,,,,
Tgu-Mir-135-P2,tgu-mir-135a-1,MIR-135,AUGGCUU,MIMAT0014559,MIMAT0014643,1A,43566367,43566426,#ERROR!,Gnathostomata,Chordata,No,,,1,,,,,,,,
Tgu-Mir-135-P4,tgu-mir-135a-2,MIR-135,AUGGCUU,MIMAT0014559,MIMAT0031089,26,3233049,3233109,-,Gnathostomata,Chordata,No,,,1,,,,,,,,
Tgu-Mir-137-P1-v1,tgu-mir-137,MIR-137,UAUUGCU,MIMAT0026995,MIMAT0014543,8,19840112,19840170,-,Gnathostomata,Bilateria,No,,,1,,,,,,,,
Tgu-Mir-137-P1-v2,tgu-mir-137,MIR-137,AUUGCUU,MIMAT0026995,MIMAT0014543,8,19840111,19840171,-,Gnathostomata,Bilateria,No,1,,1,,,,,,,,
Tgu-Mir-138-P1,tgu-mir-138-1,MIR-138,GCUGGUG,MIMAT0014515,MIMAT0026979,2,42193929,42193989,-,Vertebrata,Vertebrata,No,,,1,,,,,,,,
Tgu-Mir-138-P2,tgu-mir-138-2,MIR-138,GCUGGUG,MIMAT0014515,MIMAT0031021,11,4014425,4014492,#ERROR!,Vertebrata,Vertebrata,No,,,1,,,,,,,,
Tgu-Mir-139,tgu-mir-139,MIR-139,CUACAGU,MIMAT0014500,MIMAT0014626,1,4315039,4315097,#ERROR!,Gnathostomata,Gnathostomata,No,,1,,,,,,,,,
Tgu-Mir-140-P1-v1,tgu-mir-140,MIR-140,CCACAGG,MIMAT0014557,MIMAT0014642,11,11586546,11586607,#ERROR!,Gnathostomata,Vertebrata,No,,,1,,,,,,,,
Tgu-Mir-140-P1-v2,tgu-mir-140,MIR-140,ACCACAG,MIMAT0014557,MIMAT0014642,11,11586546,11586607,#ERROR!,Gnathostomata,Vertebrata,No,,,1,,,,,,,,
Tgu-Mir-142-P1-v1,tgu-mir-142,MIR-142,AUAAAGU,MIMAT0014554,MIMAT0026999,Tgu-Mir-142-P1-v1_pre_19:468467-468608,42,101,-,Gnathostomata,Vertebrata,No,,,1,,,,,,,,
Tgu-Mir-142-P1-v2,tgu-mir-142,MIR-142,UAGUGUU,MIMAT0014554,MIMAT0026999,Tgu-Mir-142-P1-v1_pre_19:468467-468608,42,101,-,Gnathostomata,Vertebrata,No,,,1,,,,,,,,
Tgu-Mir-142-P1-v3,tgu-mir-142,MIR-142,GUAGUGU,MIMAT0014554,MIMAT0026999,Tgu-Mir-142-P1-v1_pre_19:468467-468608,42,101,-,Gnathostomata,Vertebrata,No,,,1,,,,,,,,
Tgu-Mir-142-P1-v4,tgu-mir-142,MIR-142,CCAUAAA,MIMAT0014554,MIMAT0026999,Tgu-Mir-142-P1-v1_pre_19:468467-468608,40,103,-,Gnathostomata,Vertebrata,No,,,,,,,,,,,
Tgu-Mir-143,None,MIR-143,GAGAUGA,None,None,13,16705964,16706018,#ERROR!,Vertebrata,Vertebrata,No,,,1,,,,,,,,
Tgu-Mir-144-v1,tgu-mir-144,MIR-144,GAUAUCA,MIMAT0014650,MIMAT0014596,19,4217046,4217103,#ERROR!,Vertebrata,Vertebrata,No,,,1,,,,,,,,
Tgu-Mir-144-v2,tgu-mir-144,MIR-144,GAUAUCA,MIMAT0014650,MIMAT0014596,19,4217046,4217103,#ERROR!,Vertebrata,Vertebrata,No,,,1,,,,,,,,
Tgu-Mir-145,None,MIR-145,UCCAGUU,None,None,13,16706310,16706369,#ERROR!,Vertebrata,Vertebrata,No,,,1,,,,,,,,
Tgu-Mir-146-P1,tgu-mir-146b,MIR-146,GAGAACU,MIMAT0014602,MIMAT0014652,6,22361514,22361573,#ERROR!,Gnathostomata,Vertebrata,No,1,,1,,,,,,,,
Tgu-Mir-146-P2,tgu-mir-146a,MIR-146,GAGAACU,MIMAT0014622,MIMAT0014465,4,3170777,3170841,#ERROR!,Gnathostomata,Vertebrata,Yes,,,1,,,,,,,,
Tgu-Mir-146-P4,tgu-mir-146c,MIR-146,GAGAACU,MIMAT0014609,None,13,2361944,2362007,#ERROR!,Gnathostomata,Vertebrata,No,,,1,,,,,,,,
Tgu-Mir-147,tgu-mir-147,MIR-147,UGUGCGG,None,MIMAT0014606,10,11177114,11177173,#ERROR!,Vertebrata,Vertebrata,Yes,,,1,,,,,,,,
Tgu-Mir-148-P1,tgu-mir-148a,MIR-148,CAGUGCA,MIMAT0026973,MIMAT0014503,2,33394964,33395023,-,Gnathostomata,Vertebrata,No,,,1,,,,,,,,
Tgu-Mir-148-P1-as,tgu-mir-148b,MIR-148,AAGUUCU,None,MIMAT0014455,2,33394966,33395025,#ERROR!,Neoaves,Vertebrata,No,,,1,,,,,,,,
Tgu-Mir-148-P4,None,MIR-148,CAGUGCA,None,None,29,2800940,2800998,#ERROR!,Gnathostomata,Vertebrata,No,1,1,1,,,,,,,,
Tgu-Mir-153-P1,tgu-mir-153-1,MIR-153,UGCAUAG,MIMAT0026997,MIMAT0014552,2,9267710,9267770,-,Gnathostomata,Bilateria,No,,,1,,,,,,,,
Tgu-Mir-153-P2,tgu-mir-153-2,MIR-153,UGCAUAG,MIMAT0031022,MIMAT0014552,7,10362074,10362132,-,Gnathostomata,Bilateria,No,,,1,,,,,,,,
Tgu-Mir-155,tgu-mir-155,MIR-155,UAAUGCU,MIMAT0014612,MIMAT0014656,1,5194407,5194467,-,Vertebrata,Vertebrata,Unknown,,,,,,,,,,,
Tgu-Mir-181-P1a,tgu-mir-181a-1,MIR-181,ACAUUCA,MIMAT0014546,MIMAT0014641,8,23318289,23318350,#ERROR!,Gnathostomata,Vertebrata,No,1,,1,,,,,,,,
Tgu-Mir-181-P1b,tgu-mir-181a-2,MIR-181,ACAUUCA,MIMAT0014546,MIMAT0031043,17,10778915,10778975,#ERROR!,Gnathostomata,Vertebrata,No,,,,,,,,,,,
Tgu-Mir-181-P2a,tgu-mir-181b-1,MIR-181,ACAUUCA,MIMAT0014563,MIMAT0027003,8,23318472,23318532,#ERROR!,Gnathostomata,Vertebrata,No,,,,,,,,,,,
Tgu-Mir-181-P2b,tgu-mir-181b-2,MIR-181,ACAUUCA,MIMAT0014563,MIMAT0031044,17,10779964,10780023,#ERROR!,Gnathostomata,Vertebrata,No,,,,,,,,,,,
Tgu-Mir-184,tgu-mir-184,MIR-184,GGACGGA,None,MIMAT0014561,10,21499208,21499269,#ERROR!,Bilateria,Bilateria,No,,,1,,,,,,,,
Tgu-Mir-187,tgu-mir-187,MIR-187,CGUGUCU,MIMAT0027004,MIMAT0014567,2,85355102,85355159,#ERROR!,Osteichthyes,Osteichthyes,Yes,,,1,,,,,,,,
Tgu-Mir-190-P1,tgu-mir-190,MIR-190,GAUAUGU,MIMAT0014589,MIMAT0027015,10,4839692,4839750,-,Gnathostomata,Bilateria,No,1,,1,,,,,,,,
Tgu-Mir-190-P3,None,MIR-190,GAUAUGU,None,None,25,274648,274708,#ERROR!,Gnathostomata,Bilateria,Unknown,,,1,,,,,,,,
Tgu-Mir-191,None,MIR-191,AACGGAA,None,None,12,8757270,8757329,-,Gnathostomata,Gnathostomata,No,,,1,,,,,,,,
Tgu-Mir-192-P1,tgu-mir-215,MIR-192,UGACCUA,MIMAT0014577,MIMAT0027009,3,104322023,104322081,-,Vertebrata,Vertebrata,No,1,,1,,,,,,,,
Tgu-Mir-193-P1a,tgu-mir-193a,MIR-193,ACUGGCC,MIMAT0027014,MIMAT0014585,14,10033725,10033783,#ERROR!,Vertebrata,Bilateria,No,1,,,,,,,,,,
Tgu-Mir-193-P1b,tgu-mir-193b,MIR-193,ACUGGCC,MIMAT0014654,MIMAT0014608,18,10887122,10887180,#ERROR!,Vertebrata,Bilateria,No,,,1,,,,,,,,
Tgu-Mir-193-P2a,tgu-mir-365-1,MIR-193,AAUGCCC,MIMAT0027013,MIMAT0014582,14,10038010,10038070,#ERROR!,Vertebrata,Bilateria,Yes,,,1,,,,,,,,
Tgu-Mir-193-P2b,tgu-mir-365-2,MIR-193,AAUGCCC,MIMAT0031088,MIMAT0014582,18,10900791,10900853,#ERROR!,Vertebrata,Bilateria,No,,,1,,,,,,,,
Tgu-Mir-194-P1,tgu-mir-194-1,MIR-194,GUAACAG,MIMAT0014558,MIMAT0027001,3,104322345,104322400,-,Vertebrata,Vertebrata,No,,,1,,,,,,,,
Tgu-Mir-196-P1,tgu-mir-196,MIR-196,AGGUAGU,MIMAT0025394,None,2,33989168,33989226,-,Gnathostomata,Olfactores,No,,,1,,,,,,,,
Tgu-Mir-196-P4,None,MIR-196,AGGUAGU,None,None,29,2679763,2679820,#ERROR!,Gnathostomata,Olfactores,Unknown,,,1,,,,,,,,
Tgu-Mir-199-P1-v1,tgu-mir-199-2,MIR-199,CAGUAGU,MIMAT0014645,MIMAT0014617,8,31114364,31114424,-,Gnathostomata,Vertebrata,No,,,1,,,,,,,,
Tgu-Mir-199-P1-v2,tgu-mir-199-2,MIR-199,ACAGUAG,MIMAT0014645,MIMAT0014617,8,31114364,31114424,-,Gnathostomata,Vertebrata,No,,,1,,,,,,,,
Tgu-Mir-199-P1-v3,tgu-mir-199-2,MIR-199,AGUAGUC,MIMAT0014645,MIMAT0014617,8,31114364,31114424,-,Gnathostomata,Vertebrata,No,,,1,,,,,,,,
Tgu-Mir-199-P2-v1,tgu-mir-199-1,MIR-199,CAGUAGU,MIMAT0014645,MIMAT0014617,17,5878423,5878483,#ERROR!,Gnathostomata,Vertebrata,No,,,1,,,,,,,,
Tgu-Mir-199-P2-v2,tgu-mir-199-1,MIR-199,ACAGUAG,MIMAT0014645,MIMAT0014617,17,5878423,5878483,#ERROR!,Gnathostomata,Vertebrata,No,,,1,,,,,,,,
Tgu-Mir-199-P2-v3,tgu-mir-199-1,MIR-199,AGUAGUC,MIMAT0014645,MIMAT0014617,17,5878423,5878483,#ERROR!,Gnathostomata,Vertebrata,No,,,1,,,,,,,,
Tgu-Mir-202,tgu-mir-202-1,MIR-202,UCCUAUG,None,MIMAT0014565,6,20359005,20359062,#ERROR!,Vertebrata,Vertebrata,Unknown,,,,,,,,,,,
Tgu-Mir-203-v1,tgu-mir-203,MIR-203,UGAAAUG,MIMAT0027022,MIMAT0014605,5,52283965,52284024,#ERROR!,Vertebrata,Vertebrata,No,,,1,,,,,,,,
Tgu-Mir-203-v2,tgu-mir-203,MIR-203,GAAAUGU,MIMAT0027022,MIMAT0014605,5,52283965,52284024,#ERROR!,Vertebrata,Vertebrata,Yes,,,1,,,,,,,,
Tgu-Mir-204-P1,tgu-mir-204-2,MIR-204,UCCCUUU,MIMAT0014570,None,10,6213146,6213203,#ERROR!,Gnathostomata,Vertebrata,Unknown,1,,1,,,,,,,,
Tgu-Mir-204-P2,tgu-mir-204-1,MIR-204,UCCCUUU,MIMAT0014570,None,Z,12463928,12463987,-,Gnathostomata,Vertebrata,No,1,,1,,,,,,,,
Tgu-Mir-204-P4,tgu-mir-204-3,MIR-204,UCCCUUU,MIMAT0014570,None,28,4412657,4412714,#ERROR!,Gnathostomata,Vertebrata,Unknown,1,,1,,,,,,,,
Tgu-Mir-205-P2,tgu-mir-205,MIR-205,CCUUCAU,MIMAT0014616,None,Tgu-Mir-205-P2_pre_1A:622247-622389,43,101,-,Gnathostomata,Vertebrata,Unknown,,,1,,,,,,,,
Tgu-Mir-205-P4,None,MIR-205,CCUUCAU,None,None,26,773136,773193,-,Gnathostomata,Vertebrata,No,,,,,,,,,,,
Tgu-Mir-210,None,MIR-210,UGUGCGU,None,None,5,17364921,17364981,#ERROR!,Bilateria,Bilateria,No,,,,,,,,,,,
Tgu-Mir-214-v1,tgu-mir-214,MIR-214,CAGCAGG,MIMAT0027021,MIMAT0014603,8,31108394,31108456,-,Gnathostomata,Gnathostomata,No,,,,,,,,,,,
Tgu-Mir-214-v2,tgu-mir-214,MIR-214,ACAGCAG,MIMAT0027021,MIMAT0014603,8,31108394,31108456,-,Gnathostomata,Gnathostomata,No,,,,,,,,,,,
Tgu-Mir-216-P2a,tgu-mir-216b,MIR-216,AAUCUCU,MIMAT0014593,MIMAT0027018,3,86155263,86155324,-,Vertebrata,Bilateria,No,,1,,,,,,,,,
Tgu-Mir-216-P2b,tgu-mir-216a,MIR-216,AAUCUCA,MIMAT0014576,MIMAT0027008,3,86150167,86150227,-,Vertebrata,Bilateria,Yes,,,,,,,,,,,
Tgu-Mir-217-v1,tgu-mir-217,MIR-217,ACUGCAU,MIMAT0014579,MIMAT0027010,3,86148044,86148102,-,Chordata,Chordata,No,,,1,,,,,,,,
Tgu-Mir-217-v2,tgu-mir-217,MIR-217,UACUGCA,MIMAT0014579,MIMAT0027010,3,86148043,86148103,-,Chordata,Chordata,No,,,1,,,,,,,,
Tgu-Mir-218-P2,tgu-mir-218-1,MIR-218,UGUGCUU,MIMAT0014522,MIMAT0026984,4,17124768,17124831,#ERROR!,Gnathostomata,Vertebrata,Unknown,,,1,,,,,,,,
Tgu-Mir-218-P4,tgu-mir-218-2,MIR-218,UGUGCUU,MIMAT0014522,None,13,5379572,5379635,-,Gnathostomata,Vertebrata,Unknown,,,1,,,,,,,,
Tgu-Mir-219-P2,tgu-mir-219b,MIR-219,GAUUGUC,None,MIMAT0014464,17,5804932,5804998,#ERROR!,Gnathostomata,Bilateria,No,,,1,,,,,,,,
Tgu-Mir-221-P1a,tgu-mir-222-1,MIR-221,GCUACAU,MIMAT0026978,MIMAT0014514,1,107894443,107894505,-,Gnathostomata,Vertebrata,No,,1,1,,,,,,,,
Tgu-Mir-221-P2a,tgu-mir-221,MIR-221,GCUACAU,MIMAT0026976,MIMAT0014512,1,107893928,107893990,-,Gnathostomata,Vertebrata,No,,1,,,,,,,,,
Tgu-Mir-223,tgu-mir-223,MIR-223,GUCAGUU,None,MIMAT0014599,4A,6202631,6202694,-,Vertebrata,Vertebrata,No,,,1,,,,,,,,
Tgu-Mir-338-P1,tgu-mir-338,MIR-338,CCAGCAU,MIMAT0017389,MIMAT0014542,14,1435957,1436016,#ERROR!,Vertebrata,Vertebrata,No,1,,1,,,,,,,,
Tgu-Mir-338-P2,None,MIR-338,ACAAUAU,None,None,18,1498115,1498175,#ERROR!,Vertebrata,Vertebrata,No,1,,1,,,,,,,,
Tgu-Mir-338-P2-as,None,MIR-338,CAGCACC,None,None,18,1498111,1498175,-,Amniota,Vertebrata,No,,,,,,,,,,,
Tgu-Mir-375,tgu-mir-375,MIR-375,UUGUUCG,None,MIMAT0014572,7,10147335,10147392,-,Bilateria,Bilateria,No,,,1,,,,,,,,
Tgu-Mir-383-v1,tgu-mir-383,MIR-383,GAUCAGA,MIMAT0014531,MIMAT0026989,4,28763730,28763791,-,Tetrapoda,Tetrapoda,No,,,,,,,,,,,
Tgu-Mir-383-v2,tgu-mir-383,MIR-383,AGAUCAG,MIMAT0014531,MIMAT0026989,4,28763729,28763792,-,Tetrapoda,Tetrapoda,No,,,,,,,,,,,
Tgu-Mir-425,tgu-mir-425,MIR-425,AUGACAC,MIMAT0014470,MIMAT0014471,12,8756804,8756866,-,Gnathostomata,Gnathostomata,No,,,1,,,,,,,,
Tgu-Mir-430-P1,None,MIR-430,AAGUGCU,None,None,4,66548154,66548214,#ERROR!,Gnathostomata,Vertebrata,Unknown,1,1,,,,,,,,,
Tgu-Mir-430-P2,None,MIR-430,AAGUGCU,None,None,4,66548390,66548446,#ERROR!,Gnathostomata,Vertebrata,Unknown,,,,,,,,,,,
Tgu-Mir-430-P3,None,MIR-430,AAGUGCU,None,None,4,66548557,66548616,#ERROR!,Gnathostomata,Vertebrata,Unknown,,,1,,,,,,,,
Tgu-Mir-430-P4,None,MIR-430,AAGUGCU,None,None,4,66548727,66548786,#ERROR!,Gnathostomata,Vertebrata,Unknown,,,,,,,,,,,
Tgu-Mir-451,tgu-mir-451,MIR-451,AACCGUU,MIMAT0014533,,19,4217241,4217282,#ERROR!,Vertebrata,Vertebrata,NA,,,1,,,,,,,,
Tgu-Mir-455,tgu-mir-455,MIR-455,AUGUGCC,MIMAT0014655,MIMAT0014610,17,5531296,5531353,#ERROR!,Vertebrata,Vertebrata,No,,,,,,,,,,,
Tgu-Mir-456,tgu-mir-456,MIR-456,AGGCUGG,MIMAT0026964,MIMAT0014469,3,79764295,79764355,#ERROR!,Vertebrata,Vertebrata,Yes,1,1,,,,,,,,,
Tgu-Mir-458,tgu-mir-458,MIR-458,UAGCUCU,MIMAT0026962,MIMAT0014466,13,16941156,16941213,#ERROR!,Osteichthyes,Osteichthyes,No,,,1,,,,,,,,
Tgu-Mir-460-P1,tgu-mir-460a,MIR-460,CUGCAUU,MIMAT0014614,MIMAT0014658,2,1265309,1265366,-,Osteichthyes,Osteichthyes,No,,1,1,,,,,,,,
Tgu-Mir-460-P2,tgu-mir-460b,MIR-460,CCUCAUU,MIMAT0014476,MIMAT0014624,4A,19418272,19418328,#ERROR!,Osteichthyes,Osteichthyes,No,,,1,,,,,,,,
Tgu-Mir-489-v1,tgu-mir-489,MIR-489,UGACAUC,MIMAT0027024,MIMAT0014618,2,24306046,24306105,-,Osteichthyes,Osteichthyes,No,,,1,,,,,,,,
Tgu-Mir-489-v2,tgu-mir-489,MIR-489,GACAUCA,MIMAT0027024,MIMAT0014618,2,24306045,24306106,-,Osteichthyes,Osteichthyes,No,,,1,,,,,,,,
Tgu-Mir-490,tgu-mir-490-1,MIR-490,AACCUGG,MIMAT0026996,MIMAT0014548,1A,55597485,55597547,#ERROR!,Amniota,Amniota,No,,,1,,,,,,,,
Tgu-Mir-499,tgu-mir-499,MIR-499,UAAGACU,MIMAT0025396,MIMAT0027340,20,2988442,2988501,-,Vertebrata,Vertebrata,No,1,,,,,,,,,,
Tgu-Mir-551-P2,None,MIR-551,CGACCCA,None,None,9,22241121,22241181,-,Vertebrata,Vertebrata,Yes,,,1,,,,,,,,
Tgu-Mir-599,None,MIR-599,UGUGUCA,None,None,2,130011475,130011534,-,Sarcopterygii,Sarcopterygii,Unknown,,,,,,,,,,,
Tgu-Mir-726,None,MIR-726,UCACUAC,None,None,RRCB01000041.1,626298,626356,-,Osteichthyes,Osteichthyes,Yes,,,,,,,,,,,
Tgu-Mir-1306,None,MIR-1306,CACCUCC,None,None,15,7174840,7174900,#ERROR!,Gnathostomata,Gnathostomata,Yes,,1,1,,,,,,,,
Tgu-Mir-1329-v1,tgu-mir-1329,MIR-1329,ACAGUGA,MIMAT0014449,MIMAT0026956,3,15194064,15194124,-,Vertebrata,Vertebrata,No,,,1,,,,,,,,
Tgu-Mir-1329-v2,tgu-mir-1329,MIR-1329,CAGUGAU,MIMAT0014449,MIMAT0026956,3,15194065,15194123,-,Vertebrata,Vertebrata,No,,,1,,,,,,,,
Tgu-Mir-1388,tgu-mir-1388,MIR-1388,GGACUGU,MIMAT0027019,MIMAT0014594,20,8204279,8204340,-,Gnathostomata,Gnathostomata,No,1,1,,,,,,,,,
Tgu-Mir-1397,tgu-mir-1397,MIR-1397,GCAUUGC,MIMAT0025397,MIMAT0027341,1,92314174,92314231,-,Amniota,Amniota,No,1,,,,,,,,,,
Tgu-Mir-1416,None,MIR-1416,CCUUAAC,None,None,Z,12198647,12198705,#ERROR!,Amniota,Amniota,No,,,1,,,,,,,,
Tgu-Mir-1451,tgu-mir-1451,MIR-1451,CGCACAG,MIMAT0014451,MIMAT0026958,3,36306128,36306186,-,Neognathae,Neognathae,No,,,1,,,,,,,,
Tgu-Mir-1467,tgu-mir-1467-1,MIR-1467,UCACACC,MIMAT0025399,MIMAT0027342,2,137325683,137325747,-,Neognathae,Neognathae,No,,,1,,,,,,,,
Tgu-Mir-1552,None,MIR-1552,GCUAGCU,None,None,Tgu-Mir-1552_pre_1:30042988-30043131,44,101,-,Neognathae,Neognathae,No,,,,,,,,,,,
Tgu-Mir-1559,tgu-mir-1559,MIR-1559,UCGAUGC,None,MIMAT0014526,7,26224204,26224263,-,Neognathae,Neognathae,Unknown,,,1,,,,,,,,
Tgu-Mir-1641,tgu-mir-1641,MIR-1641,GAGGAUU,MIMAT0025400,None,3,90035665,90035723,#ERROR!,Archosauria,Archosauria,Unknown,1,,,,,,,,,,
Tgu-Mir-1662,tgu-mir-1662,MIR-1662,UGACAUC,MIMAT0014459,None,2,3143419,3143476,-,Tetrapoda,Tetrapoda,Unknown,1,,,,,,,,,,
Tgu-Mir-1677-P1,tgu-mir-1677,MIR-1677,UGACUUC,MIMAT0014452,MIMAT0026959,3,38376375,38376431,-,Archelosauria,Diapsida,No,1,,,,,,,,,,
Tgu-Mir-1677-P2,None,MIR-1677,CUUUAAU,None,None,8,13816352,13816413,-,Archelosauria,Diapsida,Unknown,1,1,,,,,,,,,
Tgu-Mir-1677-P4,tgu-mir-1784,MIR-1677,GACUUAA,MIMAT0026960,MIMAT0014457,3,82428447,82428504,#ERROR!,Archelosauria,Diapsida,No,,,,,,,,,,,
Tgu-Mir-1677-P5,tgu-mir-1803,MIR-1677,UUGACUU,MIMAT0026965,MIMAT0014472,2,94474915,94474969,#ERROR!,Neognathae,Diapsida,No,,,,,,,,,,,
Tgu-Mir-1677-P6,None,MIR-1677,UGACUUA,None,None,2,85363381,85363438,#ERROR!,Neognathae,Diapsida,No,,,,,,,,,,,
Tgu-Mir-1720,None,MIR-1720,AAGCAAC,None,None,10,13788705,13788765,-,Diapsida,Diapsida,No,,,,,,,,,,,
Tgu-Mir-1729,tgu-mir-1729,MIR-1729,UCCCUUA,MIMAT0014467,MIMAT0026963,15,6583448,6583510,#ERROR!,Neognathae,Neognathae,No,,,,,,,,,,,
Tgu-Mir-1781,tgu-mir-1781,MIR-1781,UUUAAAU,None,MIMAT0025406,14,3993241,3993300,-,Neognathae,Neognathae,No,,,,,,,,,,,
Tgu-Mir-1788,tgu-mir-1788,MIR-1788,AGGCAGC,MIMAT0025407,None,7,10133597,10133655,-,Vertebrata,Vertebrata,Unknown,,,1,,,,,,,,
Tgu-Mir-1805,tgu-mir-1805,MIR-1805,GUAUUGG,MIMAT0014620,MIMAT0014453,1,81902953,81903013,-,Tetrapoda,Tetrapoda,No,1,,,,,,,,,,
Tgu-Mir-2131,tgu-mir-2131,MIR-2131,UGCAGAA,MIMAT0025410,None,Z,39830270,39830334,-,Neognathae,Neognathae,Unknown,,,,,,,,,,,
Tgu-Mir-2188,tgu-mir-2188,MIR-2188,AGGUCCA,MIMAT0014480,MIMAT0026967,22,177671,177730,#ERROR!,Gnathostomata,Gnathostomata,No,,,,,,,,,,,
Tgu-Mir-2954,tgu-mir-2954,MIR-2954,AUCCCCA,MIMAT0014623,MIMAT0014474,Z,39812452,39812511,#ERROR!,Neognathae,Neognathae,Yes,,,1,,,,,,,,
Tgu-Mir-2958,tgu-mir-2958,MIR-2958,GCUGGUG,MIMAT0014456,None,21,3490993,3491053,#ERROR!,T. guttata,T. guttata,No,1,,,,,,,,,,
Tgu-Mir-2962,tgu-mir-2962,MIR-2962,CAUCCCC,MIMAT0014462,MIMAT0014621,17,6697965,6698023,#ERROR!,T. guttata,T. guttata,No,,,1,,,,,,,,
Tgu-Mir-2965,tgu-mir-2965,MIR-2965,AGGACUG,None,MIMAT0014468,Tgu-Mir-2965_pre_7:10597576-10597715,40,101,-,T. guttata,T. guttata,No,1,,,,,,,,,,
Tgu-Mir-2970,tgu-mir-2970,MIR-2970,ACAGUCA,MIMAT0014479,MIMAT0026966,12,8756561,8756619,-,Sarcopterygii,Sarcopterygii,No,,1,1,,,,,,,,
Tgu-Mir-2984,tgu-mir-2984,MIR-2984,GCCUGCU,MIMAT0014494,MIMAT0026970,1,75112556,75112622,#ERROR!,Neognathae,Neognathae,No,1,,,,,,,,,,
Tgu-Mir-2987,tgu-mir-2987,MIR-2987,GAGCAAG,MIMAT0026971,MIMAT0014497,12,19651218,19651275,-,T. guttata,T. guttata,No,,,,,,,,,,,
Tgu-Mir-2997,tgu-mir-2997,MIR-2997,AGGAGCU,MIMAT0014653,MIMAT0014604,20,6160929,6160990,#ERROR!,T. guttata,T. guttata,No,,,1,,,,,,,,
Tgu-Mir-7463,None,MIR-7463,UUACUUU,None,None,3,86792314,86792375,#ERROR!,Diapsida,Diapsida,Unknown,1,,,,,,,,,,
Tgu-Mir-7643,tgu-mir-7643,MIR-7643,UGACUGA,MIMAT0029786,MIMAT0029787,1,21126216,21126275,-,T. guttata,T. guttata,No,1,,1,,,,,,,,
Tgu-Mir-9619,None,MIR-9619,AUUCCUU,None,None,Tgu-Mir-9619_pre_NC_045007.1:20661207-20661351,45,101,-,Neoaves,Neoaves,No,1,,,,,,,,,,